2026-09-26T04:35:01.179+00:00 [RP2040_2_layer_PCB/render-otb68j_d] Started 72 frames at 900x640; scratch=/tmp/autocuro-spin/RP2040_2_layer_PCB/render-otb68j_d
2026-09-26T04:35:01.193+00:00 [RP2040_2_layer_PCB/render-otb68j_d] Model unavailable, keeping reference: ${KIPRJMOD}/usb.step
2026-09-26T04:35:01.209+00:00 [RP2040_2_layer_PCB/render-otb68j_d] Staged board locally; copied 0 external model(s)
2026-09-26T04:35:01.209+00:00 [RP2040_2_layer_PCB/render-otb68j_d] Input staging took 0.030s
2026-09-26T04:35:01.209+00:00 [RP2040_2_layer_PCB/render-otb68j_d] Frame 1/72 started; angle=0
2026-09-26T04:35:03.067+00:00 [RP2040_2_layer_PCB/render-otb68j_d] Frame 1 stdout: Loading…
Build board outline

Create layers
Create tracks and vias
Create zones
Build Tech layers
Build Tech layer 11
Build Tech layer 9
Build Tech layer 15
Build Tech layer 13
Build Tech layer 7
Build Tech layer 5
Build Tech layer 3
Build Tech layer 1
Build Tech layer 17
Build Tech layer 19
Build Tech layer 21
Build Tech layer 23
Build Tech layer 39
Build Tech layer 41
Build Tech layer 43
Build Tech layer 45
Build Tech layer 47
Build Tech layer 49
Build Tech layer 51
Build Tech layer 53
Build Tech layer 55
Build Tech layer 57
Build Tech layer 59
Build Tech layer 61
Build Tech layer 63
Build Tech layer 65
Build Tech layer 67
Build Tech layer 69
Build Tech layer 71
Build Tech layer 73
Build Tech layer 75
Build Tech layer 77
Build Tech layer 79
Build Tech layer 81
Build Tech layer 83
Build Tech layer 85
Build Tech layer 87
Build Tech layer 89
Build Tech layer 91
Build Tech layer 93
Build Tech layer 95
Build Tech layer 97
Build Tech layer 99
Build Tech layer 101
Build Tech layer 103
Build Tech layer 105
Build Tech layer 107
Build Tech layer 109
Build Tech layer 111
Build Tech layer 113
Build Tech layer 115
Build Tech layer 117
Build Tech layer 119
Build Tech layer 121
Build Tech layer 123
Build Tech layer 125
Build Tech layer 127
Simplifying copper layer polygons
Calculating plated copper
Simplify holes contours
Build BVH for holes and vias
Load Raytracing: board
Load Raytracing: layers
Loading 3D models...
Reload time 1.027 s
Rendering: 100 %
Rendering time 0.162 s
Successfully created 3D render image
2026-09-26T04:35:03.077+00:00 [RP2040_2_layer_PCB/render-otb68j_d] Frame 1/72 finished in 1.868s
2026-09-26T04:35:03.077+00:00 [RP2040_2_layer_PCB/render-otb68j_d] Frame 2/72 started; angle=5
2026-09-26T04:35:04.087+00:00 [RP2040_2_layer_PCB/render-otb68j_d] Frame 2 stdout: Loading…
Build board outline

Create layers
Create tracks and vias
Create zones
Build Tech layers
Build Tech layer 11
Build Tech layer 9
Build Tech layer 15
Build Tech layer 13
Build Tech layer 7
Build Tech layer 5
Build Tech layer 3
Build Tech layer 1
Build Tech layer 17
Build Tech layer 19
Build Tech layer 21
Build Tech layer 23
Build Tech layer 39
Build Tech layer 41
Build Tech layer 43
Build Tech layer 45
Build Tech layer 47
Build Tech layer 49
Build Tech layer 51
Build Tech layer 53
Build Tech layer 55
Build Tech layer 57
Build Tech layer 59
Build Tech layer 61
Build Tech layer 63
Build Tech layer 65
Build Tech layer 67
Build Tech layer 69
Build Tech layer 71
Build Tech layer 73
Build Tech layer 75
Build Tech layer 77
Build Tech layer 79
Build Tech layer 81
Build Tech layer 83
Build Tech layer 85
Build Tech layer 87
Build Tech layer 89
Build Tech layer 91
Build Tech layer 93
Build Tech layer 95
Build Tech layer 97
Build Tech layer 99
Build Tech layer 101
Build Tech layer 103
Build Tech layer 105
Build Tech layer 107
Build Tech layer 109
Build Tech layer 111
Build Tech layer 113
Build Tech layer 115
Build Tech layer 117
Build Tech layer 119
Build Tech layer 121
Build Tech layer 123
Build Tech layer 125
Build Tech layer 127
Simplifying copper layer polygons
Calculating plated copper
Simplify holes contours
Build BVH for holes and vias
Load Raytracing: board
Load Raytracing: layers
Loading 3D models...
Reload time 0.304 s
Rendering: 100 %
Rendering time 0.187 s
Successfully created 3D render image
2026-09-26T04:35:04.096+00:00 [RP2040_2_layer_PCB/render-otb68j_d] Frame 2/72 finished in 1.019s
2026-09-26T04:35:04.096+00:00 [RP2040_2_layer_PCB/render-otb68j_d] Frame 3/72 started; angle=10
2026-09-26T04:35:05.127+00:00 [RP2040_2_layer_PCB/render-otb68j_d] Frame 3 stdout: Loading…
Build board outline

Create layers
Create tracks and vias
Create zones
Build Tech layers
Build Tech layer 11
Build Tech layer 9
Build Tech layer 15
Build Tech layer 13
Build Tech layer 7
Build Tech layer 5
Build Tech layer 3
Build Tech layer 1
Build Tech layer 17
Build Tech layer 19
Build Tech layer 21
Build Tech layer 23
Build Tech layer 39
Build Tech layer 41
Build Tech layer 43
Build Tech layer 45
Build Tech layer 47
Build Tech layer 49
Build Tech layer 51
Build Tech layer 53
Build Tech layer 55
Build Tech layer 57
Build Tech layer 59
Build Tech layer 61
Build Tech layer 63
Build Tech layer 65
Build Tech layer 67
Build Tech layer 69
Build Tech layer 71
Build Tech layer 73
Build Tech layer 75
Build Tech layer 77
Build Tech layer 79
Build Tech layer 81
Build Tech layer 83
Build Tech layer 85
Build Tech layer 87
Build Tech layer 89
Build Tech layer 91
Build Tech layer 93
Build Tech layer 95
Build Tech layer 97
Build Tech layer 99
Build Tech layer 101
Build Tech layer 103
Build Tech layer 105
Build Tech layer 107
Build Tech layer 109
Build Tech layer 111
Build Tech layer 113
Build Tech layer 115
Build Tech layer 117
Build Tech layer 119
Build Tech layer 121
Build Tech layer 123
Build Tech layer 125
Build Tech layer 127
Simplifying copper layer polygons
Calculating plated copper
Simplify holes contours
Build BVH for holes and vias
Load Raytracing: board
Load Raytracing: layers
Loading 3D models...
Reload time 0.295 s
Rendering: 100 %
Rendering time 0.169 s
Successfully created 3D render image
2026-09-26T04:35:05.137+00:00 [RP2040_2_layer_PCB/render-otb68j_d] Frame 3/72 finished in 1.041s
2026-09-26T04:35:05.137+00:00 [RP2040_2_layer_PCB/render-otb68j_d] Frame 4/72 started; angle=15
2026-09-26T04:35:06.142+00:00 [RP2040_2_layer_PCB/render-otb68j_d] Frame 4 stdout: Loading…
Build board outline

Create layers
Create tracks and vias
Create zones
Build Tech layers
Build Tech layer 11
Build Tech layer 9
Build Tech layer 15
Build Tech layer 13
Build Tech layer 7
Build Tech layer 5
Build Tech layer 3
Build Tech layer 1
Build Tech layer 17
Build Tech layer 19
Build Tech layer 21
Build Tech layer 23
Build Tech layer 39
Build Tech layer 41
Build Tech layer 43
Build Tech layer 45
Build Tech layer 47
Build Tech layer 49
Build Tech layer 51
Build Tech layer 53
Build Tech layer 55
Build Tech layer 57
Build Tech layer 59
Build Tech layer 61
Build Tech layer 63
Build Tech layer 65
Build Tech layer 67
Build Tech layer 69
Build Tech layer 71
Build Tech layer 73
Build Tech layer 75
Build Tech layer 77
Build Tech layer 79
Build Tech layer 81
Build Tech layer 83
Build Tech layer 85
Build Tech layer 87
Build Tech layer 89
Build Tech layer 91
Build Tech layer 93
Build Tech layer 95
Build Tech layer 97
Build Tech layer 99
Build Tech layer 101
Build Tech layer 103
Build Tech layer 105
Build Tech layer 107
Build Tech layer 109
Build Tech layer 111
Build Tech layer 113
Build Tech layer 115
Build Tech layer 117
Build Tech layer 119
Build Tech layer 121
Build Tech layer 123
Build Tech layer 125
Build Tech layer 127
Simplifying copper layer polygons
Calculating plated copper
Simplify holes contours
Build BVH for holes and vias
Load Raytracing: board
Load Raytracing: layers
Loading 3D models...
Reload time 0.218 s
Rendering: 100 %
Rendering time 0.144 s
Successfully created 3D render image
2026-09-26T04:35:06.153+00:00 [RP2040_2_layer_PCB/render-otb68j_d] Frame 4/72 finished in 1.018s
2026-09-26T04:35:06.153+00:00 [RP2040_2_layer_PCB/render-otb68j_d] Frame 5/72 started; angle=20
2026-09-26T04:35:07.247+00:00 [RP2040_2_layer_PCB/render-otb68j_d] Frame 5 stdout: Loading…
Build board outline

Create layers
Create tracks and vias
Create zones
Build Tech layers
Build Tech layer 11
Build Tech layer 9
Build Tech layer 15
Build Tech layer 13
Build Tech layer 7
Build Tech layer 5
Build Tech layer 3
Build Tech layer 1
Build Tech layer 17
Build Tech layer 19
Build Tech layer 21
Build Tech layer 23
Build Tech layer 39
Build Tech layer 41
Build Tech layer 43
Build Tech layer 45
Build Tech layer 47
Build Tech layer 49
Build Tech layer 51
Build Tech layer 53
Build Tech layer 55
Build Tech layer 57
Build Tech layer 59
Build Tech layer 61
Build Tech layer 63
Build Tech layer 65
Build Tech layer 67
Build Tech layer 69
Build Tech layer 71
Build Tech layer 73
Build Tech layer 75
Build Tech layer 77
Build Tech layer 79
Build Tech layer 81
Build Tech layer 83
Build Tech layer 85
Build Tech layer 87
Build Tech layer 89
Build Tech layer 91
Build Tech layer 93
Build Tech layer 95
Build Tech layer 97
Build Tech layer 99
Build Tech layer 101
Build Tech layer 103
Build Tech layer 105
Build Tech layer 107
Build Tech layer 109
Build Tech layer 111
Build Tech layer 113
Build Tech layer 115
Build Tech layer 117
Build Tech layer 119
Build Tech layer 121
Build Tech layer 123
Build Tech layer 125
Build Tech layer 127
Simplifying copper layer polygons
Calculating plated copper
Simplify holes contours
Build BVH for holes and vias
Load Raytracing: board
Load Raytracing: layers
Loading 3D models...
Reload time 0.233 s
Rendering: 100 %
Rendering time 0.140 s
Successfully created 3D render image
2026-09-26T04:35:07.266+00:00 [RP2040_2_layer_PCB/render-otb68j_d] Frame 5/72 finished in 1.113s
2026-09-26T04:35:07.266+00:00 [RP2040_2_layer_PCB/render-otb68j_d] Frame 6/72 started; angle=25
2026-09-26T04:35:08.399+00:00 [RP2040_2_layer_PCB/render-otb68j_d] Frame 6 stdout: Loading…
Build board outline

Create layers
Create tracks and vias
Create zones
Build Tech layers
Build Tech layer 11
Build Tech layer 9
Build Tech layer 15
Build Tech layer 13
Build Tech layer 7
Build Tech layer 5
Build Tech layer 3
Build Tech layer 1
Build Tech layer 17
Build Tech layer 19
Build Tech layer 21
Build Tech layer 23
Build Tech layer 39
Build Tech layer 41
Build Tech layer 43
Build Tech layer 45
Build Tech layer 47
Build Tech layer 49
Build Tech layer 51
Build Tech layer 53
Build Tech layer 55
Build Tech layer 57
Build Tech layer 59
Build Tech layer 61
Build Tech layer 63
Build Tech layer 65
Build Tech layer 67
Build Tech layer 69
Build Tech layer 71
Build Tech layer 73
Build Tech layer 75
Build Tech layer 77
Build Tech layer 79
Build Tech layer 81
Build Tech layer 83
Build Tech layer 85
Build Tech layer 87
Build Tech layer 89
Build Tech layer 91
Build Tech layer 93
Build Tech layer 95
Build Tech layer 97
Build Tech layer 99
Build Tech layer 101
Build Tech layer 103
Build Tech layer 105
Build Tech layer 107
Build Tech layer 109
Build Tech layer 111
Build Tech layer 113
Build Tech layer 115
Build Tech layer 117
Build Tech layer 119
Build Tech layer 121
Build Tech layer 123
Build Tech layer 125
Build Tech layer 127
Simplifying copper layer polygons
Calculating plated copper
Simplify holes contours
Build BVH for holes and vias
Load Raytracing: board
Load Raytracing: layers
Loading 3D models...
Reload time 0.222 s
Rendering: 100 %
Rendering time 0.185 s
Successfully created 3D render image
2026-09-26T04:35:08.422+00:00 [RP2040_2_layer_PCB/render-otb68j_d] Frame 6/72 finished in 1.156s
2026-09-26T04:35:08.422+00:00 [RP2040_2_layer_PCB/render-otb68j_d] Frame 7/72 started; angle=30
2026-09-26T04:35:09.530+00:00 [RP2040_2_layer_PCB/render-otb68j_d] Frame 7 stdout: Loading…
Build board outline

Create layers
Create tracks and vias
Create zones
Build Tech layers
Build Tech layer 11
Build Tech layer 9
Build Tech layer 15
Build Tech layer 13
Build Tech layer 7
Build Tech layer 5
Build Tech layer 3
Build Tech layer 1
Build Tech layer 17
Build Tech layer 19
Build Tech layer 21
Build Tech layer 23
Build Tech layer 39
Build Tech layer 41
Build Tech layer 43
Build Tech layer 45
Build Tech layer 47
Build Tech layer 49
Build Tech layer 51
Build Tech layer 53
Build Tech layer 55
Build Tech layer 57
Build Tech layer 59
Build Tech layer 61
Build Tech layer 63
Build Tech layer 65
Build Tech layer 67
Build Tech layer 69
Build Tech layer 71
Build Tech layer 73
Build Tech layer 75
Build Tech layer 77
Build Tech layer 79
Build Tech layer 81
Build Tech layer 83
Build Tech layer 85
Build Tech layer 87
Build Tech layer 89
Build Tech layer 91
Build Tech layer 93
Build Tech layer 95
Build Tech layer 97
Build Tech layer 99
Build Tech layer 101
Build Tech layer 103
Build Tech layer 105
Build Tech layer 107
Build Tech layer 109
Build Tech layer 111
Build Tech layer 113
Build Tech layer 115
Build Tech layer 117
Build Tech layer 119
Build Tech layer 121
Build Tech layer 123
Build Tech layer 125
Build Tech layer 127
Simplifying copper layer polygons
Calculating plated copper
Simplify holes contours
Build BVH for holes and vias
Load Raytracing: board
Load Raytracing: layers
Loading 3D models...
Reload time 0.249 s
Rendering: 100 %
Rendering time 0.178 s
Successfully created 3D render image
2026-09-26T04:35:09.553+00:00 [RP2040_2_layer_PCB/render-otb68j_d] Frame 7/72 finished in 1.131s
2026-09-26T04:35:09.553+00:00 [RP2040_2_layer_PCB/render-otb68j_d] Frame 8/72 started; angle=35
2026-09-26T04:35:10.653+00:00 [RP2040_2_layer_PCB/render-otb68j_d] Frame 8 stdout: Loading…
Build board outline

Create layers
Create tracks and vias
Create zones
Build Tech layers
Build Tech layer 11
Build Tech layer 9
Build Tech layer 15
Build Tech layer 13
Build Tech layer 7
Build Tech layer 5
Build Tech layer 3
Build Tech layer 1
Build Tech layer 17
Build Tech layer 19
Build Tech layer 21
Build Tech layer 23
Build Tech layer 39
Build Tech layer 41
Build Tech layer 43
Build Tech layer 45
Build Tech layer 47
Build Tech layer 49
Build Tech layer 51
Build Tech layer 53
Build Tech layer 55
Build Tech layer 57
Build Tech layer 59
Build Tech layer 61
Build Tech layer 63
Build Tech layer 65
Build Tech layer 67
Build Tech layer 69
Build Tech layer 71
Build Tech layer 73
Build Tech layer 75
Build Tech layer 77
Build Tech layer 79
Build Tech layer 81
Build Tech layer 83
Build Tech layer 85
Build Tech layer 87
Build Tech layer 89
Build Tech layer 91
Build Tech layer 93
Build Tech layer 95
Build Tech layer 97
Build Tech layer 99
Build Tech layer 101
Build Tech layer 103
Build Tech layer 105
Build Tech layer 107
Build Tech layer 109
Build Tech layer 111
Build Tech layer 113
Build Tech layer 115
Build Tech layer 117
Build Tech layer 119
Build Tech layer 121
Build Tech layer 123
Build Tech layer 125
Build Tech layer 127
Simplifying copper layer polygons
Calculating plated copper
Simplify holes contours
Build BVH for holes and vias
Load Raytracing: board
Load Raytracing: layers
Loading 3D models...
Reload time 0.217 s
Rendering: 100 %
Rendering time 0.288 s
Successfully created 3D render image
2026-09-26T04:35:10.663+00:00 [RP2040_2_layer_PCB/render-otb68j_d] Frame 8/72 finished in 1.110s
2026-09-26T04:35:10.663+00:00 [RP2040_2_layer_PCB/render-otb68j_d] Frame 9/72 started; angle=40
2026-09-26T04:35:11.704+00:00 [RP2040_2_layer_PCB/render-otb68j_d] Frame 9 stdout: Loading…
Build board outline

Create layers
Create tracks and vias
Create zones
Build Tech layers
Build Tech layer 11
Build Tech layer 9
Build Tech layer 15
Build Tech layer 13
Build Tech layer 7
Build Tech layer 5
Build Tech layer 3
Build Tech layer 1
Build Tech layer 17
Build Tech layer 19
Build Tech layer 21
Build Tech layer 23
Build Tech layer 39
Build Tech layer 41
Build Tech layer 43
Build Tech layer 45
Build Tech layer 47
Build Tech layer 49
Build Tech layer 51
Build Tech layer 53
Build Tech layer 55
Build Tech layer 57
Build Tech layer 59
Build Tech layer 61
Build Tech layer 63
Build Tech layer 65
Build Tech layer 67
Build Tech layer 69
Build Tech layer 71
Build Tech layer 73
Build Tech layer 75
Build Tech layer 77
Build Tech layer 79
Build Tech layer 81
Build Tech layer 83
Build Tech layer 85
Build Tech layer 87
Build Tech layer 89
Build Tech layer 91
Build Tech layer 93
Build Tech layer 95
Build Tech layer 97
Build Tech layer 99
Build Tech layer 101
Build Tech layer 103
Build Tech layer 105
Build Tech layer 107
Build Tech layer 109
Build Tech layer 111
Build Tech layer 113
Build Tech layer 115
Build Tech layer 117
Build Tech layer 119
Build Tech layer 121
Build Tech layer 123
Build Tech layer 125
Build Tech layer 127
Simplifying copper layer polygons
Calculating plated copper
Simplify holes contours
Build BVH for holes and vias
Load Raytracing: board
Load Raytracing: layers
Loading 3D models...
Reload time 0.236 s
Rendering: 100 %
Rendering time 0.220 s
Successfully created 3D render image
2026-09-26T04:35:11.713+00:00 [RP2040_2_layer_PCB/render-otb68j_d] Frame 9/72 finished in 1.051s
2026-09-26T04:35:11.714+00:00 [RP2040_2_layer_PCB/render-otb68j_d] Frame 10/72 started; angle=45
2026-09-26T04:35:12.728+00:00 [RP2040_2_layer_PCB/render-otb68j_d] Frame 10 stdout: Loading…
Build board outline

Create layers
Create tracks and vias
Create zones
Build Tech layers
Build Tech layer 11
Build Tech layer 9
Build Tech layer 15
Build Tech layer 13
Build Tech layer 7
Build Tech layer 5
Build Tech layer 3
Build Tech layer 1
Build Tech layer 17
Build Tech layer 19
Build Tech layer 21
Build Tech layer 23
Build Tech layer 39
Build Tech layer 41
Build Tech layer 43
Build Tech layer 45
Build Tech layer 47
Build Tech layer 49
Build Tech layer 51
Build Tech layer 53
Build Tech layer 55
Build Tech layer 57
Build Tech layer 59
Build Tech layer 61
Build Tech layer 63
Build Tech layer 65
Build Tech layer 67
Build Tech layer 69
Build Tech layer 71
Build Tech layer 73
Build Tech layer 75
Build Tech layer 77
Build Tech layer 79
Build Tech layer 81
Build Tech layer 83
Build Tech layer 85
Build Tech layer 87
Build Tech layer 89
Build Tech layer 91
Build Tech layer 93
Build Tech layer 95
Build Tech layer 97
Build Tech layer 99
Build Tech layer 101
Build Tech layer 103
Build Tech layer 105
Build Tech layer 107
Build Tech layer 109
Build Tech layer 111
Build Tech layer 113
Build Tech layer 115
Build Tech layer 117
Build Tech layer 119
Build Tech layer 121
Build Tech layer 123
Build Tech layer 125
Build Tech layer 127
Simplifying copper layer polygons
Calculating plated copper
Simplify holes contours
Build BVH for holes and vias
Load Raytracing: board
Load Raytracing: layers
Loading 3D models...
Reload time 0.243 s
Rendering: 100 %
Rendering time 0.211 s
Successfully created 3D render image
2026-09-26T04:35:12.738+00:00 [RP2040_2_layer_PCB/render-otb68j_d] Frame 10/72 finished in 1.024s
2026-09-26T04:35:12.738+00:00 [RP2040_2_layer_PCB/render-otb68j_d] Frame 11/72 started; angle=50
2026-09-26T04:35:13.690+00:00 [RP2040_2_layer_PCB/render-otb68j_d] Frame 11 stdout: Loading…
Build board outline

Create layers
Create tracks and vias
Create zones
Build Tech layers
Build Tech layer 11
Build Tech layer 9
Build Tech layer 15
Build Tech layer 13
Build Tech layer 7
Build Tech layer 5
Build Tech layer 3
Build Tech layer 1
Build Tech layer 17
Build Tech layer 19
Build Tech layer 21
Build Tech layer 23
Build Tech layer 39
Build Tech layer 41
Build Tech layer 43
Build Tech layer 45
Build Tech layer 47
Build Tech layer 49
Build Tech layer 51
Build Tech layer 53
Build Tech layer 55
Build Tech layer 57
Build Tech layer 59
Build Tech layer 61
Build Tech layer 63
Build Tech layer 65
Build Tech layer 67
Build Tech layer 69
Build Tech layer 71
Build Tech layer 73
Build Tech layer 75
Build Tech layer 77
Build Tech layer 79
Build Tech layer 81
Build Tech layer 83
Build Tech layer 85
Build Tech layer 87
Build Tech layer 89
Build Tech layer 91
Build Tech layer 93
Build Tech layer 95
Build Tech layer 97
Build Tech layer 99
Build Tech layer 101
Build Tech layer 103
Build Tech layer 105
Build Tech layer 107
Build Tech layer 109
Build Tech layer 111
Build Tech layer 113
Build Tech layer 115
Build Tech layer 117
Build Tech layer 119
Build Tech layer 121
Build Tech layer 123
Build Tech layer 125
Build Tech layer 127
Simplifying copper layer polygons
Calculating plated copper
Simplify holes contours
Build BVH for holes and vias
Load Raytracing: board
Load Raytracing: layers
Loading 3D models...
Reload time 0.289 s
Rendering: 100 %
Rendering time 0.107 s
Successfully created 3D render image
2026-09-26T04:35:13.699+00:00 [RP2040_2_layer_PCB/render-otb68j_d] Frame 11/72 finished in 0.961s
2026-09-26T04:35:13.699+00:00 [RP2040_2_layer_PCB/render-otb68j_d] Frame 12/72 started; angle=55
2026-09-26T04:35:14.691+00:00 [RP2040_2_layer_PCB/render-otb68j_d] Frame 12 stdout: Loading…
Build board outline

Create layers
Create tracks and vias
Create zones
Build Tech layers
Build Tech layer 11
Build Tech layer 9
Build Tech layer 15
Build Tech layer 13
Build Tech layer 7
Build Tech layer 5
Build Tech layer 3
Build Tech layer 1
Build Tech layer 17
Build Tech layer 19
Build Tech layer 21
Build Tech layer 23
Build Tech layer 39
Build Tech layer 41
Build Tech layer 43
Build Tech layer 45
Build Tech layer 47
Build Tech layer 49
Build Tech layer 51
Build Tech layer 53
Build Tech layer 55
Build Tech layer 57
Build Tech layer 59
Build Tech layer 61
Build Tech layer 63
Build Tech layer 65
Build Tech layer 67
Build Tech layer 69
Build Tech layer 71
Build Tech layer 73
Build Tech layer 75
Build Tech layer 77
Build Tech layer 79
Build Tech layer 81
Build Tech layer 83
Build Tech layer 85
Build Tech layer 87
Build Tech layer 89
Build Tech layer 91
Build Tech layer 93
Build Tech layer 95
Build Tech layer 97
Build Tech layer 99
Build Tech layer 101
Build Tech layer 103
Build Tech layer 105
Build Tech layer 107
Build Tech layer 109
Build Tech layer 111
Build Tech layer 113
Build Tech layer 115
Build Tech layer 117
Build Tech layer 119
Build Tech layer 121
Build Tech layer 123
Build Tech layer 125
Build Tech layer 127
Simplifying copper layer polygons
Calculating plated copper
Simplify holes contours
Build BVH for holes and vias
Load Raytracing: board
Load Raytracing: layers
Loading 3D models...
Reload time 0.287 s
Rendering: 100 %
Rendering time 0.105 s
Successfully created 3D render image
2026-09-26T04:35:14.701+00:00 [RP2040_2_layer_PCB/render-otb68j_d] Frame 12/72 finished in 1.002s
2026-09-26T04:35:14.701+00:00 [RP2040_2_layer_PCB/render-otb68j_d] Frame 13/72 started; angle=60
2026-09-26T04:35:15.653+00:00 [RP2040_2_layer_PCB/render-otb68j_d] Frame 13 stdout: Loading…
Build board outline

Create layers
Create tracks and vias
Create zones
Build Tech layers
Build Tech layer 11
Build Tech layer 9
Build Tech layer 15
Build Tech layer 13
Build Tech layer 7
Build Tech layer 5
Build Tech layer 3
Build Tech layer 1
Build Tech layer 17
Build Tech layer 19
Build Tech layer 21
Build Tech layer 23
Build Tech layer 39
Build Tech layer 41
Build Tech layer 43
Build Tech layer 45
Build Tech layer 47
Build Tech layer 49
Build Tech layer 51
Build Tech layer 53
Build Tech layer 55
Build Tech layer 57
Build Tech layer 59
Build Tech layer 61
Build Tech layer 63
Build Tech layer 65
Build Tech layer 67
Build Tech layer 69
Build Tech layer 71
Build Tech layer 73
Build Tech layer 75
Build Tech layer 77
Build Tech layer 79
Build Tech layer 81
Build Tech layer 83
Build Tech layer 85
Build Tech layer 87
Build Tech layer 89
Build Tech layer 91
Build Tech layer 93
Build Tech layer 95
Build Tech layer 97
Build Tech layer 99
Build Tech layer 101
Build Tech layer 103
Build Tech layer 105
Build Tech layer 107
Build Tech layer 109
Build Tech layer 111
Build Tech layer 113
Build Tech layer 115
Build Tech layer 117
Build Tech layer 119
Build Tech layer 121
Build Tech layer 123
Build Tech layer 125
Build Tech layer 127
Simplifying copper layer polygons
Calculating plated copper
Simplify holes contours
Build BVH for holes and vias
Load Raytracing: board
Load Raytracing: layers
Loading 3D models...
Reload time 0.241 s
Rendering: 100 %
Rendering time 0.088 s
Successfully created 3D render image
2026-09-26T04:35:15.674+00:00 [RP2040_2_layer_PCB/render-otb68j_d] Frame 13/72 finished in 0.973s
2026-09-26T04:35:15.675+00:00 [RP2040_2_layer_PCB/render-otb68j_d] Frame 14/72 started; angle=65
2026-09-26T04:35:16.598+00:00 [RP2040_2_layer_PCB/render-otb68j_d] Frame 14 stdout: Loading…
Build board outline

Create layers
Create tracks and vias
Create zones
Build Tech layers
Build Tech layer 11
Build Tech layer 9
Build Tech layer 15
Build Tech layer 13
Build Tech layer 7
Build Tech layer 5
Build Tech layer 3
Build Tech layer 1
Build Tech layer 17
Build Tech layer 19
Build Tech layer 21
Build Tech layer 23
Build Tech layer 39
Build Tech layer 41
Build Tech layer 43
Build Tech layer 45
Build Tech layer 47
Build Tech layer 49
Build Tech layer 51
Build Tech layer 53
Build Tech layer 55
Build Tech layer 57
Build Tech layer 59
Build Tech layer 61
Build Tech layer 63
Build Tech layer 65
Build Tech layer 67
Build Tech layer 69
Build Tech layer 71
Build Tech layer 73
Build Tech layer 75
Build Tech layer 77
Build Tech layer 79
Build Tech layer 81
Build Tech layer 83
Build Tech layer 85
Build Tech layer 87
Build Tech layer 89
Build Tech layer 91
Build Tech layer 93
Build Tech layer 95
Build Tech layer 97
Build Tech layer 99
Build Tech layer 101
Build Tech layer 103
Build Tech layer 105
Build Tech layer 107
Build Tech layer 109
Build Tech layer 111
Build Tech layer 113
Build Tech layer 115
Build Tech layer 117
Build Tech layer 119
Build Tech layer 121
Build Tech layer 123
Build Tech layer 125
Build Tech layer 127
Simplifying copper layer polygons
Calculating plated copper
Simplify holes contours
Build BVH for holes and vias
Load Raytracing: board
Load Raytracing: layers
Loading 3D models...
Reload time 0.274 s
Rendering: 100 %
Rendering time 0.084 s
Successfully created 3D render image
2026-09-26T04:35:16.612+00:00 [RP2040_2_layer_PCB/render-otb68j_d] Frame 14/72 finished in 0.938s
2026-09-26T04:35:16.613+00:00 [RP2040_2_layer_PCB/render-otb68j_d] Frame 15/72 started; angle=70
2026-09-26T04:35:17.553+00:00 [RP2040_2_layer_PCB/render-otb68j_d] Frame 15 stdout: Loading…
Build board outline

Create layers
Create tracks and vias
Create zones
Build Tech layers
Build Tech layer 11
Build Tech layer 9
Build Tech layer 15
Build Tech layer 13
Build Tech layer 7
Build Tech layer 5
Build Tech layer 3
Build Tech layer 1
Build Tech layer 17
Build Tech layer 19
Build Tech layer 21
Build Tech layer 23
Build Tech layer 39
Build Tech layer 41
Build Tech layer 43
Build Tech layer 45
Build Tech layer 47
Build Tech layer 49
Build Tech layer 51
Build Tech layer 53
Build Tech layer 55
Build Tech layer 57
Build Tech layer 59
Build Tech layer 61
Build Tech layer 63
Build Tech layer 65
Build Tech layer 67
Build Tech layer 69
Build Tech layer 71
Build Tech layer 73
Build Tech layer 75
Build Tech layer 77
Build Tech layer 79
Build Tech layer 81
Build Tech layer 83
Build Tech layer 85
Build Tech layer 87
Build Tech layer 89
Build Tech layer 91
Build Tech layer 93
Build Tech layer 95
Build Tech layer 97
Build Tech layer 99
Build Tech layer 101
Build Tech layer 103
Build Tech layer 105
Build Tech layer 107
Build Tech layer 109
Build Tech layer 111
Build Tech layer 113
Build Tech layer 115
Build Tech layer 117
Build Tech layer 119
Build Tech layer 121
Build Tech layer 123
Build Tech layer 125
Build Tech layer 127
Simplifying copper layer polygons
Calculating plated copper
Simplify holes contours
Build BVH for holes and vias
Load Raytracing: board
Load Raytracing: layers
Loading 3D models...
Reload time 0.260 s
Rendering: 100 %
Rendering time 0.072 s
Successfully created 3D render image
2026-09-26T04:35:17.573+00:00 [RP2040_2_layer_PCB/render-otb68j_d] Frame 15/72 finished in 0.960s
2026-09-26T04:35:17.573+00:00 [RP2040_2_layer_PCB/render-otb68j_d] Frame 16/72 started; angle=75
2026-09-26T04:35:18.577+00:00 [RP2040_2_layer_PCB/render-otb68j_d] Frame 16 stdout: Loading…
Build board outline

Create layers
Create tracks and vias
Create zones
Build Tech layers
Build Tech layer 11
Build Tech layer 9
Build Tech layer 15
Build Tech layer 13
Build Tech layer 7
Build Tech layer 5
Build Tech layer 3
Build Tech layer 1
Build Tech layer 17
Build Tech layer 19
Build Tech layer 21
Build Tech layer 23
Build Tech layer 39
Build Tech layer 41
Build Tech layer 43
Build Tech layer 45
Build Tech layer 47
Build Tech layer 49
Build Tech layer 51
Build Tech layer 53
Build Tech layer 55
Build Tech layer 57
Build Tech layer 59
Build Tech layer 61
Build Tech layer 63
Build Tech layer 65
Build Tech layer 67
Build Tech layer 69
Build Tech layer 71
Build Tech layer 73
Build Tech layer 75
Build Tech layer 77
Build Tech layer 79
Build Tech layer 81
Build Tech layer 83
Build Tech layer 85
Build Tech layer 87
Build Tech layer 89
Build Tech layer 91
Build Tech layer 93
Build Tech layer 95
Build Tech layer 97
Build Tech layer 99
Build Tech layer 101
Build Tech layer 103
Build Tech layer 105
Build Tech layer 107
Build Tech layer 109
Build Tech layer 111
Build Tech layer 113
Build Tech layer 115
Build Tech layer 117
Build Tech layer 119
Build Tech layer 121
Build Tech layer 123
Build Tech layer 125
Build Tech layer 127
Simplifying copper layer polygons
Calculating plated copper
Simplify holes contours
Build BVH for holes and vias
Load Raytracing: board
Load Raytracing: layers
Loading 3D models...
Reload time 0.252 s
Rendering: 100 %
Rendering time 0.087 s
Successfully created 3D render image
2026-09-26T04:35:18.586+00:00 [RP2040_2_layer_PCB/render-otb68j_d] Frame 16/72 finished in 1.013s
2026-09-26T04:35:18.586+00:00 [RP2040_2_layer_PCB/render-otb68j_d] Frame 17/72 started; angle=80
2026-09-26T04:35:19.438+00:00 [RP2040_2_layer_PCB/render-otb68j_d] Frame 17 stdout: Loading…
Build board outline

Create layers
Create tracks and vias
Create zones
Build Tech layers
Build Tech layer 11
Build Tech layer 9
Build Tech layer 15
Build Tech layer 13
Build Tech layer 7
Build Tech layer 5
Build Tech layer 3
Build Tech layer 1
Build Tech layer 17
Build Tech layer 19
Build Tech layer 21
Build Tech layer 23
Build Tech layer 39
Build Tech layer 41
Build Tech layer 43
Build Tech layer 45
Build Tech layer 47
Build Tech layer 49
Build Tech layer 51
Build Tech layer 53
Build Tech layer 55
Build Tech layer 57
Build Tech layer 59
Build Tech layer 61
Build Tech layer 63
Build Tech layer 65
Build Tech layer 67
Build Tech layer 69
Build Tech layer 71
Build Tech layer 73
Build Tech layer 75
Build Tech layer 77
Build Tech layer 79
Build Tech layer 81
Build Tech layer 83
Build Tech layer 85
Build Tech layer 87
Build Tech layer 89
Build Tech layer 91
Build Tech layer 93
Build Tech layer 95
Build Tech layer 97
Build Tech layer 99
Build Tech layer 101
Build Tech layer 103
Build Tech layer 105
Build Tech layer 107
Build Tech layer 109
Build Tech layer 111
Build Tech layer 113
Build Tech layer 115
Build Tech layer 117
Build Tech layer 119
Build Tech layer 121
Build Tech layer 123
Build Tech layer 125
Build Tech layer 127
Simplifying copper layer polygons
Calculating plated copper
Simplify holes contours
Build BVH for holes and vias
Load Raytracing: board
Load Raytracing: layers
Loading 3D models...
Reload time 0.234 s
Rendering: 100 %
Rendering time 0.079 s
Successfully created 3D render image
2026-09-26T04:35:19.445+00:00 [RP2040_2_layer_PCB/render-otb68j_d] Frame 17/72 finished in 0.859s
2026-09-26T04:35:19.445+00:00 [RP2040_2_layer_PCB/render-otb68j_d] Frame 18/72 started; angle=85
2026-09-26T04:35:20.216+00:00 [RP2040_2_layer_PCB/render-otb68j_d] Frame 18 stdout: Loading…
Build board outline

Create layers
Create tracks and vias
Create zones
Build Tech layers
Build Tech layer 11
Build Tech layer 9
Build Tech layer 15
Build Tech layer 13
Build Tech layer 7
Build Tech layer 5
Build Tech layer 3
Build Tech layer 1
Build Tech layer 17
Build Tech layer 19
Build Tech layer 21
Build Tech layer 23
Build Tech layer 39
Build Tech layer 41
Build Tech layer 43
Build Tech layer 45
Build Tech layer 47
Build Tech layer 49
Build Tech layer 51
Build Tech layer 53
Build Tech layer 55
Build Tech layer 57
Build Tech layer 59
Build Tech layer 61
Build Tech layer 63
Build Tech layer 65
Build Tech layer 67
Build Tech layer 69
Build Tech layer 71
Build Tech layer 73
Build Tech layer 75
Build Tech layer 77
Build Tech layer 79
Build Tech layer 81
Build Tech layer 83
Build Tech layer 85
Build Tech layer 87
Build Tech layer 89
Build Tech layer 91
Build Tech layer 93
Build Tech layer 95
Build Tech layer 97
Build Tech layer 99
Build Tech layer 101
Build Tech layer 103
Build Tech layer 105
Build Tech layer 107
Build Tech layer 109
Build Tech layer 111
Build Tech layer 113
Build Tech layer 115
Build Tech layer 117
Build Tech layer 119
Build Tech layer 121
Build Tech layer 123
Build Tech layer 125
Build Tech layer 127
Simplifying copper layer polygons
Calculating plated copper
Simplify holes contours
Build BVH for holes and vias
Load Raytracing: board
Load Raytracing: layers
Loading 3D models...
Reload time 0.239 s
Rendering: 100 %
Rendering time 0.058 s
Successfully created 3D render image
2026-09-26T04:35:20.226+00:00 [RP2040_2_layer_PCB/render-otb68j_d] Frame 18/72 finished in 0.781s
2026-09-26T04:35:20.226+00:00 [RP2040_2_layer_PCB/render-otb68j_d] Frame 19/72 started; angle=90
2026-09-26T04:35:21.022+00:00 [RP2040_2_layer_PCB/render-otb68j_d] Frame 19 stdout: Loading…
Build board outline

Create layers
Create tracks and vias
Create zones
Build Tech layers
Build Tech layer 11
Build Tech layer 9
Build Tech layer 15
Build Tech layer 13
Build Tech layer 7
Build Tech layer 5
Build Tech layer 3
Build Tech layer 1
Build Tech layer 17
Build Tech layer 19
Build Tech layer 21
Build Tech layer 23
Build Tech layer 39
Build Tech layer 41
Build Tech layer 43
Build Tech layer 45
Build Tech layer 47
Build Tech layer 49
Build Tech layer 51
Build Tech layer 53
Build Tech layer 55
Build Tech layer 57
Build Tech layer 59
Build Tech layer 61
Build Tech layer 63
Build Tech layer 65
Build Tech layer 67
Build Tech layer 69
Build Tech layer 71
Build Tech layer 73
Build Tech layer 75
Build Tech layer 77
Build Tech layer 79
Build Tech layer 81
Build Tech layer 83
Build Tech layer 85
Build Tech layer 87
Build Tech layer 89
Build Tech layer 91
Build Tech layer 93
Build Tech layer 95
Build Tech layer 97
Build Tech layer 99
Build Tech layer 101
Build Tech layer 103
Build Tech layer 105
Build Tech layer 107
Build Tech layer 109
Build Tech layer 111
Build Tech layer 113
Build Tech layer 115
Build Tech layer 117
Build Tech layer 119
Build Tech layer 121
Build Tech layer 123
Build Tech layer 125
Build Tech layer 127
Simplifying copper layer polygons
Calculating plated copper
Simplify holes contours
Build BVH for holes and vias
Load Raytracing: board
Load Raytracing: layers
Loading 3D models...
Reload time 0.249 s
Rendering: 100 %
Rendering time 0.037 s
Successfully created 3D render image
2026-09-26T04:35:21.027+00:00 [RP2040_2_layer_PCB/render-otb68j_d] Frame 19/72 finished in 0.800s
2026-09-26T04:35:21.027+00:00 [RP2040_2_layer_PCB/render-otb68j_d] Frame 20/72 started; angle=95
2026-09-26T04:35:21.838+00:00 [RP2040_2_layer_PCB/render-otb68j_d] Frame 20 stdout: Loading…
Build board outline

Create layers
Create tracks and vias
Create zones
Build Tech layers
Build Tech layer 11
Build Tech layer 9
Build Tech layer 15
Build Tech layer 13
Build Tech layer 7
Build Tech layer 5
Build Tech layer 3
Build Tech layer 1
Build Tech layer 17
Build Tech layer 19
Build Tech layer 21
Build Tech layer 23
Build Tech layer 39
Build Tech layer 41
Build Tech layer 43
Build Tech layer 45
Build Tech layer 47
Build Tech layer 49
Build Tech layer 51
Build Tech layer 53
Build Tech layer 55
Build Tech layer 57
Build Tech layer 59
Build Tech layer 61
Build Tech layer 63
Build Tech layer 65
Build Tech layer 67
Build Tech layer 69
Build Tech layer 71
Build Tech layer 73
Build Tech layer 75
Build Tech layer 77
Build Tech layer 79
Build Tech layer 81
Build Tech layer 83
Build Tech layer 85
Build Tech layer 87
Build Tech layer 89
Build Tech layer 91
Build Tech layer 93
Build Tech layer 95
Build Tech layer 97
Build Tech layer 99
Build Tech layer 101
Build Tech layer 103
Build Tech layer 105
Build Tech layer 107
Build Tech layer 109
Build Tech layer 111
Build Tech layer 113
Build Tech layer 115
Build Tech layer 117
Build Tech layer 119
Build Tech layer 121
Build Tech layer 123
Build Tech layer 125
Build Tech layer 127
Simplifying copper layer polygons
Calculating plated copper
Simplify holes contours
Build BVH for holes and vias
Load Raytracing: board
Load Raytracing: layers
Loading 3D models...
Reload time 0.248 s
Rendering: 100 %
Rendering time 0.048 s
Successfully created 3D render image
2026-09-26T04:35:21.845+00:00 [RP2040_2_layer_PCB/render-otb68j_d] Frame 20/72 finished in 0.818s
2026-09-26T04:35:21.845+00:00 [RP2040_2_layer_PCB/render-otb68j_d] Frame 21/72 started; angle=100
2026-09-26T04:35:22.683+00:00 [RP2040_2_layer_PCB/render-otb68j_d] Frame 21 stdout: Loading…
Build board outline

Create layers
Create tracks and vias
Create zones
Build Tech layers
Build Tech layer 11
Build Tech layer 9
Build Tech layer 15
Build Tech layer 13
Build Tech layer 7
Build Tech layer 5
Build Tech layer 3
Build Tech layer 1
Build Tech layer 17
Build Tech layer 19
Build Tech layer 21
Build Tech layer 23
Build Tech layer 39
Build Tech layer 41
Build Tech layer 43
Build Tech layer 45
Build Tech layer 47
Build Tech layer 49
Build Tech layer 51
Build Tech layer 53
Build Tech layer 55
Build Tech layer 57
Build Tech layer 59
Build Tech layer 61
Build Tech layer 63
Build Tech layer 65
Build Tech layer 67
Build Tech layer 69
Build Tech layer 71
Build Tech layer 73
Build Tech layer 75
Build Tech layer 77
Build Tech layer 79
Build Tech layer 81
Build Tech layer 83
Build Tech layer 85
Build Tech layer 87
Build Tech layer 89
Build Tech layer 91
Build Tech layer 93
Build Tech layer 95
Build Tech layer 97
Build Tech layer 99
Build Tech layer 101
Build Tech layer 103
Build Tech layer 105
Build Tech layer 107
Build Tech layer 109
Build Tech layer 111
Build Tech layer 113
Build Tech layer 115
Build Tech layer 117
Build Tech layer 119
Build Tech layer 121
Build Tech layer 123
Build Tech layer 125
Build Tech layer 127
Simplifying copper layer polygons
Calculating plated copper
Simplify holes contours
Build BVH for holes and vias
Load Raytracing: board
Load Raytracing: layers
Loading 3D models...
Reload time 0.254 s
Rendering: 100 %
Rendering time 0.063 s
Successfully created 3D render image
2026-09-26T04:35:22.692+00:00 [RP2040_2_layer_PCB/render-otb68j_d] Frame 21/72 finished in 0.847s
2026-09-26T04:35:22.692+00:00 [RP2040_2_layer_PCB/render-otb68j_d] Frame 22/72 started; angle=105
2026-09-26T04:35:23.569+00:00 [RP2040_2_layer_PCB/render-otb68j_d] Frame 22 stdout: Loading…
Build board outline

Create layers
Create tracks and vias
Create zones
Build Tech layers
Build Tech layer 11
Build Tech layer 9
Build Tech layer 15
Build Tech layer 13
Build Tech layer 7
Build Tech layer 5
Build Tech layer 3
Build Tech layer 1
Build Tech layer 17
Build Tech layer 19
Build Tech layer 21
Build Tech layer 23
Build Tech layer 39
Build Tech layer 41
Build Tech layer 43
Build Tech layer 45
Build Tech layer 47
Build Tech layer 49
Build Tech layer 51
Build Tech layer 53
Build Tech layer 55
Build Tech layer 57
Build Tech layer 59
Build Tech layer 61
Build Tech layer 63
Build Tech layer 65
Build Tech layer 67
Build Tech layer 69
Build Tech layer 71
Build Tech layer 73
Build Tech layer 75
Build Tech layer 77
Build Tech layer 79
Build Tech layer 81
Build Tech layer 83
Build Tech layer 85
Build Tech layer 87
Build Tech layer 89
Build Tech layer 91
Build Tech layer 93
Build Tech layer 95
Build Tech layer 97
Build Tech layer 99
Build Tech layer 101
Build Tech layer 103
Build Tech layer 105
Build Tech layer 107
Build Tech layer 109
Build Tech layer 111
Build Tech layer 113
Build Tech layer 115
Build Tech layer 117
Build Tech layer 119
Build Tech layer 121
Build Tech layer 123
Build Tech layer 125
Build Tech layer 127
Simplifying copper layer polygons
Calculating plated copper
Simplify holes contours
Build BVH for holes and vias
Load Raytracing: board
Load Raytracing: layers
Loading 3D models...
Reload time 0.231 s
Rendering: 100 %
Rendering time 0.081 s
Successfully created 3D render image
2026-09-26T04:35:23.576+00:00 [RP2040_2_layer_PCB/render-otb68j_d] Frame 22/72 finished in 0.883s
2026-09-26T04:35:23.576+00:00 [RP2040_2_layer_PCB/render-otb68j_d] Frame 23/72 started; angle=110
2026-09-26T04:35:24.412+00:00 [RP2040_2_layer_PCB/render-otb68j_d] Frame 23 stdout: Loading…
Build board outline

Create layers
Create tracks and vias
Create zones
Build Tech layers
Build Tech layer 11
Build Tech layer 9
Build Tech layer 15
Build Tech layer 13
Build Tech layer 7
Build Tech layer 5
Build Tech layer 3
Build Tech layer 1
Build Tech layer 17
Build Tech layer 19
Build Tech layer 21
Build Tech layer 23
Build Tech layer 39
Build Tech layer 41
Build Tech layer 43
Build Tech layer 45
Build Tech layer 47
Build Tech layer 49
Build Tech layer 51
Build Tech layer 53
Build Tech layer 55
Build Tech layer 57
Build Tech layer 59
Build Tech layer 61
Build Tech layer 63
Build Tech layer 65
Build Tech layer 67
Build Tech layer 69
Build Tech layer 71
Build Tech layer 73
Build Tech layer 75
Build Tech layer 77
Build Tech layer 79
Build Tech layer 81
Build Tech layer 83
Build Tech layer 85
Build Tech layer 87
Build Tech layer 89
Build Tech layer 91
Build Tech layer 93
Build Tech layer 95
Build Tech layer 97
Build Tech layer 99
Build Tech layer 101
Build Tech layer 103
Build Tech layer 105
Build Tech layer 107
Build Tech layer 109
Build Tech layer 111
Build Tech layer 113
Build Tech layer 115
Build Tech layer 117
Build Tech layer 119
Build Tech layer 121
Build Tech layer 123
Build Tech layer 125
Build Tech layer 127
Simplifying copper layer polygons
Calculating plated copper
Simplify holes contours
Build BVH for holes and vias
Load Raytracing: board
Load Raytracing: layers
Loading 3D models...
Reload time 0.263 s
Rendering: 100 %
Rendering time 0.081 s
Successfully created 3D render image
2026-09-26T04:35:24.420+00:00 [RP2040_2_layer_PCB/render-otb68j_d] Frame 23/72 finished in 0.844s
2026-09-26T04:35:24.420+00:00 [RP2040_2_layer_PCB/render-otb68j_d] Frame 24/72 started; angle=115
2026-09-26T04:35:25.237+00:00 [RP2040_2_layer_PCB/render-otb68j_d] Frame 24 stdout: Loading…
Build board outline

Create layers
Create tracks and vias
Create zones
Build Tech layers
Build Tech layer 11
Build Tech layer 9
Build Tech layer 15
Build Tech layer 13
Build Tech layer 7
Build Tech layer 5
Build Tech layer 3
Build Tech layer 1
Build Tech layer 17
Build Tech layer 19
Build Tech layer 21
Build Tech layer 23
Build Tech layer 39
Build Tech layer 41
Build Tech layer 43
Build Tech layer 45
Build Tech layer 47
Build Tech layer 49
Build Tech layer 51
Build Tech layer 53
Build Tech layer 55
Build Tech layer 57
Build Tech layer 59
Build Tech layer 61
Build Tech layer 63
Build Tech layer 65
Build Tech layer 67
Build Tech layer 69
Build Tech layer 71
Build Tech layer 73
Build Tech layer 75
Build Tech layer 77
Build Tech layer 79
Build Tech layer 81
Build Tech layer 83
Build Tech layer 85
Build Tech layer 87
Build Tech layer 89
Build Tech layer 91
Build Tech layer 93
Build Tech layer 95
Build Tech layer 97
Build Tech layer 99
Build Tech layer 101
Build Tech layer 103
Build Tech layer 105
Build Tech layer 107
Build Tech layer 109
Build Tech layer 111
Build Tech layer 113
Build Tech layer 115
Build Tech layer 117
Build Tech layer 119
Build Tech layer 121
Build Tech layer 123
Build Tech layer 125
Build Tech layer 127
Simplifying copper layer polygons
Calculating plated copper
Simplify holes contours
Build BVH for holes and vias
Load Raytracing: board
Load Raytracing: layers
Loading 3D models...
Reload time 0.233 s
Rendering: 100 %
Rendering time 0.089 s
Successfully created 3D render image
2026-09-26T04:35:25.246+00:00 [RP2040_2_layer_PCB/render-otb68j_d] Frame 24/72 finished in 0.826s
2026-09-26T04:35:25.246+00:00 [RP2040_2_layer_PCB/render-otb68j_d] Frame 25/72 started; angle=120
2026-09-26T04:35:26.113+00:00 [RP2040_2_layer_PCB/render-otb68j_d] Frame 25 stdout: Loading…
Build board outline

Create layers
Create tracks and vias
Create zones
Build Tech layers
Build Tech layer 11
Build Tech layer 9
Build Tech layer 15
Build Tech layer 13
Build Tech layer 7
Build Tech layer 5
Build Tech layer 3
Build Tech layer 1
Build Tech layer 17
Build Tech layer 19
Build Tech layer 21
Build Tech layer 23
Build Tech layer 39
Build Tech layer 41
Build Tech layer 43
Build Tech layer 45
Build Tech layer 47
Build Tech layer 49
Build Tech layer 51
Build Tech layer 53
Build Tech layer 55
Build Tech layer 57
Build Tech layer 59
Build Tech layer 61
Build Tech layer 63
Build Tech layer 65
Build Tech layer 67
Build Tech layer 69
Build Tech layer 71
Build Tech layer 73
Build Tech layer 75
Build Tech layer 77
Build Tech layer 79
Build Tech layer 81
Build Tech layer 83
Build Tech layer 85
Build Tech layer 87
Build Tech layer 89
Build Tech layer 91
Build Tech layer 93
Build Tech layer 95
Build Tech layer 97
Build Tech layer 99
Build Tech layer 101
Build Tech layer 103
Build Tech layer 105
Build Tech layer 107
Build Tech layer 109
Build Tech layer 111
Build Tech layer 113
Build Tech layer 115
Build Tech layer 117
Build Tech layer 119
Build Tech layer 121
Build Tech layer 123
Build Tech layer 125
Build Tech layer 127
Simplifying copper layer polygons
Calculating plated copper
Simplify holes contours
Build BVH for holes and vias
Load Raytracing: board
Load Raytracing: layers
Loading 3D models...
Reload time 0.222 s
Rendering: 100 %
Rendering time 0.097 s
Successfully created 3D render image
2026-09-26T04:35:26.122+00:00 [RP2040_2_layer_PCB/render-otb68j_d] Frame 25/72 finished in 0.877s
2026-09-26T04:35:26.123+00:00 [RP2040_2_layer_PCB/render-otb68j_d] Frame 26/72 started; angle=125
2026-09-26T04:35:27.050+00:00 [RP2040_2_layer_PCB/render-otb68j_d] Frame 26 stdout: Loading…
Build board outline

Create layers
Create tracks and vias
Create zones
Build Tech layers
Build Tech layer 11
Build Tech layer 9
Build Tech layer 15
Build Tech layer 13
Build Tech layer 7
Build Tech layer 5
Build Tech layer 3
Build Tech layer 1
Build Tech layer 17
Build Tech layer 19
Build Tech layer 21
Build Tech layer 23
Build Tech layer 39
Build Tech layer 41
Build Tech layer 43
Build Tech layer 45
Build Tech layer 47
Build Tech layer 49
Build Tech layer 51
Build Tech layer 53
Build Tech layer 55
Build Tech layer 57
Build Tech layer 59
Build Tech layer 61
Build Tech layer 63
Build Tech layer 65
Build Tech layer 67
Build Tech layer 69
Build Tech layer 71
Build Tech layer 73
Build Tech layer 75
Build Tech layer 77
Build Tech layer 79
Build Tech layer 81
Build Tech layer 83
Build Tech layer 85
Build Tech layer 87
Build Tech layer 89
Build Tech layer 91
Build Tech layer 93
Build Tech layer 95
Build Tech layer 97
Build Tech layer 99
Build Tech layer 101
Build Tech layer 103
Build Tech layer 105
Build Tech layer 107
Build Tech layer 109
Build Tech layer 111
Build Tech layer 113
Build Tech layer 115
Build Tech layer 117
Build Tech layer 119
Build Tech layer 121
Build Tech layer 123
Build Tech layer 125
Build Tech layer 127
Simplifying copper layer polygons
Calculating plated copper
Simplify holes contours
Build BVH for holes and vias
Load Raytracing: board
Load Raytracing: layers
Loading 3D models...
Reload time 0.201 s
Rendering: 100 %
Rendering time 0.106 s
Successfully created 3D render image
2026-09-26T04:35:27.059+00:00 [RP2040_2_layer_PCB/render-otb68j_d] Frame 26/72 finished in 0.936s
2026-09-26T04:35:27.059+00:00 [RP2040_2_layer_PCB/render-otb68j_d] Frame 27/72 started; angle=130
2026-09-26T04:35:28.022+00:00 [RP2040_2_layer_PCB/render-otb68j_d] Frame 27 stdout: Loading…
Build board outline

Create layers
Create tracks and vias
Create zones
Build Tech layers
Build Tech layer 11
Build Tech layer 9
Build Tech layer 15
Build Tech layer 13
Build Tech layer 7
Build Tech layer 5
Build Tech layer 3
Build Tech layer 1
Build Tech layer 17
Build Tech layer 19
Build Tech layer 21
Build Tech layer 23
Build Tech layer 39
Build Tech layer 41
Build Tech layer 43
Build Tech layer 45
Build Tech layer 47
Build Tech layer 49
Build Tech layer 51
Build Tech layer 53
Build Tech layer 55
Build Tech layer 57
Build Tech layer 59
Build Tech layer 61
Build Tech layer 63
Build Tech layer 65
Build Tech layer 67
Build Tech layer 69
Build Tech layer 71
Build Tech layer 73
Build Tech layer 75
Build Tech layer 77
Build Tech layer 79
Build Tech layer 81
Build Tech layer 83
Build Tech layer 85
Build Tech layer 87
Build Tech layer 89
Build Tech layer 91
Build Tech layer 93
Build Tech layer 95
Build Tech layer 97
Build Tech layer 99
Build Tech layer 101
Build Tech layer 103
Build Tech layer 105
Build Tech layer 107
Build Tech layer 109
Build Tech layer 111
Build Tech layer 113
Build Tech layer 115
Build Tech layer 117
Build Tech layer 119
Build Tech layer 121
Build Tech layer 123
Build Tech layer 125
Build Tech layer 127
Simplifying copper layer polygons
Calculating plated copper
Simplify holes contours
Build BVH for holes and vias
Load Raytracing: board
Load Raytracing: layers
Loading 3D models...
Reload time 0.202 s
Rendering: 100 %
Rendering time 0.108 s
Successfully created 3D render image
2026-09-26T04:35:28.033+00:00 [RP2040_2_layer_PCB/render-otb68j_d] Frame 27/72 finished in 0.974s
2026-09-26T04:35:28.033+00:00 [RP2040_2_layer_PCB/render-otb68j_d] Frame 28/72 started; angle=135
2026-09-26T04:35:28.970+00:00 [RP2040_2_layer_PCB/render-otb68j_d] Frame 28 stdout: Loading…
Build board outline

Create layers
Create tracks and vias
Create zones
Build Tech layers
Build Tech layer 11
Build Tech layer 9
Build Tech layer 15
Build Tech layer 13
Build Tech layer 7
Build Tech layer 5
Build Tech layer 3
Build Tech layer 1
Build Tech layer 17
Build Tech layer 19
Build Tech layer 21
Build Tech layer 23
Build Tech layer 39
Build Tech layer 41
Build Tech layer 43
Build Tech layer 45
Build Tech layer 47
Build Tech layer 49
Build Tech layer 51
Build Tech layer 53
Build Tech layer 55
Build Tech layer 57
Build Tech layer 59
Build Tech layer 61
Build Tech layer 63
Build Tech layer 65
Build Tech layer 67
Build Tech layer 69
Build Tech layer 71
Build Tech layer 73
Build Tech layer 75
Build Tech layer 77
Build Tech layer 79
Build Tech layer 81
Build Tech layer 83
Build Tech layer 85
Build Tech layer 87
Build Tech layer 89
Build Tech layer 91
Build Tech layer 93
Build Tech layer 95
Build Tech layer 97
Build Tech layer 99
Build Tech layer 101
Build Tech layer 103
Build Tech layer 105
Build Tech layer 107
Build Tech layer 109
Build Tech layer 111
Build Tech layer 113
Build Tech layer 115
Build Tech layer 117
Build Tech layer 119
Build Tech layer 121
Build Tech layer 123
Build Tech layer 125
Build Tech layer 127
Simplifying copper layer polygons
Calculating plated copper
Simplify holes contours
Build BVH for holes and vias
Load Raytracing: board
Load Raytracing: layers
Loading 3D models...
Reload time 0.253 s
Rendering: 100 %
Rendering time 0.141 s
Successfully created 3D render image
2026-09-26T04:35:28.985+00:00 [RP2040_2_layer_PCB/render-otb68j_d] Frame 28/72 finished in 0.952s
2026-09-26T04:35:28.985+00:00 [RP2040_2_layer_PCB/render-otb68j_d] Frame 29/72 started; angle=140
2026-09-26T04:35:29.961+00:00 [RP2040_2_layer_PCB/render-otb68j_d] Frame 29 stdout: Loading…
Build board outline

Create layers
Create tracks and vias
Create zones
Build Tech layers
Build Tech layer 11
Build Tech layer 9
Build Tech layer 15
Build Tech layer 13
Build Tech layer 7
Build Tech layer 5
Build Tech layer 3
Build Tech layer 1
Build Tech layer 17
Build Tech layer 19
Build Tech layer 21
Build Tech layer 23
Build Tech layer 39
Build Tech layer 41
Build Tech layer 43
Build Tech layer 45
Build Tech layer 47
Build Tech layer 49
Build Tech layer 51
Build Tech layer 53
Build Tech layer 55
Build Tech layer 57
Build Tech layer 59
Build Tech layer 61
Build Tech layer 63
Build Tech layer 65
Build Tech layer 67
Build Tech layer 69
Build Tech layer 71
Build Tech layer 73
Build Tech layer 75
Build Tech layer 77
Build Tech layer 79
Build Tech layer 81
Build Tech layer 83
Build Tech layer 85
Build Tech layer 87
Build Tech layer 89
Build Tech layer 91
Build Tech layer 93
Build Tech layer 95
Build Tech layer 97
Build Tech layer 99
Build Tech layer 101
Build Tech layer 103
Build Tech layer 105
Build Tech layer 107
Build Tech layer 109
Build Tech layer 111
Build Tech layer 113
Build Tech layer 115
Build Tech layer 117
Build Tech layer 119
Build Tech layer 121
Build Tech layer 123
Build Tech layer 125
Build Tech layer 127
Simplifying copper layer polygons
Calculating plated copper
Simplify holes contours
Build BVH for holes and vias
Load Raytracing: board
Load Raytracing: layers
Loading 3D models...
Reload time 0.270 s
Rendering: 100 %
Rendering time 0.153 s
Successfully created 3D render image
2026-09-26T04:35:29.971+00:00 [RP2040_2_layer_PCB/render-otb68j_d] Frame 29/72 finished in 0.987s
2026-09-26T04:35:29.972+00:00 [RP2040_2_layer_PCB/render-otb68j_d] Frame 30/72 started; angle=145
2026-09-26T04:35:30.899+00:00 [RP2040_2_layer_PCB/render-otb68j_d] Frame 30 stdout: Loading…
Build board outline

Create layers
Create tracks and vias
Create zones
Build Tech layers
Build Tech layer 11
Build Tech layer 9
Build Tech layer 15
Build Tech layer 13
Build Tech layer 7
Build Tech layer 5
Build Tech layer 3
Build Tech layer 1
Build Tech layer 17
Build Tech layer 19
Build Tech layer 21
Build Tech layer 23
Build Tech layer 39
Build Tech layer 41
Build Tech layer 43
Build Tech layer 45
Build Tech layer 47
Build Tech layer 49
Build Tech layer 51
Build Tech layer 53
Build Tech layer 55
Build Tech layer 57
Build Tech layer 59
Build Tech layer 61
Build Tech layer 63
Build Tech layer 65
Build Tech layer 67
Build Tech layer 69
Build Tech layer 71
Build Tech layer 73
Build Tech layer 75
Build Tech layer 77
Build Tech layer 79
Build Tech layer 81
Build Tech layer 83
Build Tech layer 85
Build Tech layer 87
Build Tech layer 89
Build Tech layer 91
Build Tech layer 93
Build Tech layer 95
Build Tech layer 97
Build Tech layer 99
Build Tech layer 101
Build Tech layer 103
Build Tech layer 105
Build Tech layer 107
Build Tech layer 109
Build Tech layer 111
Build Tech layer 113
Build Tech layer 115
Build Tech layer 117
Build Tech layer 119
Build Tech layer 121
Build Tech layer 123
Build Tech layer 125
Build Tech layer 127
Simplifying copper layer polygons
Calculating plated copper
Simplify holes contours
Build BVH for holes and vias
Load Raytracing: board
Load Raytracing: layers
Loading 3D models...
Reload time 0.273 s
Rendering: 100 %
Rendering time 0.124 s
Successfully created 3D render image
2026-09-26T04:35:30.908+00:00 [RP2040_2_layer_PCB/render-otb68j_d] Frame 30/72 finished in 0.936s
2026-09-26T04:35:30.908+00:00 [RP2040_2_layer_PCB/render-otb68j_d] Frame 31/72 started; angle=150
2026-09-26T04:35:31.921+00:00 [RP2040_2_layer_PCB/render-otb68j_d] Frame 31 stdout: Loading…
Build board outline

Create layers
Create tracks and vias
Create zones
Build Tech layers
Build Tech layer 11
Build Tech layer 9
Build Tech layer 15
Build Tech layer 13
Build Tech layer 7
Build Tech layer 5
Build Tech layer 3
Build Tech layer 1
Build Tech layer 17
Build Tech layer 19
Build Tech layer 21
Build Tech layer 23
Build Tech layer 39
Build Tech layer 41
Build Tech layer 43
Build Tech layer 45
Build Tech layer 47
Build Tech layer 49
Build Tech layer 51
Build Tech layer 53
Build Tech layer 55
Build Tech layer 57
Build Tech layer 59
Build Tech layer 61
Build Tech layer 63
Build Tech layer 65
Build Tech layer 67
Build Tech layer 69
Build Tech layer 71
Build Tech layer 73
Build Tech layer 75
Build Tech layer 77
Build Tech layer 79
Build Tech layer 81
Build Tech layer 83
Build Tech layer 85
Build Tech layer 87
Build Tech layer 89
Build Tech layer 91
Build Tech layer 93
Build Tech layer 95
Build Tech layer 97
Build Tech layer 99
Build Tech layer 101
Build Tech layer 103
Build Tech layer 105
Build Tech layer 107
Build Tech layer 109
Build Tech layer 111
Build Tech layer 113
Build Tech layer 115
Build Tech layer 117
Build Tech layer 119
Build Tech layer 121
Build Tech layer 123
Build Tech layer 125
Build Tech layer 127
Simplifying copper layer polygons
Calculating plated copper
Simplify holes contours
Build BVH for holes and vias
Load Raytracing: board
Load Raytracing: layers
Loading 3D models...
Reload time 0.232 s
Rendering: 100 %
Rendering time 0.124 s
Successfully created 3D render image
2026-09-26T04:35:31.936+00:00 [RP2040_2_layer_PCB/render-otb68j_d] Frame 31/72 finished in 1.028s
2026-09-26T04:35:31.936+00:00 [RP2040_2_layer_PCB/render-otb68j_d] Frame 32/72 started; angle=155
2026-09-26T04:35:32.902+00:00 [RP2040_2_layer_PCB/render-otb68j_d] Frame 32 stdout: Loading…
Build board outline

Create layers
Create tracks and vias
Create zones
Build Tech layers
Build Tech layer 11
Build Tech layer 9
Build Tech layer 15
Build Tech layer 13
Build Tech layer 7
Build Tech layer 5
Build Tech layer 3
Build Tech layer 1
Build Tech layer 17
Build Tech layer 19
Build Tech layer 21
Build Tech layer 23
Build Tech layer 39
Build Tech layer 41
Build Tech layer 43
Build Tech layer 45
Build Tech layer 47
Build Tech layer 49
Build Tech layer 51
Build Tech layer 53
Build Tech layer 55
Build Tech layer 57
Build Tech layer 59
Build Tech layer 61
Build Tech layer 63
Build Tech layer 65
Build Tech layer 67
Build Tech layer 69
Build Tech layer 71
Build Tech layer 73
Build Tech layer 75
Build Tech layer 77
Build Tech layer 79
Build Tech layer 81
Build Tech layer 83
Build Tech layer 85
Build Tech layer 87
Build Tech layer 89
Build Tech layer 91
Build Tech layer 93
Build Tech layer 95
Build Tech layer 97
Build Tech layer 99
Build Tech layer 101
Build Tech layer 103
Build Tech layer 105
Build Tech layer 107
Build Tech layer 109
Build Tech layer 111
Build Tech layer 113
Build Tech layer 115
Build Tech layer 117
Build Tech layer 119
Build Tech layer 121
Build Tech layer 123
Build Tech layer 125
Build Tech layer 127
Simplifying copper layer polygons
Calculating plated copper
Simplify holes contours
Build BVH for holes and vias
Load Raytracing: board
Load Raytracing: layers
Loading 3D models...
Reload time 0.257 s
Rendering: 100 %
Rendering time 0.126 s
Successfully created 3D render image
2026-09-26T04:35:32.912+00:00 [RP2040_2_layer_PCB/render-otb68j_d] Frame 32/72 finished in 0.977s
2026-09-26T04:35:32.912+00:00 [RP2040_2_layer_PCB/render-otb68j_d] Frame 33/72 started; angle=160
2026-09-26T04:35:33.850+00:00 [RP2040_2_layer_PCB/render-otb68j_d] Frame 33 stdout: Loading…
Build board outline

Create layers
Create tracks and vias
Create zones
Build Tech layers
Build Tech layer 11
Build Tech layer 9
Build Tech layer 15
Build Tech layer 13
Build Tech layer 7
Build Tech layer 5
Build Tech layer 3
Build Tech layer 1
Build Tech layer 17
Build Tech layer 19
Build Tech layer 21
Build Tech layer 23
Build Tech layer 39
Build Tech layer 41
Build Tech layer 43
Build Tech layer 45
Build Tech layer 47
Build Tech layer 49
Build Tech layer 51
Build Tech layer 53
Build Tech layer 55
Build Tech layer 57
Build Tech layer 59
Build Tech layer 61
Build Tech layer 63
Build Tech layer 65
Build Tech layer 67
Build Tech layer 69
Build Tech layer 71
Build Tech layer 73
Build Tech layer 75
Build Tech layer 77
Build Tech layer 79
Build Tech layer 81
Build Tech layer 83
Build Tech layer 85
Build Tech layer 87
Build Tech layer 89
Build Tech layer 91
Build Tech layer 93
Build Tech layer 95
Build Tech layer 97
Build Tech layer 99
Build Tech layer 101
Build Tech layer 103
Build Tech layer 105
Build Tech layer 107
Build Tech layer 109
Build Tech layer 111
Build Tech layer 113
Build Tech layer 115
Build Tech layer 117
Build Tech layer 119
Build Tech layer 121
Build Tech layer 123
Build Tech layer 125
Build Tech layer 127
Simplifying copper layer polygons
Calculating plated copper
Simplify holes contours
Build BVH for holes and vias
Load Raytracing: board
Load Raytracing: layers
Loading 3D models...
Reload time 0.232 s
Rendering: 100 %
Rendering time 0.179 s
Successfully created 3D render image
2026-09-26T04:35:33.859+00:00 [RP2040_2_layer_PCB/render-otb68j_d] Frame 33/72 finished in 0.947s
2026-09-26T04:35:33.860+00:00 [RP2040_2_layer_PCB/render-otb68j_d] Frame 34/72 started; angle=165
2026-09-26T04:35:34.839+00:00 [RP2040_2_layer_PCB/render-otb68j_d] Frame 34 stdout: Loading…
Build board outline

Create layers
Create tracks and vias
Create zones
Build Tech layers
Build Tech layer 11
Build Tech layer 9
Build Tech layer 15
Build Tech layer 13
Build Tech layer 7
Build Tech layer 5
Build Tech layer 3
Build Tech layer 1
Build Tech layer 17
Build Tech layer 19
Build Tech layer 21
Build Tech layer 23
Build Tech layer 39
Build Tech layer 41
Build Tech layer 43
Build Tech layer 45
Build Tech layer 47
Build Tech layer 49
Build Tech layer 51
Build Tech layer 53
Build Tech layer 55
Build Tech layer 57
Build Tech layer 59
Build Tech layer 61
Build Tech layer 63
Build Tech layer 65
Build Tech layer 67
Build Tech layer 69
Build Tech layer 71
Build Tech layer 73
Build Tech layer 75
Build Tech layer 77
Build Tech layer 79
Build Tech layer 81
Build Tech layer 83
Build Tech layer 85
Build Tech layer 87
Build Tech layer 89
Build Tech layer 91
Build Tech layer 93
Build Tech layer 95
Build Tech layer 97
Build Tech layer 99
Build Tech layer 101
Build Tech layer 103
Build Tech layer 105
Build Tech layer 107
Build Tech layer 109
Build Tech layer 111
Build Tech layer 113
Build Tech layer 115
Build Tech layer 117
Build Tech layer 119
Build Tech layer 121
Build Tech layer 123
Build Tech layer 125
Build Tech layer 127
Simplifying copper layer polygons
Calculating plated copper
Simplify holes contours
Build BVH for holes and vias
Load Raytracing: board
Load Raytracing: layers
Loading 3D models...
Reload time 0.222 s
Rendering: 100 %
Rendering time 0.161 s
Successfully created 3D render image
2026-09-26T04:35:34.848+00:00 [RP2040_2_layer_PCB/render-otb68j_d] Frame 34/72 finished in 0.988s
2026-09-26T04:35:34.848+00:00 [RP2040_2_layer_PCB/render-otb68j_d] Frame 35/72 started; angle=170
2026-09-26T04:35:35.953+00:00 [RP2040_2_layer_PCB/render-otb68j_d] Frame 35 stdout: Loading…
Build board outline

Create layers
Create tracks and vias
Create zones
Build Tech layers
Build Tech layer 11
Build Tech layer 9
Build Tech layer 15
Build Tech layer 13
Build Tech layer 7
Build Tech layer 5
Build Tech layer 3
Build Tech layer 1
Build Tech layer 17
Build Tech layer 19
Build Tech layer 21
Build Tech layer 23
Build Tech layer 39
Build Tech layer 41
Build Tech layer 43
Build Tech layer 45
Build Tech layer 47
Build Tech layer 49
Build Tech layer 51
Build Tech layer 53
Build Tech layer 55
Build Tech layer 57
Build Tech layer 59
Build Tech layer 61
Build Tech layer 63
Build Tech layer 65
Build Tech layer 67
Build Tech layer 69
Build Tech layer 71
Build Tech layer 73
Build Tech layer 75
Build Tech layer 77
Build Tech layer 79
Build Tech layer 81
Build Tech layer 83
Build Tech layer 85
Build Tech layer 87
Build Tech layer 89
Build Tech layer 91
Build Tech layer 93
Build Tech layer 95
Build Tech layer 97
Build Tech layer 99
Build Tech layer 101
Build Tech layer 103
Build Tech layer 105
Build Tech layer 107
Build Tech layer 109
Build Tech layer 111
Build Tech layer 113
Build Tech layer 115
Build Tech layer 117
Build Tech layer 119
Build Tech layer 121
Build Tech layer 123
Build Tech layer 125
Build Tech layer 127
Simplifying copper layer polygons
Calculating plated copper
Simplify holes contours
Build BVH for holes and vias
Load Raytracing: board
Load Raytracing: layers
Loading 3D models...
Reload time 0.318 s
Rendering: 100 %
Rendering time 0.143 s
Successfully created 3D render image
2026-09-26T04:35:35.963+00:00 [RP2040_2_layer_PCB/render-otb68j_d] Frame 35/72 finished in 1.115s
2026-09-26T04:35:35.963+00:00 [RP2040_2_layer_PCB/render-otb68j_d] Frame 36/72 started; angle=175
2026-09-26T04:35:36.937+00:00 [RP2040_2_layer_PCB/render-otb68j_d] Frame 36 stdout: Loading…
Build board outline

Create layers
Create tracks and vias
Create zones
Build Tech layers
Build Tech layer 11
Build Tech layer 9
Build Tech layer 15
Build Tech layer 13
Build Tech layer 7
Build Tech layer 5
Build Tech layer 3
Build Tech layer 1
Build Tech layer 17
Build Tech layer 19
Build Tech layer 21
Build Tech layer 23
Build Tech layer 39
Build Tech layer 41
Build Tech layer 43
Build Tech layer 45
Build Tech layer 47
Build Tech layer 49
Build Tech layer 51
Build Tech layer 53
Build Tech layer 55
Build Tech layer 57
Build Tech layer 59
Build Tech layer 61
Build Tech layer 63
Build Tech layer 65
Build Tech layer 67
Build Tech layer 69
Build Tech layer 71
Build Tech layer 73
Build Tech layer 75
Build Tech layer 77
Build Tech layer 79
Build Tech layer 81
Build Tech layer 83
Build Tech layer 85
Build Tech layer 87
Build Tech layer 89
Build Tech layer 91
Build Tech layer 93
Build Tech layer 95
Build Tech layer 97
Build Tech layer 99
Build Tech layer 101
Build Tech layer 103
Build Tech layer 105
Build Tech layer 107
Build Tech layer 109
Build Tech layer 111
Build Tech layer 113
Build Tech layer 115
Build Tech layer 117
Build Tech layer 119
Build Tech layer 121
Build Tech layer 123
Build Tech layer 125
Build Tech layer 127
Simplifying copper layer polygons
Calculating plated copper
Simplify holes contours
Build BVH for holes and vias
Load Raytracing: board
Load Raytracing: layers
Loading 3D models...
Reload time 0.275 s
Rendering: 100 %
Rendering time 0.137 s
Successfully created 3D render image
2026-09-26T04:35:36.947+00:00 [RP2040_2_layer_PCB/render-otb68j_d] Frame 36/72 finished in 0.984s
2026-09-26T04:35:36.947+00:00 [RP2040_2_layer_PCB/render-otb68j_d] Frame 37/72 started; angle=180
2026-09-26T04:35:37.931+00:00 [RP2040_2_layer_PCB/render-otb68j_d] Frame 37 stdout: Loading…
Build board outline

Create layers
Create tracks and vias
Create zones
Build Tech layers
Build Tech layer 11
Build Tech layer 9
Build Tech layer 15
Build Tech layer 13
Build Tech layer 7
Build Tech layer 5
Build Tech layer 3
Build Tech layer 1
Build Tech layer 17
Build Tech layer 19
Build Tech layer 21
Build Tech layer 23
Build Tech layer 39
Build Tech layer 41
Build Tech layer 43
Build Tech layer 45
Build Tech layer 47
Build Tech layer 49
Build Tech layer 51
Build Tech layer 53
Build Tech layer 55
Build Tech layer 57
Build Tech layer 59
Build Tech layer 61
Build Tech layer 63
Build Tech layer 65
Build Tech layer 67
Build Tech layer 69
Build Tech layer 71
Build Tech layer 73
Build Tech layer 75
Build Tech layer 77
Build Tech layer 79
Build Tech layer 81
Build Tech layer 83
Build Tech layer 85
Build Tech layer 87
Build Tech layer 89
Build Tech layer 91
Build Tech layer 93
Build Tech layer 95
Build Tech layer 97
Build Tech layer 99
Build Tech layer 101
Build Tech layer 103
Build Tech layer 105
Build Tech layer 107
Build Tech layer 109
Build Tech layer 111
Build Tech layer 113
Build Tech layer 115
Build Tech layer 117
Build Tech layer 119
Build Tech layer 121
Build Tech layer 123
Build Tech layer 125
Build Tech layer 127
Simplifying copper layer polygons
Calculating plated copper
Simplify holes contours
Build BVH for holes and vias
Load Raytracing: board
Load Raytracing: layers
Loading 3D models...
Reload time 0.280 s
Rendering: 100 %
Rendering time 0.135 s
Successfully created 3D render image
2026-09-26T04:35:37.940+00:00 [RP2040_2_layer_PCB/render-otb68j_d] Frame 37/72 finished in 0.993s
2026-09-26T04:35:37.940+00:00 [RP2040_2_layer_PCB/render-otb68j_d] Frame 38/72 started; angle=185
2026-09-26T04:35:38.992+00:00 [RP2040_2_layer_PCB/render-otb68j_d] Frame 38 stdout: Loading…
Build board outline

Create layers
Create tracks and vias
Create zones
Build Tech layers
Build Tech layer 11
Build Tech layer 9
Build Tech layer 15
Build Tech layer 13
Build Tech layer 7
Build Tech layer 5
Build Tech layer 3
Build Tech layer 1
Build Tech layer 17
Build Tech layer 19
Build Tech layer 21
Build Tech layer 23
Build Tech layer 39
Build Tech layer 41
Build Tech layer 43
Build Tech layer 45
Build Tech layer 47
Build Tech layer 49
Build Tech layer 51
Build Tech layer 53
Build Tech layer 55
Build Tech layer 57
Build Tech layer 59
Build Tech layer 61
Build Tech layer 63
Build Tech layer 65
Build Tech layer 67
Build Tech layer 69
Build Tech layer 71
Build Tech layer 73
Build Tech layer 75
Build Tech layer 77
Build Tech layer 79
Build Tech layer 81
Build Tech layer 83
Build Tech layer 85
Build Tech layer 87
Build Tech layer 89
Build Tech layer 91
Build Tech layer 93
Build Tech layer 95
Build Tech layer 97
Build Tech layer 99
Build Tech layer 101
Build Tech layer 103
Build Tech layer 105
Build Tech layer 107
Build Tech layer 109
Build Tech layer 111
Build Tech layer 113
Build Tech layer 115
Build Tech layer 117
Build Tech layer 119
Build Tech layer 121
Build Tech layer 123
Build Tech layer 125
Build Tech layer 127
Simplifying copper layer polygons
Calculating plated copper
Simplify holes contours
Build BVH for holes and vias
Load Raytracing: board
Load Raytracing: layers
Loading 3D models...
Reload time 0.204 s
Rendering: 100 %
Rendering time 0.206 s
Successfully created 3D render image
2026-09-26T04:35:39.001+00:00 [RP2040_2_layer_PCB/render-otb68j_d] Frame 38/72 finished in 1.061s
2026-09-26T04:35:39.001+00:00 [RP2040_2_layer_PCB/render-otb68j_d] Frame 39/72 started; angle=190
2026-09-26T04:35:39.990+00:00 [RP2040_2_layer_PCB/render-otb68j_d] Frame 39 stdout: Loading…
Build board outline

Create layers
Create tracks and vias
Create zones
Build Tech layers
Build Tech layer 11
Build Tech layer 9
Build Tech layer 15
Build Tech layer 13
Build Tech layer 7
Build Tech layer 5
Build Tech layer 3
Build Tech layer 1
Build Tech layer 17
Build Tech layer 19
Build Tech layer 21
Build Tech layer 23
Build Tech layer 39
Build Tech layer 41
Build Tech layer 43
Build Tech layer 45
Build Tech layer 47
Build Tech layer 49
Build Tech layer 51
Build Tech layer 53
Build Tech layer 55
Build Tech layer 57
Build Tech layer 59
Build Tech layer 61
Build Tech layer 63
Build Tech layer 65
Build Tech layer 67
Build Tech layer 69
Build Tech layer 71
Build Tech layer 73
Build Tech layer 75
Build Tech layer 77
Build Tech layer 79
Build Tech layer 81
Build Tech layer 83
Build Tech layer 85
Build Tech layer 87
Build Tech layer 89
Build Tech layer 91
Build Tech layer 93
Build Tech layer 95
Build Tech layer 97
Build Tech layer 99
Build Tech layer 101
Build Tech layer 103
Build Tech layer 105
Build Tech layer 107
Build Tech layer 109
Build Tech layer 111
Build Tech layer 113
Build Tech layer 115
Build Tech layer 117
Build Tech layer 119
Build Tech layer 121
Build Tech layer 123
Build Tech layer 125
Build Tech layer 127
Simplifying copper layer polygons
Calculating plated copper
Simplify holes contours
Build BVH for holes and vias
Load Raytracing: board
Load Raytracing: layers
Loading 3D models...
Reload time 0.210 s
Rendering: 100 %
Rendering time 0.200 s
Successfully created 3D render image
2026-09-26T04:35:40.012+00:00 [RP2040_2_layer_PCB/render-otb68j_d] Frame 39/72 finished in 1.011s
2026-09-26T04:35:40.013+00:00 [RP2040_2_layer_PCB/render-otb68j_d] Frame 40/72 started; angle=195
2026-09-26T04:35:40.986+00:00 [RP2040_2_layer_PCB/render-otb68j_d] Frame 40 stdout: Loading…
Build board outline

Create layers
Create tracks and vias
Create zones
Build Tech layers
Build Tech layer 11
Build Tech layer 9
Build Tech layer 15
Build Tech layer 13
Build Tech layer 7
Build Tech layer 5
Build Tech layer 3
Build Tech layer 1
Build Tech layer 17
Build Tech layer 19
Build Tech layer 21
Build Tech layer 23
Build Tech layer 39
Build Tech layer 41
Build Tech layer 43
Build Tech layer 45
Build Tech layer 47
Build Tech layer 49
Build Tech layer 51
Build Tech layer 53
Build Tech layer 55
Build Tech layer 57
Build Tech layer 59
Build Tech layer 61
Build Tech layer 63
Build Tech layer 65
Build Tech layer 67
Build Tech layer 69
Build Tech layer 71
Build Tech layer 73
Build Tech layer 75
Build Tech layer 77
Build Tech layer 79
Build Tech layer 81
Build Tech layer 83
Build Tech layer 85
Build Tech layer 87
Build Tech layer 89
Build Tech layer 91
Build Tech layer 93
Build Tech layer 95
Build Tech layer 97
Build Tech layer 99
Build Tech layer 101
Build Tech layer 103
Build Tech layer 105
Build Tech layer 107
Build Tech layer 109
Build Tech layer 111
Build Tech layer 113
Build Tech layer 115
Build Tech layer 117
Build Tech layer 119
Build Tech layer 121
Build Tech layer 123
Build Tech layer 125
Build Tech layer 127
Simplifying copper layer polygons
Calculating plated copper
Simplify holes contours
Build BVH for holes and vias
Load Raytracing: board
Load Raytracing: layers
Loading 3D models...
Reload time 0.205 s
Rendering: 100 %
Rendering time 0.242 s
Successfully created 3D render image
2026-09-26T04:35:40.995+00:00 [RP2040_2_layer_PCB/render-otb68j_d] Frame 40/72 finished in 0.983s
2026-09-26T04:35:40.995+00:00 [RP2040_2_layer_PCB/render-otb68j_d] Frame 41/72 started; angle=200
2026-09-26T04:35:41.977+00:00 [RP2040_2_layer_PCB/render-otb68j_d] Frame 41 stdout: Loading…
Build board outline

Create layers
Create tracks and vias
Create zones
Build Tech layers
Build Tech layer 11
Build Tech layer 9
Build Tech layer 15
Build Tech layer 13
Build Tech layer 7
Build Tech layer 5
Build Tech layer 3
Build Tech layer 1
Build Tech layer 17
Build Tech layer 19
Build Tech layer 21
Build Tech layer 23
Build Tech layer 39
Build Tech layer 41
Build Tech layer 43
Build Tech layer 45
Build Tech layer 47
Build Tech layer 49
Build Tech layer 51
Build Tech layer 53
Build Tech layer 55
Build Tech layer 57
Build Tech layer 59
Build Tech layer 61
Build Tech layer 63
Build Tech layer 65
Build Tech layer 67
Build Tech layer 69
Build Tech layer 71
Build Tech layer 73
Build Tech layer 75
Build Tech layer 77
Build Tech layer 79
Build Tech layer 81
Build Tech layer 83
Build Tech layer 85
Build Tech layer 87
Build Tech layer 89
Build Tech layer 91
Build Tech layer 93
Build Tech layer 95
Build Tech layer 97
Build Tech layer 99
Build Tech layer 101
Build Tech layer 103
Build Tech layer 105
Build Tech layer 107
Build Tech layer 109
Build Tech layer 111
Build Tech layer 113
Build Tech layer 115
Build Tech layer 117
Build Tech layer 119
Build Tech layer 121
Build Tech layer 123
Build Tech layer 125
Build Tech layer 127
Simplifying copper layer polygons
Calculating plated copper
Simplify holes contours
Build BVH for holes and vias
Load Raytracing: board
Load Raytracing: layers
Loading 3D models...
Reload time 0.256 s
Rendering: 100 %
Rendering time 0.147 s
Successfully created 3D render image
2026-09-26T04:35:41.986+00:00 [RP2040_2_layer_PCB/render-otb68j_d] Frame 41/72 finished in 0.991s
2026-09-26T04:35:41.986+00:00 [RP2040_2_layer_PCB/render-otb68j_d] Frame 42/72 started; angle=205
2026-09-26T04:35:42.988+00:00 [RP2040_2_layer_PCB/render-otb68j_d] Frame 42 stdout: Loading…
Build board outline

Create layers
Create tracks and vias
Create zones
Build Tech layers
Build Tech layer 11
Build Tech layer 9
Build Tech layer 15
Build Tech layer 13
Build Tech layer 7
Build Tech layer 5
Build Tech layer 3
Build Tech layer 1
Build Tech layer 17
Build Tech layer 19
Build Tech layer 21
Build Tech layer 23
Build Tech layer 39
Build Tech layer 41
Build Tech layer 43
Build Tech layer 45
Build Tech layer 47
Build Tech layer 49
Build Tech layer 51
Build Tech layer 53
Build Tech layer 55
Build Tech layer 57
Build Tech layer 59
Build Tech layer 61
Build Tech layer 63
Build Tech layer 65
Build Tech layer 67
Build Tech layer 69
Build Tech layer 71
Build Tech layer 73
Build Tech layer 75
Build Tech layer 77
Build Tech layer 79
Build Tech layer 81
Build Tech layer 83
Build Tech layer 85
Build Tech layer 87
Build Tech layer 89
Build Tech layer 91
Build Tech layer 93
Build Tech layer 95
Build Tech layer 97
Build Tech layer 99
Build Tech layer 101
Build Tech layer 103
Build Tech layer 105
Build Tech layer 107
Build Tech layer 109
Build Tech layer 111
Build Tech layer 113
Build Tech layer 115
Build Tech layer 117
Build Tech layer 119
Build Tech layer 121
Build Tech layer 123
Build Tech layer 125
Build Tech layer 127
Simplifying copper layer polygons
Calculating plated copper
Simplify holes contours
Build BVH for holes and vias
Load Raytracing: board
Load Raytracing: layers
Loading 3D models...
Reload time 0.282 s
Rendering: 100 %
Rendering time 0.135 s
Successfully created 3D render image
2026-09-26T04:35:42.997+00:00 [RP2040_2_layer_PCB/render-otb68j_d] Frame 42/72 finished in 1.011s
2026-09-26T04:35:42.997+00:00 [RP2040_2_layer_PCB/render-otb68j_d] Frame 43/72 started; angle=210
2026-09-26T04:35:43.945+00:00 [RP2040_2_layer_PCB/render-otb68j_d] Frame 43 stdout: Loading…
Build board outline

Create layers
Create tracks and vias
Create zones
Build Tech layers
Build Tech layer 11
Build Tech layer 9
Build Tech layer 15
Build Tech layer 13
Build Tech layer 7
Build Tech layer 5
Build Tech layer 3
Build Tech layer 1
Build Tech layer 17
Build Tech layer 19
Build Tech layer 21
Build Tech layer 23
Build Tech layer 39
Build Tech layer 41
Build Tech layer 43
Build Tech layer 45
Build Tech layer 47
Build Tech layer 49
Build Tech layer 51
Build Tech layer 53
Build Tech layer 55
Build Tech layer 57
Build Tech layer 59
Build Tech layer 61
Build Tech layer 63
Build Tech layer 65
Build Tech layer 67
Build Tech layer 69
Build Tech layer 71
Build Tech layer 73
Build Tech layer 75
Build Tech layer 77
Build Tech layer 79
Build Tech layer 81
Build Tech layer 83
Build Tech layer 85
Build Tech layer 87
Build Tech layer 89
Build Tech layer 91
Build Tech layer 93
Build Tech layer 95
Build Tech layer 97
Build Tech layer 99
Build Tech layer 101
Build Tech layer 103
Build Tech layer 105
Build Tech layer 107
Build Tech layer 109
Build Tech layer 111
Build Tech layer 113
Build Tech layer 115
Build Tech layer 117
Build Tech layer 119
Build Tech layer 121
Build Tech layer 123
Build Tech layer 125
Build Tech layer 127
Simplifying copper layer polygons
Calculating plated copper
Simplify holes contours
Build BVH for holes and vias
Load Raytracing: board
Load Raytracing: layers
Loading 3D models...
Reload time 0.226 s
Rendering: 100 %
Rendering time 0.126 s
Successfully created 3D render image
2026-09-26T04:35:43.954+00:00 [RP2040_2_layer_PCB/render-otb68j_d] Frame 43/72 finished in 0.956s
2026-09-26T04:35:43.954+00:00 [RP2040_2_layer_PCB/render-otb68j_d] Frame 44/72 started; angle=215
2026-09-26T04:35:44.921+00:00 [RP2040_2_layer_PCB/render-otb68j_d] Frame 44 stdout: Loading…
Build board outline

Create layers
Create tracks and vias
Create zones
Build Tech layers
Build Tech layer 11
Build Tech layer 9
Build Tech layer 15
Build Tech layer 13
Build Tech layer 7
Build Tech layer 5
Build Tech layer 3
Build Tech layer 1
Build Tech layer 17
Build Tech layer 19
Build Tech layer 21
Build Tech layer 23
Build Tech layer 39
Build Tech layer 41
Build Tech layer 43
Build Tech layer 45
Build Tech layer 47
Build Tech layer 49
Build Tech layer 51
Build Tech layer 53
Build Tech layer 55
Build Tech layer 57
Build Tech layer 59
Build Tech layer 61
Build Tech layer 63
Build Tech layer 65
Build Tech layer 67
Build Tech layer 69
Build Tech layer 71
Build Tech layer 73
Build Tech layer 75
Build Tech layer 77
Build Tech layer 79
Build Tech layer 81
Build Tech layer 83
Build Tech layer 85
Build Tech layer 87
Build Tech layer 89
Build Tech layer 91
Build Tech layer 93
Build Tech layer 95
Build Tech layer 97
Build Tech layer 99
Build Tech layer 101
Build Tech layer 103
Build Tech layer 105
Build Tech layer 107
Build Tech layer 109
Build Tech layer 111
Build Tech layer 113
Build Tech layer 115
Build Tech layer 117
Build Tech layer 119
Build Tech layer 121
Build Tech layer 123
Build Tech layer 125
Build Tech layer 127
Simplifying copper layer polygons
Calculating plated copper
Simplify holes contours
Build BVH for holes and vias
Load Raytracing: board
Load Raytracing: layers
Loading 3D models...
Reload time 0.241 s
Rendering: 100 %
Rendering time 0.123 s
Successfully created 3D render image
2026-09-26T04:35:44.930+00:00 [RP2040_2_layer_PCB/render-otb68j_d] Frame 44/72 finished in 0.977s
2026-09-26T04:35:44.930+00:00 [RP2040_2_layer_PCB/render-otb68j_d] Frame 45/72 started; angle=220
2026-09-26T04:35:45.883+00:00 [RP2040_2_layer_PCB/render-otb68j_d] Frame 45 stdout: Loading…
Build board outline

Create layers
Create tracks and vias
Create zones
Build Tech layers
Build Tech layer 11
Build Tech layer 9
Build Tech layer 15
Build Tech layer 13
Build Tech layer 7
Build Tech layer 5
Build Tech layer 3
Build Tech layer 1
Build Tech layer 17
Build Tech layer 19
Build Tech layer 21
Build Tech layer 23
Build Tech layer 39
Build Tech layer 41
Build Tech layer 43
Build Tech layer 45
Build Tech layer 47
Build Tech layer 49
Build Tech layer 51
Build Tech layer 53
Build Tech layer 55
Build Tech layer 57
Build Tech layer 59
Build Tech layer 61
Build Tech layer 63
Build Tech layer 65
Build Tech layer 67
Build Tech layer 69
Build Tech layer 71
Build Tech layer 73
Build Tech layer 75
Build Tech layer 77
Build Tech layer 79
Build Tech layer 81
Build Tech layer 83
Build Tech layer 85
Build Tech layer 87
Build Tech layer 89
Build Tech layer 91
Build Tech layer 93
Build Tech layer 95
Build Tech layer 97
Build Tech layer 99
Build Tech layer 101
Build Tech layer 103
Build Tech layer 105
Build Tech layer 107
Build Tech layer 109
Build Tech layer 111
Build Tech layer 113
Build Tech layer 115
Build Tech layer 117
Build Tech layer 119
Build Tech layer 121
Build Tech layer 123
Build Tech layer 125
Build Tech layer 127
Simplifying copper layer polygons
Calculating plated copper
Simplify holes contours
Build BVH for holes and vias
Load Raytracing: board
Load Raytracing: layers
Loading 3D models...
Reload time 0.288 s
Rendering: 100 %
Rendering time 0.121 s
Successfully created 3D render image
2026-09-26T04:35:45.892+00:00 [RP2040_2_layer_PCB/render-otb68j_d] Frame 45/72 finished in 0.962s
2026-09-26T04:35:45.892+00:00 [RP2040_2_layer_PCB/render-otb68j_d] Frame 46/72 started; angle=225
2026-09-26T04:35:46.870+00:00 [RP2040_2_layer_PCB/render-otb68j_d] Frame 46 stdout: Loading…
Build board outline

Create layers
Create tracks and vias
Create zones
Build Tech layers
Build Tech layer 11
Build Tech layer 9
Build Tech layer 15
Build Tech layer 13
Build Tech layer 7
Build Tech layer 5
Build Tech layer 3
Build Tech layer 1
Build Tech layer 17
Build Tech layer 19
Build Tech layer 21
Build Tech layer 23
Build Tech layer 39
Build Tech layer 41
Build Tech layer 43
Build Tech layer 45
Build Tech layer 47
Build Tech layer 49
Build Tech layer 51
Build Tech layer 53
Build Tech layer 55
Build Tech layer 57
Build Tech layer 59
Build Tech layer 61
Build Tech layer 63
Build Tech layer 65
Build Tech layer 67
Build Tech layer 69
Build Tech layer 71
Build Tech layer 73
Build Tech layer 75
Build Tech layer 77
Build Tech layer 79
Build Tech layer 81
Build Tech layer 83
Build Tech layer 85
Build Tech layer 87
Build Tech layer 89
Build Tech layer 91
Build Tech layer 93
Build Tech layer 95
Build Tech layer 97
Build Tech layer 99
Build Tech layer 101
Build Tech layer 103
Build Tech layer 105
Build Tech layer 107
Build Tech layer 109
Build Tech layer 111
Build Tech layer 113
Build Tech layer 115
Build Tech layer 117
Build Tech layer 119
Build Tech layer 121
Build Tech layer 123
Build Tech layer 125
Build Tech layer 127
Simplifying copper layer polygons
Calculating plated copper
Simplify holes contours
Build BVH for holes and vias
Load Raytracing: board
Load Raytracing: layers
Loading 3D models...
Reload time 0.223 s
Rendering: 100 %
Rendering time 0.148 s
Successfully created 3D render image
2026-09-26T04:35:46.883+00:00 [RP2040_2_layer_PCB/render-otb68j_d] Frame 46/72 finished in 0.991s
2026-09-26T04:35:46.883+00:00 [RP2040_2_layer_PCB/render-otb68j_d] Frame 47/72 started; angle=230
2026-09-26T04:35:47.824+00:00 [RP2040_2_layer_PCB/render-otb68j_d] Frame 47 stdout: Loading…
Build board outline

Create layers
Create tracks and vias
Create zones
Build Tech layers
Build Tech layer 11
Build Tech layer 9
Build Tech layer 15
Build Tech layer 13
Build Tech layer 7
Build Tech layer 5
Build Tech layer 3
Build Tech layer 1
Build Tech layer 17
Build Tech layer 19
Build Tech layer 21
Build Tech layer 23
Build Tech layer 39
Build Tech layer 41
Build Tech layer 43
Build Tech layer 45
Build Tech layer 47
Build Tech layer 49
Build Tech layer 51
Build Tech layer 53
Build Tech layer 55
Build Tech layer 57
Build Tech layer 59
Build Tech layer 61
Build Tech layer 63
Build Tech layer 65
Build Tech layer 67
Build Tech layer 69
Build Tech layer 71
Build Tech layer 73
Build Tech layer 75
Build Tech layer 77
Build Tech layer 79
Build Tech layer 81
Build Tech layer 83
Build Tech layer 85
Build Tech layer 87
Build Tech layer 89
Build Tech layer 91
Build Tech layer 93
Build Tech layer 95
Build Tech layer 97
Build Tech layer 99
Build Tech layer 101
Build Tech layer 103
Build Tech layer 105
Build Tech layer 107
Build Tech layer 109
Build Tech layer 111
Build Tech layer 113
Build Tech layer 115
Build Tech layer 117
Build Tech layer 119
Build Tech layer 121
Build Tech layer 123
Build Tech layer 125
Build Tech layer 127
Simplifying copper layer polygons
Calculating plated copper
Simplify holes contours
Build BVH for holes and vias
Load Raytracing: board
Load Raytracing: layers
Loading 3D models...
Reload time 0.202 s
Rendering: 100 %
Rendering time 0.136 s
Successfully created 3D render image
2026-09-26T04:35:47.838+00:00 [RP2040_2_layer_PCB/render-otb68j_d] Frame 47/72 finished in 0.955s
2026-09-26T04:35:47.838+00:00 [RP2040_2_layer_PCB/render-otb68j_d] Frame 48/72 started; angle=235
2026-09-26T04:35:48.714+00:00 [RP2040_2_layer_PCB/render-otb68j_d] Frame 48 stdout: Loading…
Build board outline

Create layers
Create tracks and vias
Create zones
Build Tech layers
Build Tech layer 11
Build Tech layer 9
Build Tech layer 15
Build Tech layer 13
Build Tech layer 7
Build Tech layer 5
Build Tech layer 3
Build Tech layer 1
Build Tech layer 17
Build Tech layer 19
Build Tech layer 21
Build Tech layer 23
Build Tech layer 39
Build Tech layer 41
Build Tech layer 43
Build Tech layer 45
Build Tech layer 47
Build Tech layer 49
Build Tech layer 51
Build Tech layer 53
Build Tech layer 55
Build Tech layer 57
Build Tech layer 59
Build Tech layer 61
Build Tech layer 63
Build Tech layer 65
Build Tech layer 67
Build Tech layer 69
Build Tech layer 71
Build Tech layer 73
Build Tech layer 75
Build Tech layer 77
Build Tech layer 79
Build Tech layer 81
Build Tech layer 83
Build Tech layer 85
Build Tech layer 87
Build Tech layer 89
Build Tech layer 91
Build Tech layer 93
Build Tech layer 95
Build Tech layer 97
Build Tech layer 99
Build Tech layer 101
Build Tech layer 103
Build Tech layer 105
Build Tech layer 107
Build Tech layer 109
Build Tech layer 111
Build Tech layer 113
Build Tech layer 115
Build Tech layer 117
Build Tech layer 119
Build Tech layer 121
Build Tech layer 123
Build Tech layer 125
Build Tech layer 127
Simplifying copper layer polygons
Calculating plated copper
Simplify holes contours
Build BVH for holes and vias
Load Raytracing: board
Load Raytracing: layers
Loading 3D models...
Reload time 0.224 s
Rendering: 100 %
Rendering time 0.115 s
Successfully created 3D render image
2026-09-26T04:35:48.728+00:00 [RP2040_2_layer_PCB/render-otb68j_d] Frame 48/72 finished in 0.890s
2026-09-26T04:35:48.728+00:00 [RP2040_2_layer_PCB/render-otb68j_d] Frame 49/72 started; angle=240
2026-09-26T04:35:49.688+00:00 [RP2040_2_layer_PCB/render-otb68j_d] Frame 49 stdout: Loading…
Build board outline

Create layers
Create tracks and vias
Create zones
Build Tech layers
Build Tech layer 11
Build Tech layer 9
Build Tech layer 15
Build Tech layer 13
Build Tech layer 7
Build Tech layer 5
Build Tech layer 3
Build Tech layer 1
Build Tech layer 17
Build Tech layer 19
Build Tech layer 21
Build Tech layer 23
Build Tech layer 39
Build Tech layer 41
Build Tech layer 43
Build Tech layer 45
Build Tech layer 47
Build Tech layer 49
Build Tech layer 51
Build Tech layer 53
Build Tech layer 55
Build Tech layer 57
Build Tech layer 59
Build Tech layer 61
Build Tech layer 63
Build Tech layer 65
Build Tech layer 67
Build Tech layer 69
Build Tech layer 71
Build Tech layer 73
Build Tech layer 75
Build Tech layer 77
Build Tech layer 79
Build Tech layer 81
Build Tech layer 83
Build Tech layer 85
Build Tech layer 87
Build Tech layer 89
Build Tech layer 91
Build Tech layer 93
Build Tech layer 95
Build Tech layer 97
Build Tech layer 99
Build Tech layer 101
Build Tech layer 103
Build Tech layer 105
Build Tech layer 107
Build Tech layer 109
Build Tech layer 111
Build Tech layer 113
Build Tech layer 115
Build Tech layer 117
Build Tech layer 119
Build Tech layer 121
Build Tech layer 123
Build Tech layer 125
Build Tech layer 127
Simplifying copper layer polygons
Calculating plated copper
Simplify holes contours
Build BVH for holes and vias
Load Raytracing: board
Load Raytracing: layers
Loading 3D models...
Reload time 0.236 s
Rendering: 100 %
Rendering time 0.093 s
Successfully created 3D render image
2026-09-26T04:35:49.696+00:00 [RP2040_2_layer_PCB/render-otb68j_d] Frame 49/72 finished in 0.968s
2026-09-26T04:35:49.696+00:00 [RP2040_2_layer_PCB/render-otb68j_d] Frame 50/72 started; angle=245
2026-09-26T04:35:50.635+00:00 [RP2040_2_layer_PCB/render-otb68j_d] Frame 50 stdout: Loading…
Build board outline

Create layers
Create tracks and vias
Create zones
Build Tech layers
Build Tech layer 11
Build Tech layer 9
Build Tech layer 15
Build Tech layer 13
Build Tech layer 7
Build Tech layer 5
Build Tech layer 3
Build Tech layer 1
Build Tech layer 17
Build Tech layer 19
Build Tech layer 21
Build Tech layer 23
Build Tech layer 39
Build Tech layer 41
Build Tech layer 43
Build Tech layer 45
Build Tech layer 47
Build Tech layer 49
Build Tech layer 51
Build Tech layer 53
Build Tech layer 55
Build Tech layer 57
Build Tech layer 59
Build Tech layer 61
Build Tech layer 63
Build Tech layer 65
Build Tech layer 67
Build Tech layer 69
Build Tech layer 71
Build Tech layer 73
Build Tech layer 75
Build Tech layer 77
Build Tech layer 79
Build Tech layer 81
Build Tech layer 83
Build Tech layer 85
Build Tech layer 87
Build Tech layer 89
Build Tech layer 91
Build Tech layer 93
Build Tech layer 95
Build Tech layer 97
Build Tech layer 99
Build Tech layer 101
Build Tech layer 103
Build Tech layer 105
Build Tech layer 107
Build Tech layer 109
Build Tech layer 111
Build Tech layer 113
Build Tech layer 115
Build Tech layer 117
Build Tech layer 119
Build Tech layer 121
Build Tech layer 123
Build Tech layer 125
Build Tech layer 127
Simplifying copper layer polygons
Calculating plated copper
Simplify holes contours
Build BVH for holes and vias
Load Raytracing: board
Load Raytracing: layers
Loading 3D models...
Reload time 0.236 s
Rendering: 100 %
Rendering time 0.116 s
Successfully created 3D render image
2026-09-26T04:35:50.643+00:00 [RP2040_2_layer_PCB/render-otb68j_d] Frame 50/72 finished in 0.946s
2026-09-26T04:35:50.643+00:00 [RP2040_2_layer_PCB/render-otb68j_d] Frame 51/72 started; angle=250
2026-09-26T04:35:51.539+00:00 [RP2040_2_layer_PCB/render-otb68j_d] Frame 51 stdout: Loading…
Build board outline

Create layers
Create tracks and vias
Create zones
Build Tech layers
Build Tech layer 11
Build Tech layer 9
Build Tech layer 15
Build Tech layer 13
Build Tech layer 7
Build Tech layer 5
Build Tech layer 3
Build Tech layer 1
Build Tech layer 17
Build Tech layer 19
Build Tech layer 21
Build Tech layer 23
Build Tech layer 39
Build Tech layer 41
Build Tech layer 43
Build Tech layer 45
Build Tech layer 47
Build Tech layer 49
Build Tech layer 51
Build Tech layer 53
Build Tech layer 55
Build Tech layer 57
Build Tech layer 59
Build Tech layer 61
Build Tech layer 63
Build Tech layer 65
Build Tech layer 67
Build Tech layer 69
Build Tech layer 71
Build Tech layer 73
Build Tech layer 75
Build Tech layer 77
Build Tech layer 79
Build Tech layer 81
Build Tech layer 83
Build Tech layer 85
Build Tech layer 87
Build Tech layer 89
Build Tech layer 91
Build Tech layer 93
Build Tech layer 95
Build Tech layer 97
Build Tech layer 99
Build Tech layer 101
Build Tech layer 103
Build Tech layer 105
Build Tech layer 107
Build Tech layer 109
Build Tech layer 111
Build Tech layer 113
Build Tech layer 115
Build Tech layer 117
Build Tech layer 119
Build Tech layer 121
Build Tech layer 123
Build Tech layer 125
Build Tech layer 127
Simplifying copper layer polygons
Calculating plated copper
Simplify holes contours
Build BVH for holes and vias
Load Raytracing: board
Load Raytracing: layers
Loading 3D models...
Reload time 0.257 s
Rendering: 100 %
Rendering time 0.080 s
Successfully created 3D render image
2026-09-26T04:35:51.546+00:00 [RP2040_2_layer_PCB/render-otb68j_d] Frame 51/72 finished in 0.903s
2026-09-26T04:35:51.546+00:00 [RP2040_2_layer_PCB/render-otb68j_d] Frame 52/72 started; angle=255
2026-09-26T04:35:52.390+00:00 [RP2040_2_layer_PCB/render-otb68j_d] Frame 52 stdout: Loading…
Build board outline

Create layers
Create tracks and vias
Create zones
Build Tech layers
Build Tech layer 11
Build Tech layer 9
Build Tech layer 15
Build Tech layer 13
Build Tech layer 7
Build Tech layer 5
Build Tech layer 3
Build Tech layer 1
Build Tech layer 17
Build Tech layer 19
Build Tech layer 21
Build Tech layer 23
Build Tech layer 39
Build Tech layer 41
Build Tech layer 43
Build Tech layer 45
Build Tech layer 47
Build Tech layer 49
Build Tech layer 51
Build Tech layer 53
Build Tech layer 55
Build Tech layer 57
Build Tech layer 59
Build Tech layer 61
Build Tech layer 63
Build Tech layer 65
Build Tech layer 67
Build Tech layer 69
Build Tech layer 71
Build Tech layer 73
Build Tech layer 75
Build Tech layer 77
Build Tech layer 79
Build Tech layer 81
Build Tech layer 83
Build Tech layer 85
Build Tech layer 87
Build Tech layer 89
Build Tech layer 91
Build Tech layer 93
Build Tech layer 95
Build Tech layer 97
Build Tech layer 99
Build Tech layer 101
Build Tech layer 103
Build Tech layer 105
Build Tech layer 107
Build Tech layer 109
Build Tech layer 111
Build Tech layer 113
Build Tech layer 115
Build Tech layer 117
Build Tech layer 119
Build Tech layer 121
Build Tech layer 123
Build Tech layer 125
Build Tech layer 127
Simplifying copper layer polygons
Calculating plated copper
Simplify holes contours
Build BVH for holes and vias
Load Raytracing: board
Load Raytracing: layers
Loading 3D models...
Reload time 0.257 s
Rendering: 100 %
Rendering time 0.065 s
Successfully created 3D render image
2026-09-26T04:35:52.398+00:00 [RP2040_2_layer_PCB/render-otb68j_d] Frame 52/72 finished in 0.852s
2026-09-26T04:35:52.398+00:00 [RP2040_2_layer_PCB/render-otb68j_d] Frame 53/72 started; angle=260
2026-09-26T04:35:53.256+00:00 [RP2040_2_layer_PCB/render-otb68j_d] Frame 53 stdout: Loading…
Build board outline

Create layers
Create tracks and vias
Create zones
Build Tech layers
Build Tech layer 11
Build Tech layer 9
Build Tech layer 15
Build Tech layer 13
Build Tech layer 7
Build Tech layer 5
Build Tech layer 3
Build Tech layer 1
Build Tech layer 17
Build Tech layer 19
Build Tech layer 21
Build Tech layer 23
Build Tech layer 39
Build Tech layer 41
Build Tech layer 43
Build Tech layer 45
Build Tech layer 47
Build Tech layer 49
Build Tech layer 51
Build Tech layer 53
Build Tech layer 55
Build Tech layer 57
Build Tech layer 59
Build Tech layer 61
Build Tech layer 63
Build Tech layer 65
Build Tech layer 67
Build Tech layer 69
Build Tech layer 71
Build Tech layer 73
Build Tech layer 75
Build Tech layer 77
Build Tech layer 79
Build Tech layer 81
Build Tech layer 83
Build Tech layer 85
Build Tech layer 87
Build Tech layer 89
Build Tech layer 91
Build Tech layer 93
Build Tech layer 95
Build Tech layer 97
Build Tech layer 99
Build Tech layer 101
Build Tech layer 103
Build Tech layer 105
Build Tech layer 107
Build Tech layer 109
Build Tech layer 111
Build Tech layer 113
Build Tech layer 115
Build Tech layer 117
Build Tech layer 119
Build Tech layer 121
Build Tech layer 123
Build Tech layer 125
Build Tech layer 127
Simplifying copper layer polygons
Calculating plated copper
Simplify holes contours
Build BVH for holes and vias
Load Raytracing: board
Load Raytracing: layers
Loading 3D models...
Reload time 0.258 s
Rendering: 100 %
Rendering time 0.058 s
Successfully created 3D render image
2026-09-26T04:35:53.264+00:00 [RP2040_2_layer_PCB/render-otb68j_d] Frame 53/72 finished in 0.866s
2026-09-26T04:35:53.264+00:00 [RP2040_2_layer_PCB/render-otb68j_d] Frame 54/72 started; angle=265
2026-09-26T04:35:54.099+00:00 [RP2040_2_layer_PCB/render-otb68j_d] Frame 54 stdout: Loading…
Build board outline

Create layers
Create tracks and vias
Create zones
Build Tech layers
Build Tech layer 11
Build Tech layer 9
Build Tech layer 15
Build Tech layer 13
Build Tech layer 7
Build Tech layer 5
Build Tech layer 3
Build Tech layer 1
Build Tech layer 17
Build Tech layer 19
Build Tech layer 21
Build Tech layer 23
Build Tech layer 39
Build Tech layer 41
Build Tech layer 43
Build Tech layer 45
Build Tech layer 47
Build Tech layer 49
Build Tech layer 51
Build Tech layer 53
Build Tech layer 55
Build Tech layer 57
Build Tech layer 59
Build Tech layer 61
Build Tech layer 63
Build Tech layer 65
Build Tech layer 67
Build Tech layer 69
Build Tech layer 71
Build Tech layer 73
Build Tech layer 75
Build Tech layer 77
Build Tech layer 79
Build Tech layer 81
Build Tech layer 83
Build Tech layer 85
Build Tech layer 87
Build Tech layer 89
Build Tech layer 91
Build Tech layer 93
Build Tech layer 95
Build Tech layer 97
Build Tech layer 99
Build Tech layer 101
Build Tech layer 103
Build Tech layer 105
Build Tech layer 107
Build Tech layer 109
Build Tech layer 111
Build Tech layer 113
Build Tech layer 115
Build Tech layer 117
Build Tech layer 119
Build Tech layer 121
Build Tech layer 123
Build Tech layer 125
Build Tech layer 127
Simplifying copper layer polygons
Calculating plated copper
Simplify holes contours
Build BVH for holes and vias
Load Raytracing: board
Load Raytracing: layers
Loading 3D models...
Reload time 0.230 s
Rendering: 100 %
Rendering time 0.053 s
Successfully created 3D render image
2026-09-26T04:35:54.106+00:00 [RP2040_2_layer_PCB/render-otb68j_d] Frame 54/72 finished in 0.842s
2026-09-26T04:35:54.106+00:00 [RP2040_2_layer_PCB/render-otb68j_d] Frame 55/72 started; angle=270
2026-09-26T04:35:54.917+00:00 [RP2040_2_layer_PCB/render-otb68j_d] Frame 55 stdout: Loading…
Build board outline

Create layers
Create tracks and vias
Create zones
Build Tech layers
Build Tech layer 11
Build Tech layer 9
Build Tech layer 15
Build Tech layer 13
Build Tech layer 7
Build Tech layer 5
Build Tech layer 3
Build Tech layer 1
Build Tech layer 17
Build Tech layer 19
Build Tech layer 21
Build Tech layer 23
Build Tech layer 39
Build Tech layer 41
Build Tech layer 43
Build Tech layer 45
Build Tech layer 47
Build Tech layer 49
Build Tech layer 51
Build Tech layer 53
Build Tech layer 55
Build Tech layer 57
Build Tech layer 59
Build Tech layer 61
Build Tech layer 63
Build Tech layer 65
Build Tech layer 67
Build Tech layer 69
Build Tech layer 71
Build Tech layer 73
Build Tech layer 75
Build Tech layer 77
Build Tech layer 79
Build Tech layer 81
Build Tech layer 83
Build Tech layer 85
Build Tech layer 87
Build Tech layer 89
Build Tech layer 91
Build Tech layer 93
Build Tech layer 95
Build Tech layer 97
Build Tech layer 99
Build Tech layer 101
Build Tech layer 103
Build Tech layer 105
Build Tech layer 107
Build Tech layer 109
Build Tech layer 111
Build Tech layer 113
Build Tech layer 115
Build Tech layer 117
Build Tech layer 119
Build Tech layer 121
Build Tech layer 123
Build Tech layer 125
Build Tech layer 127
Simplifying copper layer polygons
Calculating plated copper
Simplify holes contours
Build BVH for holes and vias
Load Raytracing: board
Load Raytracing: layers
Loading 3D models...
Reload time 0.239 s
Rendering: 100 %
Rendering time 0.035 s
Successfully created 3D render image
2026-09-26T04:35:54.922+00:00 [RP2040_2_layer_PCB/render-otb68j_d] Frame 55/72 finished in 0.816s
2026-09-26T04:35:54.922+00:00 [RP2040_2_layer_PCB/render-otb68j_d] Frame 56/72 started; angle=275
2026-09-26T04:35:55.828+00:00 [RP2040_2_layer_PCB/render-otb68j_d] Frame 56 stdout: Loading…
Build board outline

Create layers
Create tracks and vias
Create zones
Build Tech layers
Build Tech layer 11
Build Tech layer 9
Build Tech layer 15
Build Tech layer 13
Build Tech layer 7
Build Tech layer 5
Build Tech layer 3
Build Tech layer 1
Build Tech layer 17
Build Tech layer 19
Build Tech layer 21
Build Tech layer 23
Build Tech layer 39
Build Tech layer 41
Build Tech layer 43
Build Tech layer 45
Build Tech layer 47
Build Tech layer 49
Build Tech layer 51
Build Tech layer 53
Build Tech layer 55
Build Tech layer 57
Build Tech layer 59
Build Tech layer 61
Build Tech layer 63
Build Tech layer 65
Build Tech layer 67
Build Tech layer 69
Build Tech layer 71
Build Tech layer 73
Build Tech layer 75
Build Tech layer 77
Build Tech layer 79
Build Tech layer 81
Build Tech layer 83
Build Tech layer 85
Build Tech layer 87
Build Tech layer 89
Build Tech layer 91
Build Tech layer 93
Build Tech layer 95
Build Tech layer 97
Build Tech layer 99
Build Tech layer 101
Build Tech layer 103
Build Tech layer 105
Build Tech layer 107
Build Tech layer 109
Build Tech layer 111
Build Tech layer 113
Build Tech layer 115
Build Tech layer 117
Build Tech layer 119
Build Tech layer 121
Build Tech layer 123
Build Tech layer 125
Build Tech layer 127
Simplifying copper layer polygons
Calculating plated copper
Simplify holes contours
Build BVH for holes and vias
Load Raytracing: board
Load Raytracing: layers
Loading 3D models...
Reload time 0.229 s
Rendering: 100 %
Rendering time 0.038 s
Successfully created 3D render image
2026-09-26T04:35:55.833+00:00 [RP2040_2_layer_PCB/render-otb68j_d] Frame 56/72 finished in 0.911s
2026-09-26T04:35:55.834+00:00 [RP2040_2_layer_PCB/render-otb68j_d] Frame 57/72 started; angle=280
2026-09-26T04:35:56.685+00:00 [RP2040_2_layer_PCB/render-otb68j_d] Frame 57 stdout: Loading…
Build board outline

Create layers
Create tracks and vias
Create zones
Build Tech layers
Build Tech layer 11
Build Tech layer 9
Build Tech layer 15
Build Tech layer 13
Build Tech layer 7
Build Tech layer 5
Build Tech layer 3
Build Tech layer 1
Build Tech layer 17
Build Tech layer 19
Build Tech layer 21
Build Tech layer 23
Build Tech layer 39
Build Tech layer 41
Build Tech layer 43
Build Tech layer 45
Build Tech layer 47
Build Tech layer 49
Build Tech layer 51
Build Tech layer 53
Build Tech layer 55
Build Tech layer 57
Build Tech layer 59
Build Tech layer 61
Build Tech layer 63
Build Tech layer 65
Build Tech layer 67
Build Tech layer 69
Build Tech layer 71
Build Tech layer 73
Build Tech layer 75
Build Tech layer 77
Build Tech layer 79
Build Tech layer 81
Build Tech layer 83
Build Tech layer 85
Build Tech layer 87
Build Tech layer 89
Build Tech layer 91
Build Tech layer 93
Build Tech layer 95
Build Tech layer 97
Build Tech layer 99
Build Tech layer 101
Build Tech layer 103
Build Tech layer 105
Build Tech layer 107
Build Tech layer 109
Build Tech layer 111
Build Tech layer 113
Build Tech layer 115
Build Tech layer 117
Build Tech layer 119
Build Tech layer 121
Build Tech layer 123
Build Tech layer 125
Build Tech layer 127
Simplifying copper layer polygons
Calculating plated copper
Simplify holes contours
Build BVH for holes and vias
Load Raytracing: board
Load Raytracing: layers
Loading 3D models...
Reload time 0.220 s
Rendering: 100 %
Rendering time 0.046 s
Successfully created 3D render image
2026-09-26T04:35:56.692+00:00 [RP2040_2_layer_PCB/render-otb68j_d] Frame 57/72 finished in 0.859s
2026-09-26T04:35:56.692+00:00 [RP2040_2_layer_PCB/render-otb68j_d] Frame 58/72 started; angle=285
2026-09-26T04:35:57.617+00:00 [RP2040_2_layer_PCB/render-otb68j_d] Frame 58 stdout: Loading…
Build board outline

Create layers
Create tracks and vias
Create zones
Build Tech layers
Build Tech layer 11
Build Tech layer 9
Build Tech layer 15
Build Tech layer 13
Build Tech layer 7
Build Tech layer 5
Build Tech layer 3
Build Tech layer 1
Build Tech layer 17
Build Tech layer 19
Build Tech layer 21
Build Tech layer 23
Build Tech layer 39
Build Tech layer 41
Build Tech layer 43
Build Tech layer 45
Build Tech layer 47
Build Tech layer 49
Build Tech layer 51
Build Tech layer 53
Build Tech layer 55
Build Tech layer 57
Build Tech layer 59
Build Tech layer 61
Build Tech layer 63
Build Tech layer 65
Build Tech layer 67
Build Tech layer 69
Build Tech layer 71
Build Tech layer 73
Build Tech layer 75
Build Tech layer 77
Build Tech layer 79
Build Tech layer 81
Build Tech layer 83
Build Tech layer 85
Build Tech layer 87
Build Tech layer 89
Build Tech layer 91
Build Tech layer 93
Build Tech layer 95
Build Tech layer 97
Build Tech layer 99
Build Tech layer 101
Build Tech layer 103
Build Tech layer 105
Build Tech layer 107
Build Tech layer 109
Build Tech layer 111
Build Tech layer 113
Build Tech layer 115
Build Tech layer 117
Build Tech layer 119
Build Tech layer 121
Build Tech layer 123
Build Tech layer 125
Build Tech layer 127
Simplifying copper layer polygons
Calculating plated copper
Simplify holes contours
Build BVH for holes and vias
Load Raytracing: board
Load Raytracing: layers
Loading 3D models...
Reload time 0.289 s
Rendering: 100 %
Rendering time 0.057 s
Successfully created 3D render image
2026-09-26T04:35:57.626+00:00 [RP2040_2_layer_PCB/render-otb68j_d] Frame 58/72 finished in 0.934s
2026-09-26T04:35:57.626+00:00 [RP2040_2_layer_PCB/render-otb68j_d] Frame 59/72 started; angle=290
2026-09-26T04:35:58.631+00:00 [RP2040_2_layer_PCB/render-otb68j_d] Frame 59 stdout: Loading…
Build board outline

Create layers
Create tracks and vias
Create zones
Build Tech layers
Build Tech layer 11
Build Tech layer 9
Build Tech layer 15
Build Tech layer 13
Build Tech layer 7
Build Tech layer 5
Build Tech layer 3
Build Tech layer 1
Build Tech layer 17
Build Tech layer 19
Build Tech layer 21
Build Tech layer 23
Build Tech layer 39
Build Tech layer 41
Build Tech layer 43
Build Tech layer 45
Build Tech layer 47
Build Tech layer 49
Build Tech layer 51
Build Tech layer 53
Build Tech layer 55
Build Tech layer 57
Build Tech layer 59
Build Tech layer 61
Build Tech layer 63
Build Tech layer 65
Build Tech layer 67
Build Tech layer 69
Build Tech layer 71
Build Tech layer 73
Build Tech layer 75
Build Tech layer 77
Build Tech layer 79
Build Tech layer 81
Build Tech layer 83
Build Tech layer 85
Build Tech layer 87
Build Tech layer 89
Build Tech layer 91
Build Tech layer 93
Build Tech layer 95
Build Tech layer 97
Build Tech layer 99
Build Tech layer 101
Build Tech layer 103
Build Tech layer 105
Build Tech layer 107
Build Tech layer 109
Build Tech layer 111
Build Tech layer 113
Build Tech layer 115
Build Tech layer 117
Build Tech layer 119
Build Tech layer 121
Build Tech layer 123
Build Tech layer 125
Build Tech layer 127
Simplifying copper layer polygons
Calculating plated copper
Simplify holes contours
Build BVH for holes and vias
Load Raytracing: board
Load Raytracing: layers
Loading 3D models...
Reload time 0.332 s
Rendering: 100 %
Rendering time 0.067 s
Successfully created 3D render image
2026-09-26T04:35:58.650+00:00 [RP2040_2_layer_PCB/render-otb68j_d] Frame 59/72 finished in 1.025s
2026-09-26T04:35:58.650+00:00 [RP2040_2_layer_PCB/render-otb68j_d] Frame 60/72 started; angle=295
2026-09-26T04:35:59.623+00:00 [RP2040_2_layer_PCB/render-otb68j_d] Frame 60 stdout: Loading…
Build board outline

Create layers
Create tracks and vias
Create zones
Build Tech layers
Build Tech layer 11
Build Tech layer 9
Build Tech layer 15
Build Tech layer 13
Build Tech layer 7
Build Tech layer 5
Build Tech layer 3
Build Tech layer 1
Build Tech layer 17
Build Tech layer 19
Build Tech layer 21
Build Tech layer 23
Build Tech layer 39
Build Tech layer 41
Build Tech layer 43
Build Tech layer 45
Build Tech layer 47
Build Tech layer 49
Build Tech layer 51
Build Tech layer 53
Build Tech layer 55
Build Tech layer 57
Build Tech layer 59
Build Tech layer 61
Build Tech layer 63
Build Tech layer 65
Build Tech layer 67
Build Tech layer 69
Build Tech layer 71
Build Tech layer 73
Build Tech layer 75
Build Tech layer 77
Build Tech layer 79
Build Tech layer 81
Build Tech layer 83
Build Tech layer 85
Build Tech layer 87
Build Tech layer 89
Build Tech layer 91
Build Tech layer 93
Build Tech layer 95
Build Tech layer 97
Build Tech layer 99
Build Tech layer 101
Build Tech layer 103
Build Tech layer 105
Build Tech layer 107
Build Tech layer 109
Build Tech layer 111
Build Tech layer 113
Build Tech layer 115
Build Tech layer 117
Build Tech layer 119
Build Tech layer 121
Build Tech layer 123
Build Tech layer 125
Build Tech layer 127
Simplifying copper layer polygons
Calculating plated copper
Simplify holes contours
Build BVH for holes and vias
Load Raytracing: board
Load Raytracing: layers
Loading 3D models...
Reload time 0.282 s
Rendering: 100 %
Rendering time 0.091 s
Successfully created 3D render image
2026-09-26T04:35:59.631+00:00 [RP2040_2_layer_PCB/render-otb68j_d] Frame 60/72 finished in 0.981s
2026-09-26T04:35:59.631+00:00 [RP2040_2_layer_PCB/render-otb68j_d] Frame 61/72 started; angle=300
2026-09-26T04:36:00.579+00:00 [RP2040_2_layer_PCB/render-otb68j_d] Frame 61 stdout: Loading…
Build board outline

Create layers
Create tracks and vias
Create zones
Build Tech layers
Build Tech layer 11
Build Tech layer 9
Build Tech layer 15
Build Tech layer 13
Build Tech layer 7
Build Tech layer 5
Build Tech layer 3
Build Tech layer 1
Build Tech layer 17
Build Tech layer 19
Build Tech layer 21
Build Tech layer 23
Build Tech layer 39
Build Tech layer 41
Build Tech layer 43
Build Tech layer 45
Build Tech layer 47
Build Tech layer 49
Build Tech layer 51
Build Tech layer 53
Build Tech layer 55
Build Tech layer 57
Build Tech layer 59
Build Tech layer 61
Build Tech layer 63
Build Tech layer 65
Build Tech layer 67
Build Tech layer 69
Build Tech layer 71
Build Tech layer 73
Build Tech layer 75
Build Tech layer 77
Build Tech layer 79
Build Tech layer 81
Build Tech layer 83
Build Tech layer 85
Build Tech layer 87
Build Tech layer 89
Build Tech layer 91
Build Tech layer 93
Build Tech layer 95
Build Tech layer 97
Build Tech layer 99
Build Tech layer 101
Build Tech layer 103
Build Tech layer 105
Build Tech layer 107
Build Tech layer 109
Build Tech layer 111
Build Tech layer 113
Build Tech layer 115
Build Tech layer 117
Build Tech layer 119
Build Tech layer 121
Build Tech layer 123
Build Tech layer 125
Build Tech layer 127
Simplifying copper layer polygons
Calculating plated copper
Simplify holes contours
Build BVH for holes and vias
Load Raytracing: board
Load Raytracing: layers
Loading 3D models...
Reload time 0.324 s
Rendering: 100 %
Rendering time 0.083 s
Successfully created 3D render image
2026-09-26T04:36:00.589+00:00 [RP2040_2_layer_PCB/render-otb68j_d] Frame 61/72 finished in 0.957s
2026-09-26T04:36:00.589+00:00 [RP2040_2_layer_PCB/render-otb68j_d] Frame 62/72 started; angle=305
2026-09-26T04:36:01.669+00:00 [RP2040_2_layer_PCB/render-otb68j_d] Frame 62 stdout: Loading…
Build board outline

Create layers
Create tracks and vias
Create zones
Build Tech layers
Build Tech layer 11
Build Tech layer 9
Build Tech layer 15
Build Tech layer 13
Build Tech layer 7
Build Tech layer 5
Build Tech layer 3
Build Tech layer 1
Build Tech layer 17
Build Tech layer 19
Build Tech layer 21
Build Tech layer 23
Build Tech layer 39
Build Tech layer 41
Build Tech layer 43
Build Tech layer 45
Build Tech layer 47
Build Tech layer 49
Build Tech layer 51
Build Tech layer 53
Build Tech layer 55
Build Tech layer 57
Build Tech layer 59
Build Tech layer 61
Build Tech layer 63
Build Tech layer 65
Build Tech layer 67
Build Tech layer 69
Build Tech layer 71
Build Tech layer 73
Build Tech layer 75
Build Tech layer 77
Build Tech layer 79
Build Tech layer 81
Build Tech layer 83
Build Tech layer 85
Build Tech layer 87
Build Tech layer 89
Build Tech layer 91
Build Tech layer 93
Build Tech layer 95
Build Tech layer 97
Build Tech layer 99
Build Tech layer 101
Build Tech layer 103
Build Tech layer 105
Build Tech layer 107
Build Tech layer 109
Build Tech layer 111
Build Tech layer 113
Build Tech layer 115
Build Tech layer 117
Build Tech layer 119
Build Tech layer 121
Build Tech layer 123
Build Tech layer 125
Build Tech layer 127
Simplifying copper layer polygons
Calculating plated copper
Simplify holes contours
Build BVH for holes and vias
Load Raytracing: board
Load Raytracing: layers
Loading 3D models...
Reload time 0.281 s
Rendering: 100 %
Rendering time 0.171 s
Successfully created 3D render image
2026-09-26T04:36:01.678+00:00 [RP2040_2_layer_PCB/render-otb68j_d] Frame 62/72 finished in 1.089s
2026-09-26T04:36:01.678+00:00 [RP2040_2_layer_PCB/render-otb68j_d] Frame 63/72 started; angle=310
2026-09-26T04:36:02.651+00:00 [RP2040_2_layer_PCB/render-otb68j_d] Frame 63 stdout: Loading…
Build board outline

Create layers
Create tracks and vias
Create zones
Build Tech layers
Build Tech layer 11
Build Tech layer 9
Build Tech layer 15
Build Tech layer 13
Build Tech layer 7
Build Tech layer 5
Build Tech layer 3
Build Tech layer 1
Build Tech layer 17
Build Tech layer 19
Build Tech layer 21
Build Tech layer 23
Build Tech layer 39
Build Tech layer 41
Build Tech layer 43
Build Tech layer 45
Build Tech layer 47
Build Tech layer 49
Build Tech layer 51
Build Tech layer 53
Build Tech layer 55
Build Tech layer 57
Build Tech layer 59
Build Tech layer 61
Build Tech layer 63
Build Tech layer 65
Build Tech layer 67
Build Tech layer 69
Build Tech layer 71
Build Tech layer 73
Build Tech layer 75
Build Tech layer 77
Build Tech layer 79
Build Tech layer 81
Build Tech layer 83
Build Tech layer 85
Build Tech layer 87
Build Tech layer 89
Build Tech layer 91
Build Tech layer 93
Build Tech layer 95
Build Tech layer 97
Build Tech layer 99
Build Tech layer 101
Build Tech layer 103
Build Tech layer 105
Build Tech layer 107
Build Tech layer 109
Build Tech layer 111
Build Tech layer 113
Build Tech layer 115
Build Tech layer 117
Build Tech layer 119
Build Tech layer 121
Build Tech layer 123
Build Tech layer 125
Build Tech layer 127
Simplifying copper layer polygons
Calculating plated copper
Simplify holes contours
Build BVH for holes and vias
Load Raytracing: board
Load Raytracing: layers
Loading 3D models...
Reload time 0.219 s
Rendering: 100 %
Rendering time 0.141 s
Successfully created 3D render image
2026-09-26T04:36:02.664+00:00 [RP2040_2_layer_PCB/render-otb68j_d] Frame 63/72 finished in 0.986s
2026-09-26T04:36:02.664+00:00 [RP2040_2_layer_PCB/render-otb68j_d] Frame 64/72 started; angle=315
2026-09-26T04:36:03.626+00:00 [RP2040_2_layer_PCB/render-otb68j_d] Frame 64 stdout: Loading…
Build board outline

Create layers
Create tracks and vias
Create zones
Build Tech layers
Build Tech layer 11
Build Tech layer 9
Build Tech layer 15
Build Tech layer 13
Build Tech layer 7
Build Tech layer 5
Build Tech layer 3
Build Tech layer 1
Build Tech layer 17
Build Tech layer 19
Build Tech layer 21
Build Tech layer 23
Build Tech layer 39
Build Tech layer 41
Build Tech layer 43
Build Tech layer 45
Build Tech layer 47
Build Tech layer 49
Build Tech layer 51
Build Tech layer 53
Build Tech layer 55
Build Tech layer 57
Build Tech layer 59
Build Tech layer 61
Build Tech layer 63
Build Tech layer 65
Build Tech layer 67
Build Tech layer 69
Build Tech layer 71
Build Tech layer 73
Build Tech layer 75
Build Tech layer 77
Build Tech layer 79
Build Tech layer 81
Build Tech layer 83
Build Tech layer 85
Build Tech layer 87
Build Tech layer 89
Build Tech layer 91
Build Tech layer 93
Build Tech layer 95
Build Tech layer 97
Build Tech layer 99
Build Tech layer 101
Build Tech layer 103
Build Tech layer 105
Build Tech layer 107
Build Tech layer 109
Build Tech layer 111
Build Tech layer 113
Build Tech layer 115
Build Tech layer 117
Build Tech layer 119
Build Tech layer 121
Build Tech layer 123
Build Tech layer 125
Build Tech layer 127
Simplifying copper layer polygons
Calculating plated copper
Simplify holes contours
Build BVH for holes and vias
Load Raytracing: board
Load Raytracing: layers
Loading 3D models...
Reload time 0.225 s
Rendering: 100 %
Rendering time 0.120 s
Successfully created 3D render image
2026-09-26T04:36:03.640+00:00 [RP2040_2_layer_PCB/render-otb68j_d] Frame 64/72 finished in 0.976s
2026-09-26T04:36:03.640+00:00 [RP2040_2_layer_PCB/render-otb68j_d] Frame 65/72 started; angle=320
2026-09-26T04:36:04.714+00:00 [RP2040_2_layer_PCB/render-otb68j_d] Frame 65 stdout: Loading…
Build board outline

Create layers
Create tracks and vias
Create zones
Build Tech layers
Build Tech layer 11
Build Tech layer 9
Build Tech layer 15
Build Tech layer 13
Build Tech layer 7
Build Tech layer 5
Build Tech layer 3
Build Tech layer 1
Build Tech layer 17
Build Tech layer 19
Build Tech layer 21
Build Tech layer 23
Build Tech layer 39
Build Tech layer 41
Build Tech layer 43
Build Tech layer 45
Build Tech layer 47
Build Tech layer 49
Build Tech layer 51
Build Tech layer 53
Build Tech layer 55
Build Tech layer 57
Build Tech layer 59
Build Tech layer 61
Build Tech layer 63
Build Tech layer 65
Build Tech layer 67
Build Tech layer 69
Build Tech layer 71
Build Tech layer 73
Build Tech layer 75
Build Tech layer 77
Build Tech layer 79
Build Tech layer 81
Build Tech layer 83
Build Tech layer 85
Build Tech layer 87
Build Tech layer 89
Build Tech layer 91
Build Tech layer 93
Build Tech layer 95
Build Tech layer 97
Build Tech layer 99
Build Tech layer 101
Build Tech layer 103
Build Tech layer 105
Build Tech layer 107
Build Tech layer 109
Build Tech layer 111
Build Tech layer 113
Build Tech layer 115
Build Tech layer 117
Build Tech layer 119
Build Tech layer 121
Build Tech layer 123
Build Tech layer 125
Build Tech layer 127
Simplifying copper layer polygons
Calculating plated copper
Simplify holes contours
Build BVH for holes and vias
Load Raytracing: board
Load Raytracing: layers
Loading 3D models...
Reload time 0.255 s
Rendering: 100 %
Rendering time 0.129 s
Successfully created 3D render image
2026-09-26T04:36:04.736+00:00 [RP2040_2_layer_PCB/render-otb68j_d] Frame 65/72 finished in 1.096s
2026-09-26T04:36:04.736+00:00 [RP2040_2_layer_PCB/render-otb68j_d] Frame 66/72 started; angle=325
2026-09-26T04:36:05.841+00:00 [RP2040_2_layer_PCB/render-otb68j_d] Frame 66 stdout: Loading…
Build board outline

Create layers
Create tracks and vias
Create zones
Build Tech layers
Build Tech layer 11
Build Tech layer 9
Build Tech layer 15
Build Tech layer 13
Build Tech layer 7
Build Tech layer 5
Build Tech layer 3
Build Tech layer 1
Build Tech layer 17
Build Tech layer 19
Build Tech layer 21
Build Tech layer 23
Build Tech layer 39
Build Tech layer 41
Build Tech layer 43
Build Tech layer 45
Build Tech layer 47
Build Tech layer 49
Build Tech layer 51
Build Tech layer 53
Build Tech layer 55
Build Tech layer 57
Build Tech layer 59
Build Tech layer 61
Build Tech layer 63
Build Tech layer 65
Build Tech layer 67
Build Tech layer 69
Build Tech layer 71
Build Tech layer 73
Build Tech layer 75
Build Tech layer 77
Build Tech layer 79
Build Tech layer 81
Build Tech layer 83
Build Tech layer 85
Build Tech layer 87
Build Tech layer 89
Build Tech layer 91
Build Tech layer 93
Build Tech layer 95
Build Tech layer 97
Build Tech layer 99
Build Tech layer 101
Build Tech layer 103
Build Tech layer 105
Build Tech layer 107
Build Tech layer 109
Build Tech layer 111
Build Tech layer 113
Build Tech layer 115
Build Tech layer 117
Build Tech layer 119
Build Tech layer 121
Build Tech layer 123
Build Tech layer 125
Build Tech layer 127
Simplifying copper layer polygons
Calculating plated copper
Simplify holes contours
Build BVH for holes and vias
Load Raytracing: board
Load Raytracing: layers
Loading 3D models...
Reload time 0.243 s
Rendering: 100 %
Rendering time 0.175 s
Successfully created 3D render image
2026-09-26T04:36:05.851+00:00 [RP2040_2_layer_PCB/render-otb68j_d] Frame 66/72 finished in 1.115s
2026-09-26T04:36:05.851+00:00 [RP2040_2_layer_PCB/render-otb68j_d] Frame 67/72 started; angle=330
2026-09-26T04:36:07.019+00:00 [RP2040_2_layer_PCB/render-otb68j_d] Frame 67 stdout: Loading…
Build board outline

Create layers
Create tracks and vias
Create zones
Build Tech layers
Build Tech layer 11
Build Tech layer 9
Build Tech layer 15
Build Tech layer 13
Build Tech layer 7
Build Tech layer 5
Build Tech layer 3
Build Tech layer 1
Build Tech layer 17
Build Tech layer 19
Build Tech layer 21
Build Tech layer 23
Build Tech layer 39
Build Tech layer 41
Build Tech layer 43
Build Tech layer 45
Build Tech layer 47
Build Tech layer 49
Build Tech layer 51
Build Tech layer 53
Build Tech layer 55
Build Tech layer 57
Build Tech layer 59
Build Tech layer 61
Build Tech layer 63
Build Tech layer 65
Build Tech layer 67
Build Tech layer 69
Build Tech layer 71
Build Tech layer 73
Build Tech layer 75
Build Tech layer 77
Build Tech layer 79
Build Tech layer 81
Build Tech layer 83
Build Tech layer 85
Build Tech layer 87
Build Tech layer 89
Build Tech layer 91
Build Tech layer 93
Build Tech layer 95
Build Tech layer 97
Build Tech layer 99
Build Tech layer 101
Build Tech layer 103
Build Tech layer 105
Build Tech layer 107
Build Tech layer 109
Build Tech layer 111
Build Tech layer 113
Build Tech layer 115
Build Tech layer 117
Build Tech layer 119
Build Tech layer 121
Build Tech layer 123
Build Tech layer 125
Build Tech layer 127
Simplifying copper layer polygons
Calculating plated copper
Simplify holes contours
Build BVH for holes and vias
Load Raytracing: board
Load Raytracing: layers
Loading 3D models...
Reload time 0.264 s
Rendering: 100 %
Rendering time 0.209 s
Successfully created 3D render image
2026-09-26T04:36:07.030+00:00 [RP2040_2_layer_PCB/render-otb68j_d] Frame 67/72 finished in 1.180s
2026-09-26T04:36:07.030+00:00 [RP2040_2_layer_PCB/render-otb68j_d] Frame 68/72 started; angle=335
2026-09-26T04:36:08.091+00:00 [RP2040_2_layer_PCB/render-otb68j_d] Frame 68 stdout: Loading…
Build board outline

Create layers
Create tracks and vias
Create zones
Build Tech layers
Build Tech layer 11
Build Tech layer 9
Build Tech layer 15
Build Tech layer 13
Build Tech layer 7
Build Tech layer 5
Build Tech layer 3
Build Tech layer 1
Build Tech layer 17
Build Tech layer 19
Build Tech layer 21
Build Tech layer 23
Build Tech layer 39
Build Tech layer 41
Build Tech layer 43
Build Tech layer 45
Build Tech layer 47
Build Tech layer 49
Build Tech layer 51
Build Tech layer 53
Build Tech layer 55
Build Tech layer 57
Build Tech layer 59
Build Tech layer 61
Build Tech layer 63
Build Tech layer 65
Build Tech layer 67
Build Tech layer 69
Build Tech layer 71
Build Tech layer 73
Build Tech layer 75
Build Tech layer 77
Build Tech layer 79
Build Tech layer 81
Build Tech layer 83
Build Tech layer 85
Build Tech layer 87
Build Tech layer 89
Build Tech layer 91
Build Tech layer 93
Build Tech layer 95
Build Tech layer 97
Build Tech layer 99
Build Tech layer 101
Build Tech layer 103
Build Tech layer 105
Build Tech layer 107
Build Tech layer 109
Build Tech layer 111
Build Tech layer 113
Build Tech layer 115
Build Tech layer 117
Build Tech layer 119
Build Tech layer 121
Build Tech layer 123
Build Tech layer 125
Build Tech layer 127
Simplifying copper layer polygons
Calculating plated copper
Simplify holes contours
Build BVH for holes and vias
Load Raytracing: board
Load Raytracing: layers
Loading 3D models...
Reload time 0.281 s
Rendering: 100 %
Rendering time 0.143 s
Successfully created 3D render image
2026-09-26T04:36:08.101+00:00 [RP2040_2_layer_PCB/render-otb68j_d] Frame 68/72 finished in 1.071s
2026-09-26T04:36:08.101+00:00 [RP2040_2_layer_PCB/render-otb68j_d] Frame 69/72 started; angle=340
2026-09-26T04:36:09.085+00:00 [RP2040_2_layer_PCB/render-otb68j_d] Frame 69 stdout: Loading…
Build board outline

Create layers
Create tracks and vias
Create zones
Build Tech layers
Build Tech layer 11
Build Tech layer 9
Build Tech layer 15
Build Tech layer 13
Build Tech layer 7
Build Tech layer 5
Build Tech layer 3
Build Tech layer 1
Build Tech layer 17
Build Tech layer 19
Build Tech layer 21
Build Tech layer 23
Build Tech layer 39
Build Tech layer 41
Build Tech layer 43
Build Tech layer 45
Build Tech layer 47
Build Tech layer 49
Build Tech layer 51
Build Tech layer 53
Build Tech layer 55
Build Tech layer 57
Build Tech layer 59
Build Tech layer 61
Build Tech layer 63
Build Tech layer 65
Build Tech layer 67
Build Tech layer 69
Build Tech layer 71
Build Tech layer 73
Build Tech layer 75
Build Tech layer 77
Build Tech layer 79
Build Tech layer 81
Build Tech layer 83
Build Tech layer 85
Build Tech layer 87
Build Tech layer 89
Build Tech layer 91
Build Tech layer 93
Build Tech layer 95
Build Tech layer 97
Build Tech layer 99
Build Tech layer 101
Build Tech layer 103
Build Tech layer 105
Build Tech layer 107
Build Tech layer 109
Build Tech layer 111
Build Tech layer 113
Build Tech layer 115
Build Tech layer 117
Build Tech layer 119
Build Tech layer 121
Build Tech layer 123
Build Tech layer 125
Build Tech layer 127
Simplifying copper layer polygons
Calculating plated copper
Simplify holes contours
Build BVH for holes and vias
Load Raytracing: board
Load Raytracing: layers
Loading 3D models...
Reload time 0.292 s
Rendering: 100 %
Rendering time 0.140 s
Successfully created 3D render image
2026-09-26T04:36:09.096+00:00 [RP2040_2_layer_PCB/render-otb68j_d] Frame 69/72 finished in 0.995s
2026-09-26T04:36:09.096+00:00 [RP2040_2_layer_PCB/render-otb68j_d] Frame 70/72 started; angle=345
2026-09-26T04:36:10.225+00:00 [RP2040_2_layer_PCB/render-otb68j_d] Frame 70 stdout: Loading…
Build board outline

Create layers
Create tracks and vias
Create zones
Build Tech layers
Build Tech layer 11
Build Tech layer 9
Build Tech layer 15
Build Tech layer 13
Build Tech layer 7
Build Tech layer 5
Build Tech layer 3
Build Tech layer 1
Build Tech layer 17
Build Tech layer 19
Build Tech layer 21
Build Tech layer 23
Build Tech layer 39
Build Tech layer 41
Build Tech layer 43
Build Tech layer 45
Build Tech layer 47
Build Tech layer 49
Build Tech layer 51
Build Tech layer 53
Build Tech layer 55
Build Tech layer 57
Build Tech layer 59
Build Tech layer 61
Build Tech layer 63
Build Tech layer 65
Build Tech layer 67
Build Tech layer 69
Build Tech layer 71
Build Tech layer 73
Build Tech layer 75
Build Tech layer 77
Build Tech layer 79
Build Tech layer 81
Build Tech layer 83
Build Tech layer 85
Build Tech layer 87
Build Tech layer 89
Build Tech layer 91
Build Tech layer 93
Build Tech layer 95
Build Tech layer 97
Build Tech layer 99
Build Tech layer 101
Build Tech layer 103
Build Tech layer 105
Build Tech layer 107
Build Tech layer 109
Build Tech layer 111
Build Tech layer 113
Build Tech layer 115
Build Tech layer 117
Build Tech layer 119
Build Tech layer 121
Build Tech layer 123
Build Tech layer 125
Build Tech layer 127
Simplifying copper layer polygons
Calculating plated copper
Simplify holes contours
Build BVH for holes and vias
Load Raytracing: board
Load Raytracing: layers
Loading 3D models...
Reload time 0.282 s
Rendering: 100 %
Rendering time 0.225 s
Successfully created 3D render image
2026-09-26T04:36:10.236+00:00 [RP2040_2_layer_PCB/render-otb68j_d] Frame 70/72 finished in 1.141s
2026-09-26T04:36:10.237+00:00 [RP2040_2_layer_PCB/render-otb68j_d] Frame 71/72 started; angle=350
2026-09-26T04:36:11.382+00:00 [RP2040_2_layer_PCB/render-otb68j_d] Frame 71 stdout: Loading…
Build board outline

Create layers
Create tracks and vias
Create zones
Build Tech layers
Build Tech layer 11
Build Tech layer 9
Build Tech layer 15
Build Tech layer 13
Build Tech layer 7
Build Tech layer 5
Build Tech layer 3
Build Tech layer 1
Build Tech layer 17
Build Tech layer 19
Build Tech layer 21
Build Tech layer 23
Build Tech layer 39
Build Tech layer 41
Build Tech layer 43
Build Tech layer 45
Build Tech layer 47
Build Tech layer 49
Build Tech layer 51
Build Tech layer 53
Build Tech layer 55
Build Tech layer 57
Build Tech layer 59
Build Tech layer 61
Build Tech layer 63
Build Tech layer 65
Build Tech layer 67
Build Tech layer 69
Build Tech layer 71
Build Tech layer 73
Build Tech layer 75
Build Tech layer 77
Build Tech layer 79
Build Tech layer 81
Build Tech layer 83
Build Tech layer 85
Build Tech layer 87
Build Tech layer 89
Build Tech layer 91
Build Tech layer 93
Build Tech layer 95
Build Tech layer 97
Build Tech layer 99
Build Tech layer 101
Build Tech layer 103
Build Tech layer 105
Build Tech layer 107
Build Tech layer 109
Build Tech layer 111
Build Tech layer 113
Build Tech layer 115
Build Tech layer 117
Build Tech layer 119
Build Tech layer 121
Build Tech layer 123
Build Tech layer 125
Build Tech layer 127
Simplifying copper layer polygons
Calculating plated copper
Simplify holes contours
Build BVH for holes and vias
Load Raytracing: board
Load Raytracing: layers
Loading 3D models...
Reload time 0.241 s
Rendering: 100 %
Rendering time 0.182 s
Successfully created 3D render image
2026-09-26T04:36:11.401+00:00 [RP2040_2_layer_PCB/render-otb68j_d] Frame 71/72 finished in 1.164s
2026-09-26T04:36:11.401+00:00 [RP2040_2_layer_PCB/render-otb68j_d] Frame 72/72 started; angle=355
2026-09-26T04:36:12.496+00:00 [RP2040_2_layer_PCB/render-otb68j_d] Frame 72 stdout: Loading…
Build board outline

Create layers
Create tracks and vias
Create zones
Build Tech layers
Build Tech layer 11
Build Tech layer 9
Build Tech layer 15
Build Tech layer 13
Build Tech layer 7
Build Tech layer 5
Build Tech layer 3
Build Tech layer 1
Build Tech layer 17
Build Tech layer 19
Build Tech layer 21
Build Tech layer 23
Build Tech layer 39
Build Tech layer 41
Build Tech layer 43
Build Tech layer 45
Build Tech layer 47
Build Tech layer 49
Build Tech layer 51
Build Tech layer 53
Build Tech layer 55
Build Tech layer 57
Build Tech layer 59
Build Tech layer 61
Build Tech layer 63
Build Tech layer 65
Build Tech layer 67
Build Tech layer 69
Build Tech layer 71
Build Tech layer 73
Build Tech layer 75
Build Tech layer 77
Build Tech layer 79
Build Tech layer 81
Build Tech layer 83
Build Tech layer 85
Build Tech layer 87
Build Tech layer 89
Build Tech layer 91
Build Tech layer 93
Build Tech layer 95
Build Tech layer 97
Build Tech layer 99
Build Tech layer 101
Build Tech layer 103
Build Tech layer 105
Build Tech layer 107
Build Tech layer 109
Build Tech layer 111
Build Tech layer 113
Build Tech layer 115
Build Tech layer 117
Build Tech layer 119
Build Tech layer 121
Build Tech layer 123
Build Tech layer 125
Build Tech layer 127
Simplifying copper layer polygons
Calculating plated copper
Simplify holes contours
Build BVH for holes and vias
Load Raytracing: board
Load Raytracing: layers
Loading 3D models...
Reload time 0.230 s
Rendering: 100 %
Rendering time 0.181 s
Successfully created 3D render image
2026-09-26T04:36:12.528+00:00 [RP2040_2_layer_PCB/render-otb68j_d] Frame 72/72 finished in 1.128s
2026-09-26T04:36:12.969+00:00 [RP2040_2_layer_PCB/render-otb68j_d] GIF assembly finished in 0.441s; 3026159 bytes
2026-09-26T04:36:13.012+00:00 [RP2040_2_layer_PCB/render-otb68j_d] GIF uploaded to /boards/kicad/RP2040_2_layer_PCB/updated_pcb_file_spin.gif in 0.043s
2026-09-26T04:36:13.012+00:00 [RP2040_2_layer_PCB/render-otb68j_d] Elapsed 71.837s; publishing log to /boards/kicad/RP2040_2_layer_PCB/updated_pcb_file_spin.log
