2026-09-26T04:36:13.038+00:00 [Teensy4.1_4_layer_PCB/render-y2l42d_y] Started 72 frames at 900x640; scratch=/tmp/autocuro-spin/Teensy4.1_4_layer_PCB/render-y2l42d_y
2026-09-26T04:36:13.070+00:00 [Teensy4.1_4_layer_PCB/render-y2l42d_y] Model unavailable, keeping reference: E:\Dropbox\Hardware\Teensy4.1-example\Ny mappe\SamacSys_Parts.3dshapes\MIMXRT1062DVJ6B.stp
2026-09-26T04:36:13.090+00:00 [Teensy4.1_4_layer_PCB/render-y2l42d_y] Staged board locally; copied 0 external model(s)
2026-09-26T04:36:13.090+00:00 [Teensy4.1_4_layer_PCB/render-y2l42d_y] Input staging took 0.052s
2026-09-26T04:36:13.090+00:00 [Teensy4.1_4_layer_PCB/render-y2l42d_y] Frame 1/72 started; angle=0
2026-09-26T04:36:15.572+00:00 [Teensy4.1_4_layer_PCB/render-y2l42d_y] Frame 1 stdout: Loading…
Build board outline

Create layers
Create tracks and vias
Create zones
Build Tech layers
Build Tech layer 11
Build Tech layer 9
Build Tech layer 15
Build Tech layer 13
Build Tech layer 7
Build Tech layer 5
Build Tech layer 3
Build Tech layer 1
Build Tech layer 17
Build Tech layer 19
Build Tech layer 21
Build Tech layer 23
Build Tech layer 39
Build Tech layer 41
Build Tech layer 43
Build Tech layer 45
Build Tech layer 47
Build Tech layer 49
Build Tech layer 51
Build Tech layer 53
Build Tech layer 55
Build Tech layer 57
Build Tech layer 59
Build Tech layer 61
Build Tech layer 63
Build Tech layer 65
Build Tech layer 67
Build Tech layer 69
Build Tech layer 71
Build Tech layer 73
Build Tech layer 75
Build Tech layer 77
Build Tech layer 79
Build Tech layer 81
Build Tech layer 83
Build Tech layer 85
Build Tech layer 87
Build Tech layer 89
Build Tech layer 91
Build Tech layer 93
Build Tech layer 95
Build Tech layer 97
Build Tech layer 99
Build Tech layer 101
Build Tech layer 103
Build Tech layer 105
Build Tech layer 107
Build Tech layer 109
Build Tech layer 111
Build Tech layer 113
Build Tech layer 115
Build Tech layer 117
Build Tech layer 119
Build Tech layer 121
Build Tech layer 123
Build Tech layer 125
Build Tech layer 127
Simplifying copper layer polygons
Calculating plated copper
Simplify holes contours
Build BVH for holes and vias
Load Raytracing: board
Load Raytracing: layers
Loading 3D models...
Reload time 1.214 s
Rendering: 100 %
Rendering time 0.198 s
Successfully created 3D render image
2026-09-26T04:36:15.588+00:00 [Teensy4.1_4_layer_PCB/render-y2l42d_y] Frame 1/72 finished in 2.498s
2026-09-26T04:36:15.588+00:00 [Teensy4.1_4_layer_PCB/render-y2l42d_y] Frame 2/72 started; angle=5
2026-09-26T04:36:17.020+00:00 [Teensy4.1_4_layer_PCB/render-y2l42d_y] Frame 2 stdout: Loading…
Build board outline

Create layers
Create tracks and vias
Create zones
Build Tech layers
Build Tech layer 11
Build Tech layer 9
Build Tech layer 15
Build Tech layer 13
Build Tech layer 7
Build Tech layer 5
Build Tech layer 3
Build Tech layer 1
Build Tech layer 17
Build Tech layer 19
Build Tech layer 21
Build Tech layer 23
Build Tech layer 39
Build Tech layer 41
Build Tech layer 43
Build Tech layer 45
Build Tech layer 47
Build Tech layer 49
Build Tech layer 51
Build Tech layer 53
Build Tech layer 55
Build Tech layer 57
Build Tech layer 59
Build Tech layer 61
Build Tech layer 63
Build Tech layer 65
Build Tech layer 67
Build Tech layer 69
Build Tech layer 71
Build Tech layer 73
Build Tech layer 75
Build Tech layer 77
Build Tech layer 79
Build Tech layer 81
Build Tech layer 83
Build Tech layer 85
Build Tech layer 87
Build Tech layer 89
Build Tech layer 91
Build Tech layer 93
Build Tech layer 95
Build Tech layer 97
Build Tech layer 99
Build Tech layer 101
Build Tech layer 103
Build Tech layer 105
Build Tech layer 107
Build Tech layer 109
Build Tech layer 111
Build Tech layer 113
Build Tech layer 115
Build Tech layer 117
Build Tech layer 119
Build Tech layer 121
Build Tech layer 123
Build Tech layer 125
Build Tech layer 127
Simplifying copper layer polygons
Calculating plated copper
Simplify holes contours
Build BVH for holes and vias
Load Raytracing: board
Load Raytracing: layers
Loading 3D models...
Reload time 0.456 s
Rendering: 100 %
Rendering time 0.204 s
Successfully created 3D render image
2026-09-26T04:36:17.033+00:00 [Teensy4.1_4_layer_PCB/render-y2l42d_y] Frame 2/72 finished in 1.445s
2026-09-26T04:36:17.033+00:00 [Teensy4.1_4_layer_PCB/render-y2l42d_y] Frame 3/72 started; angle=10
2026-09-26T04:36:18.661+00:00 [Teensy4.1_4_layer_PCB/render-y2l42d_y] Frame 3 stdout: Loading…
Build board outline

Create layers
Create tracks and vias
Create zones
Build Tech layers
Build Tech layer 11
Build Tech layer 9
Build Tech layer 15
Build Tech layer 13
Build Tech layer 7
Build Tech layer 5
Build Tech layer 3
Build Tech layer 1
Build Tech layer 17
Build Tech layer 19
Build Tech layer 21
Build Tech layer 23
Build Tech layer 39
Build Tech layer 41
Build Tech layer 43
Build Tech layer 45
Build Tech layer 47
Build Tech layer 49
Build Tech layer 51
Build Tech layer 53
Build Tech layer 55
Build Tech layer 57
Build Tech layer 59
Build Tech layer 61
Build Tech layer 63
Build Tech layer 65
Build Tech layer 67
Build Tech layer 69
Build Tech layer 71
Build Tech layer 73
Build Tech layer 75
Build Tech layer 77
Build Tech layer 79
Build Tech layer 81
Build Tech layer 83
Build Tech layer 85
Build Tech layer 87
Build Tech layer 89
Build Tech layer 91
Build Tech layer 93
Build Tech layer 95
Build Tech layer 97
Build Tech layer 99
Build Tech layer 101
Build Tech layer 103
Build Tech layer 105
Build Tech layer 107
Build Tech layer 109
Build Tech layer 111
Build Tech layer 113
Build Tech layer 115
Build Tech layer 117
Build Tech layer 119
Build Tech layer 121
Build Tech layer 123
Build Tech layer 125
Build Tech layer 127
Simplifying copper layer polygons
Calculating plated copper
Simplify holes contours
Build BVH for holes and vias
Load Raytracing: board
Load Raytracing: layers
Loading 3D models...
Reload time 0.416 s
Rendering: 100 %
Rendering time 0.208 s
Successfully created 3D render image
2026-09-26T04:36:18.674+00:00 [Teensy4.1_4_layer_PCB/render-y2l42d_y] Frame 3/72 finished in 1.641s
2026-09-26T04:36:18.674+00:00 [Teensy4.1_4_layer_PCB/render-y2l42d_y] Frame 4/72 started; angle=15
2026-09-26T04:36:20.052+00:00 [Teensy4.1_4_layer_PCB/render-y2l42d_y] Frame 4 stdout: Loading…
Build board outline

Create layers
Create tracks and vias
Create zones
Build Tech layers
Build Tech layer 11
Build Tech layer 9
Build Tech layer 15
Build Tech layer 13
Build Tech layer 7
Build Tech layer 5
Build Tech layer 3
Build Tech layer 1
Build Tech layer 17
Build Tech layer 19
Build Tech layer 21
Build Tech layer 23
Build Tech layer 39
Build Tech layer 41
Build Tech layer 43
Build Tech layer 45
Build Tech layer 47
Build Tech layer 49
Build Tech layer 51
Build Tech layer 53
Build Tech layer 55
Build Tech layer 57
Build Tech layer 59
Build Tech layer 61
Build Tech layer 63
Build Tech layer 65
Build Tech layer 67
Build Tech layer 69
Build Tech layer 71
Build Tech layer 73
Build Tech layer 75
Build Tech layer 77
Build Tech layer 79
Build Tech layer 81
Build Tech layer 83
Build Tech layer 85
Build Tech layer 87
Build Tech layer 89
Build Tech layer 91
Build Tech layer 93
Build Tech layer 95
Build Tech layer 97
Build Tech layer 99
Build Tech layer 101
Build Tech layer 103
Build Tech layer 105
Build Tech layer 107
Build Tech layer 109
Build Tech layer 111
Build Tech layer 113
Build Tech layer 115
Build Tech layer 117
Build Tech layer 119
Build Tech layer 121
Build Tech layer 123
Build Tech layer 125
Build Tech layer 127
Simplifying copper layer polygons
Calculating plated copper
Simplify holes contours
Build BVH for holes and vias
Load Raytracing: board
Load Raytracing: layers
Loading 3D models...
Reload time 0.406 s
Rendering: 100 %
Rendering time 0.255 s
Successfully created 3D render image
2026-09-26T04:36:20.062+00:00 [Teensy4.1_4_layer_PCB/render-y2l42d_y] Frame 4/72 finished in 1.387s
2026-09-26T04:36:20.062+00:00 [Teensy4.1_4_layer_PCB/render-y2l42d_y] Frame 5/72 started; angle=20
2026-09-26T04:36:21.473+00:00 [Teensy4.1_4_layer_PCB/render-y2l42d_y] Frame 5 stdout: Loading…
Build board outline

Create layers
Create tracks and vias
Create zones
Build Tech layers
Build Tech layer 11
Build Tech layer 9
Build Tech layer 15
Build Tech layer 13
Build Tech layer 7
Build Tech layer 5
Build Tech layer 3
Build Tech layer 1
Build Tech layer 17
Build Tech layer 19
Build Tech layer 21
Build Tech layer 23
Build Tech layer 39
Build Tech layer 41
Build Tech layer 43
Build Tech layer 45
Build Tech layer 47
Build Tech layer 49
Build Tech layer 51
Build Tech layer 53
Build Tech layer 55
Build Tech layer 57
Build Tech layer 59
Build Tech layer 61
Build Tech layer 63
Build Tech layer 65
Build Tech layer 67
Build Tech layer 69
Build Tech layer 71
Build Tech layer 73
Build Tech layer 75
Build Tech layer 77
Build Tech layer 79
Build Tech layer 81
Build Tech layer 83
Build Tech layer 85
Build Tech layer 87
Build Tech layer 89
Build Tech layer 91
Build Tech layer 93
Build Tech layer 95
Build Tech layer 97
Build Tech layer 99
Build Tech layer 101
Build Tech layer 103
Build Tech layer 105
Build Tech layer 107
Build Tech layer 109
Build Tech layer 111
Build Tech layer 113
Build Tech layer 115
Build Tech layer 117
Build Tech layer 119
Build Tech layer 121
Build Tech layer 123
Build Tech layer 125
Build Tech layer 127
Simplifying copper layer polygons
Calculating plated copper
Simplify holes contours
Build BVH for holes and vias
Load Raytracing: board
Load Raytracing: layers
Loading 3D models...
Reload time 0.381 s
Rendering: 100 %
Rendering time 0.177 s
Successfully created 3D render image
2026-09-26T04:36:21.482+00:00 [Teensy4.1_4_layer_PCB/render-y2l42d_y] Frame 5/72 finished in 1.421s
2026-09-26T04:36:21.482+00:00 [Teensy4.1_4_layer_PCB/render-y2l42d_y] Frame 6/72 started; angle=25
2026-09-26T04:36:22.845+00:00 [Teensy4.1_4_layer_PCB/render-y2l42d_y] Frame 6 stdout: Loading…
Build board outline

Create layers
Create tracks and vias
Create zones
Build Tech layers
Build Tech layer 11
Build Tech layer 9
Build Tech layer 15
Build Tech layer 13
Build Tech layer 7
Build Tech layer 5
Build Tech layer 3
Build Tech layer 1
Build Tech layer 17
Build Tech layer 19
Build Tech layer 21
Build Tech layer 23
Build Tech layer 39
Build Tech layer 41
Build Tech layer 43
Build Tech layer 45
Build Tech layer 47
Build Tech layer 49
Build Tech layer 51
Build Tech layer 53
Build Tech layer 55
Build Tech layer 57
Build Tech layer 59
Build Tech layer 61
Build Tech layer 63
Build Tech layer 65
Build Tech layer 67
Build Tech layer 69
Build Tech layer 71
Build Tech layer 73
Build Tech layer 75
Build Tech layer 77
Build Tech layer 79
Build Tech layer 81
Build Tech layer 83
Build Tech layer 85
Build Tech layer 87
Build Tech layer 89
Build Tech layer 91
Build Tech layer 93
Build Tech layer 95
Build Tech layer 97
Build Tech layer 99
Build Tech layer 101
Build Tech layer 103
Build Tech layer 105
Build Tech layer 107
Build Tech layer 109
Build Tech layer 111
Build Tech layer 113
Build Tech layer 115
Build Tech layer 117
Build Tech layer 119
Build Tech layer 121
Build Tech layer 123
Build Tech layer 125
Build Tech layer 127
Simplifying copper layer polygons
Calculating plated copper
Simplify holes contours
Build BVH for holes and vias
Load Raytracing: board
Load Raytracing: layers
Loading 3D models...
Reload time 0.394 s
Rendering: 100 %
Rendering time 0.176 s
Successfully created 3D render image
2026-09-26T04:36:22.856+00:00 [Teensy4.1_4_layer_PCB/render-y2l42d_y] Frame 6/72 finished in 1.374s
2026-09-26T04:36:22.856+00:00 [Teensy4.1_4_layer_PCB/render-y2l42d_y] Frame 7/72 started; angle=30
2026-09-26T04:36:24.399+00:00 [Teensy4.1_4_layer_PCB/render-y2l42d_y] Frame 7 stdout: Loading…
Build board outline

Create layers
Create tracks and vias
Create zones
Build Tech layers
Build Tech layer 11
Build Tech layer 9
Build Tech layer 15
Build Tech layer 13
Build Tech layer 7
Build Tech layer 5
Build Tech layer 3
Build Tech layer 1
Build Tech layer 17
Build Tech layer 19
Build Tech layer 21
Build Tech layer 23
Build Tech layer 39
Build Tech layer 41
Build Tech layer 43
Build Tech layer 45
Build Tech layer 47
Build Tech layer 49
Build Tech layer 51
Build Tech layer 53
Build Tech layer 55
Build Tech layer 57
Build Tech layer 59
Build Tech layer 61
Build Tech layer 63
Build Tech layer 65
Build Tech layer 67
Build Tech layer 69
Build Tech layer 71
Build Tech layer 73
Build Tech layer 75
Build Tech layer 77
Build Tech layer 79
Build Tech layer 81
Build Tech layer 83
Build Tech layer 85
Build Tech layer 87
Build Tech layer 89
Build Tech layer 91
Build Tech layer 93
Build Tech layer 95
Build Tech layer 97
Build Tech layer 99
Build Tech layer 101
Build Tech layer 103
Build Tech layer 105
Build Tech layer 107
Build Tech layer 109
Build Tech layer 111
Build Tech layer 113
Build Tech layer 115
Build Tech layer 117
Build Tech layer 119
Build Tech layer 121
Build Tech layer 123
Build Tech layer 125
Build Tech layer 127
Simplifying copper layer polygons
Calculating plated copper
Simplify holes contours
Build BVH for holes and vias
Load Raytracing: board
Load Raytracing: layers
Loading 3D models...
Reload time 0.341 s
Rendering: 100 %
Rendering time 0.175 s
Successfully created 3D render image
2026-09-26T04:36:24.411+00:00 [Teensy4.1_4_layer_PCB/render-y2l42d_y] Frame 7/72 finished in 1.555s
2026-09-26T04:36:24.412+00:00 [Teensy4.1_4_layer_PCB/render-y2l42d_y] Frame 8/72 started; angle=35
2026-09-26T04:36:25.920+00:00 [Teensy4.1_4_layer_PCB/render-y2l42d_y] Frame 8 stdout: Loading…
Build board outline

Create layers
Create tracks and vias
Create zones
Build Tech layers
Build Tech layer 11
Build Tech layer 9
Build Tech layer 15
Build Tech layer 13
Build Tech layer 7
Build Tech layer 5
Build Tech layer 3
Build Tech layer 1
Build Tech layer 17
Build Tech layer 19
Build Tech layer 21
Build Tech layer 23
Build Tech layer 39
Build Tech layer 41
Build Tech layer 43
Build Tech layer 45
Build Tech layer 47
Build Tech layer 49
Build Tech layer 51
Build Tech layer 53
Build Tech layer 55
Build Tech layer 57
Build Tech layer 59
Build Tech layer 61
Build Tech layer 63
Build Tech layer 65
Build Tech layer 67
Build Tech layer 69
Build Tech layer 71
Build Tech layer 73
Build Tech layer 75
Build Tech layer 77
Build Tech layer 79
Build Tech layer 81
Build Tech layer 83
Build Tech layer 85
Build Tech layer 87
Build Tech layer 89
Build Tech layer 91
Build Tech layer 93
Build Tech layer 95
Build Tech layer 97
Build Tech layer 99
Build Tech layer 101
Build Tech layer 103
Build Tech layer 105
Build Tech layer 107
Build Tech layer 109
Build Tech layer 111
Build Tech layer 113
Build Tech layer 115
Build Tech layer 117
Build Tech layer 119
Build Tech layer 121
Build Tech layer 123
Build Tech layer 125
Build Tech layer 127
Simplifying copper layer polygons
Calculating plated copper
Simplify holes contours
Build BVH for holes and vias
Load Raytracing: board
Load Raytracing: layers
Loading 3D models...
Reload time 0.386 s
Rendering: 100 %
Rendering time 0.264 s
Successfully created 3D render image
2026-09-26T04:36:25.930+00:00 [Teensy4.1_4_layer_PCB/render-y2l42d_y] Frame 8/72 finished in 1.518s
2026-09-26T04:36:25.930+00:00 [Teensy4.1_4_layer_PCB/render-y2l42d_y] Frame 9/72 started; angle=40
2026-09-26T04:36:27.252+00:00 [Teensy4.1_4_layer_PCB/render-y2l42d_y] Frame 9 stdout: Loading…
Build board outline

Create layers
Create tracks and vias
Create zones
Build Tech layers
Build Tech layer 11
Build Tech layer 9
Build Tech layer 15
Build Tech layer 13
Build Tech layer 7
Build Tech layer 5
Build Tech layer 3
Build Tech layer 1
Build Tech layer 17
Build Tech layer 19
Build Tech layer 21
Build Tech layer 23
Build Tech layer 39
Build Tech layer 41
Build Tech layer 43
Build Tech layer 45
Build Tech layer 47
Build Tech layer 49
Build Tech layer 51
Build Tech layer 53
Build Tech layer 55
Build Tech layer 57
Build Tech layer 59
Build Tech layer 61
Build Tech layer 63
Build Tech layer 65
Build Tech layer 67
Build Tech layer 69
Build Tech layer 71
Build Tech layer 73
Build Tech layer 75
Build Tech layer 77
Build Tech layer 79
Build Tech layer 81
Build Tech layer 83
Build Tech layer 85
Build Tech layer 87
Build Tech layer 89
Build Tech layer 91
Build Tech layer 93
Build Tech layer 95
Build Tech layer 97
Build Tech layer 99
Build Tech layer 101
Build Tech layer 103
Build Tech layer 105
Build Tech layer 107
Build Tech layer 109
Build Tech layer 111
Build Tech layer 113
Build Tech layer 115
Build Tech layer 117
Build Tech layer 119
Build Tech layer 121
Build Tech layer 123
Build Tech layer 125
Build Tech layer 127
Simplifying copper layer polygons
Calculating plated copper
Simplify holes contours
Build BVH for holes and vias
Load Raytracing: board
Load Raytracing: layers
Loading 3D models...
Reload time 0.435 s
Rendering: 100 %
Rendering time 0.184 s
Successfully created 3D render image
2026-09-26T04:36:27.270+00:00 [Teensy4.1_4_layer_PCB/render-y2l42d_y] Frame 9/72 finished in 1.340s
2026-09-26T04:36:27.270+00:00 [Teensy4.1_4_layer_PCB/render-y2l42d_y] Frame 10/72 started; angle=45
2026-09-26T04:36:28.606+00:00 [Teensy4.1_4_layer_PCB/render-y2l42d_y] Frame 10 stdout: Loading…
Build board outline

Create layers
Create tracks and vias
Create zones
Build Tech layers
Build Tech layer 11
Build Tech layer 9
Build Tech layer 15
Build Tech layer 13
Build Tech layer 7
Build Tech layer 5
Build Tech layer 3
Build Tech layer 1
Build Tech layer 17
Build Tech layer 19
Build Tech layer 21
Build Tech layer 23
Build Tech layer 39
Build Tech layer 41
Build Tech layer 43
Build Tech layer 45
Build Tech layer 47
Build Tech layer 49
Build Tech layer 51
Build Tech layer 53
Build Tech layer 55
Build Tech layer 57
Build Tech layer 59
Build Tech layer 61
Build Tech layer 63
Build Tech layer 65
Build Tech layer 67
Build Tech layer 69
Build Tech layer 71
Build Tech layer 73
Build Tech layer 75
Build Tech layer 77
Build Tech layer 79
Build Tech layer 81
Build Tech layer 83
Build Tech layer 85
Build Tech layer 87
Build Tech layer 89
Build Tech layer 91
Build Tech layer 93
Build Tech layer 95
Build Tech layer 97
Build Tech layer 99
Build Tech layer 101
Build Tech layer 103
Build Tech layer 105
Build Tech layer 107
Build Tech layer 109
Build Tech layer 111
Build Tech layer 113
Build Tech layer 115
Build Tech layer 117
Build Tech layer 119
Build Tech layer 121
Build Tech layer 123
Build Tech layer 125
Build Tech layer 127
Simplifying copper layer polygons
Calculating plated copper
Simplify holes contours
Build BVH for holes and vias
Load Raytracing: board
Load Raytracing: layers
Loading 3D models...
Reload time 0.424 s
Rendering: 100 %
Rendering time 0.177 s
Successfully created 3D render image
2026-09-26T04:36:28.625+00:00 [Teensy4.1_4_layer_PCB/render-y2l42d_y] Frame 10/72 finished in 1.354s
2026-09-26T04:36:28.625+00:00 [Teensy4.1_4_layer_PCB/render-y2l42d_y] Frame 11/72 started; angle=50
2026-09-26T04:36:29.969+00:00 [Teensy4.1_4_layer_PCB/render-y2l42d_y] Frame 11 stdout: Loading…
Build board outline

Create layers
Create tracks and vias
Create zones
Build Tech layers
Build Tech layer 11
Build Tech layer 9
Build Tech layer 15
Build Tech layer 13
Build Tech layer 7
Build Tech layer 5
Build Tech layer 3
Build Tech layer 1
Build Tech layer 17
Build Tech layer 19
Build Tech layer 21
Build Tech layer 23
Build Tech layer 39
Build Tech layer 41
Build Tech layer 43
Build Tech layer 45
Build Tech layer 47
Build Tech layer 49
Build Tech layer 51
Build Tech layer 53
Build Tech layer 55
Build Tech layer 57
Build Tech layer 59
Build Tech layer 61
Build Tech layer 63
Build Tech layer 65
Build Tech layer 67
Build Tech layer 69
Build Tech layer 71
Build Tech layer 73
Build Tech layer 75
Build Tech layer 77
Build Tech layer 79
Build Tech layer 81
Build Tech layer 83
Build Tech layer 85
Build Tech layer 87
Build Tech layer 89
Build Tech layer 91
Build Tech layer 93
Build Tech layer 95
Build Tech layer 97
Build Tech layer 99
Build Tech layer 101
Build Tech layer 103
Build Tech layer 105
Build Tech layer 107
Build Tech layer 109
Build Tech layer 111
Build Tech layer 113
Build Tech layer 115
Build Tech layer 117
Build Tech layer 119
Build Tech layer 121
Build Tech layer 123
Build Tech layer 125
Build Tech layer 127
Simplifying copper layer polygons
Calculating plated copper
Simplify holes contours
Build BVH for holes and vias
Load Raytracing: board
Load Raytracing: layers
Loading 3D models...
Reload time 0.415 s
Rendering: 100 %
Rendering time 0.171 s
Successfully created 3D render image
2026-09-26T04:36:29.982+00:00 [Teensy4.1_4_layer_PCB/render-y2l42d_y] Frame 11/72 finished in 1.357s
2026-09-26T04:36:29.982+00:00 [Teensy4.1_4_layer_PCB/render-y2l42d_y] Frame 12/72 started; angle=55
2026-09-26T04:36:31.368+00:00 [Teensy4.1_4_layer_PCB/render-y2l42d_y] Frame 12 stdout: Loading…
Build board outline

Create layers
Create tracks and vias
Create zones
Build Tech layers
Build Tech layer 11
Build Tech layer 9
Build Tech layer 15
Build Tech layer 13
Build Tech layer 7
Build Tech layer 5
Build Tech layer 3
Build Tech layer 1
Build Tech layer 17
Build Tech layer 19
Build Tech layer 21
Build Tech layer 23
Build Tech layer 39
Build Tech layer 41
Build Tech layer 43
Build Tech layer 45
Build Tech layer 47
Build Tech layer 49
Build Tech layer 51
Build Tech layer 53
Build Tech layer 55
Build Tech layer 57
Build Tech layer 59
Build Tech layer 61
Build Tech layer 63
Build Tech layer 65
Build Tech layer 67
Build Tech layer 69
Build Tech layer 71
Build Tech layer 73
Build Tech layer 75
Build Tech layer 77
Build Tech layer 79
Build Tech layer 81
Build Tech layer 83
Build Tech layer 85
Build Tech layer 87
Build Tech layer 89
Build Tech layer 91
Build Tech layer 93
Build Tech layer 95
Build Tech layer 97
Build Tech layer 99
Build Tech layer 101
Build Tech layer 103
Build Tech layer 105
Build Tech layer 107
Build Tech layer 109
Build Tech layer 111
Build Tech layer 113
Build Tech layer 115
Build Tech layer 117
Build Tech layer 119
Build Tech layer 121
Build Tech layer 123
Build Tech layer 125
Build Tech layer 127
Simplifying copper layer polygons
Calculating plated copper
Simplify holes contours
Build BVH for holes and vias
Load Raytracing: board
Load Raytracing: layers
Loading 3D models...
Reload time 0.379 s
Rendering: 100 %
Rendering time 0.157 s
Successfully created 3D render image
2026-09-26T04:36:31.377+00:00 [Teensy4.1_4_layer_PCB/render-y2l42d_y] Frame 12/72 finished in 1.396s
2026-09-26T04:36:31.377+00:00 [Teensy4.1_4_layer_PCB/render-y2l42d_y] Frame 13/72 started; angle=60
2026-09-26T04:36:32.796+00:00 [Teensy4.1_4_layer_PCB/render-y2l42d_y] Frame 13 stdout: Loading…
Build board outline

Create layers
Create tracks and vias
Create zones
Build Tech layers
Build Tech layer 11
Build Tech layer 9
Build Tech layer 15
Build Tech layer 13
Build Tech layer 7
Build Tech layer 5
Build Tech layer 3
Build Tech layer 1
Build Tech layer 17
Build Tech layer 19
Build Tech layer 21
Build Tech layer 23
Build Tech layer 39
Build Tech layer 41
Build Tech layer 43
Build Tech layer 45
Build Tech layer 47
Build Tech layer 49
Build Tech layer 51
Build Tech layer 53
Build Tech layer 55
Build Tech layer 57
Build Tech layer 59
Build Tech layer 61
Build Tech layer 63
Build Tech layer 65
Build Tech layer 67
Build Tech layer 69
Build Tech layer 71
Build Tech layer 73
Build Tech layer 75
Build Tech layer 77
Build Tech layer 79
Build Tech layer 81
Build Tech layer 83
Build Tech layer 85
Build Tech layer 87
Build Tech layer 89
Build Tech layer 91
Build Tech layer 93
Build Tech layer 95
Build Tech layer 97
Build Tech layer 99
Build Tech layer 101
Build Tech layer 103
Build Tech layer 105
Build Tech layer 107
Build Tech layer 109
Build Tech layer 111
Build Tech layer 113
Build Tech layer 115
Build Tech layer 117
Build Tech layer 119
Build Tech layer 121
Build Tech layer 123
Build Tech layer 125
Build Tech layer 127
Simplifying copper layer polygons
Calculating plated copper
Simplify holes contours
Build BVH for holes and vias
Load Raytracing: board
Load Raytracing: layers
Loading 3D models...
Reload time 0.405 s
Rendering: 100 %
Rendering time 0.152 s
Successfully created 3D render image
2026-09-26T04:36:32.805+00:00 [Teensy4.1_4_layer_PCB/render-y2l42d_y] Frame 13/72 finished in 1.427s
2026-09-26T04:36:32.805+00:00 [Teensy4.1_4_layer_PCB/render-y2l42d_y] Frame 14/72 started; angle=65
2026-09-26T04:36:34.085+00:00 [Teensy4.1_4_layer_PCB/render-y2l42d_y] Frame 14 stdout: Loading…
Build board outline

Create layers
Create tracks and vias
Create zones
Build Tech layers
Build Tech layer 11
Build Tech layer 9
Build Tech layer 15
Build Tech layer 13
Build Tech layer 7
Build Tech layer 5
Build Tech layer 3
Build Tech layer 1
Build Tech layer 17
Build Tech layer 19
Build Tech layer 21
Build Tech layer 23
Build Tech layer 39
Build Tech layer 41
Build Tech layer 43
Build Tech layer 45
Build Tech layer 47
Build Tech layer 49
Build Tech layer 51
Build Tech layer 53
Build Tech layer 55
Build Tech layer 57
Build Tech layer 59
Build Tech layer 61
Build Tech layer 63
Build Tech layer 65
Build Tech layer 67
Build Tech layer 69
Build Tech layer 71
Build Tech layer 73
Build Tech layer 75
Build Tech layer 77
Build Tech layer 79
Build Tech layer 81
Build Tech layer 83
Build Tech layer 85
Build Tech layer 87
Build Tech layer 89
Build Tech layer 91
Build Tech layer 93
Build Tech layer 95
Build Tech layer 97
Build Tech layer 99
Build Tech layer 101
Build Tech layer 103
Build Tech layer 105
Build Tech layer 107
Build Tech layer 109
Build Tech layer 111
Build Tech layer 113
Build Tech layer 115
Build Tech layer 117
Build Tech layer 119
Build Tech layer 121
Build Tech layer 123
Build Tech layer 125
Build Tech layer 127
Simplifying copper layer polygons
Calculating plated copper
Simplify holes contours
Build BVH for holes and vias
Load Raytracing: board
Load Raytracing: layers
Loading 3D models...
Reload time 0.411 s
Rendering: 100 %
Rendering time 0.159 s
Successfully created 3D render image
2026-09-26T04:36:34.093+00:00 [Teensy4.1_4_layer_PCB/render-y2l42d_y] Frame 14/72 finished in 1.288s
2026-09-26T04:36:34.093+00:00 [Teensy4.1_4_layer_PCB/render-y2l42d_y] Frame 15/72 started; angle=70
2026-09-26T04:36:35.483+00:00 [Teensy4.1_4_layer_PCB/render-y2l42d_y] Frame 15 stdout: Loading…
Build board outline

Create layers
Create tracks and vias
Create zones
Build Tech layers
Build Tech layer 11
Build Tech layer 9
Build Tech layer 15
Build Tech layer 13
Build Tech layer 7
Build Tech layer 5
Build Tech layer 3
Build Tech layer 1
Build Tech layer 17
Build Tech layer 19
Build Tech layer 21
Build Tech layer 23
Build Tech layer 39
Build Tech layer 41
Build Tech layer 43
Build Tech layer 45
Build Tech layer 47
Build Tech layer 49
Build Tech layer 51
Build Tech layer 53
Build Tech layer 55
Build Tech layer 57
Build Tech layer 59
Build Tech layer 61
Build Tech layer 63
Build Tech layer 65
Build Tech layer 67
Build Tech layer 69
Build Tech layer 71
Build Tech layer 73
Build Tech layer 75
Build Tech layer 77
Build Tech layer 79
Build Tech layer 81
Build Tech layer 83
Build Tech layer 85
Build Tech layer 87
Build Tech layer 89
Build Tech layer 91
Build Tech layer 93
Build Tech layer 95
Build Tech layer 97
Build Tech layer 99
Build Tech layer 101
Build Tech layer 103
Build Tech layer 105
Build Tech layer 107
Build Tech layer 109
Build Tech layer 111
Build Tech layer 113
Build Tech layer 115
Build Tech layer 117
Build Tech layer 119
Build Tech layer 121
Build Tech layer 123
Build Tech layer 125
Build Tech layer 127
Simplifying copper layer polygons
Calculating plated copper
Simplify holes contours
Build BVH for holes and vias
Load Raytracing: board
Load Raytracing: layers
Loading 3D models...
Reload time 0.337 s
Rendering: 100 %
Rendering time 0.167 s
Successfully created 3D render image
2026-09-26T04:36:35.491+00:00 [Teensy4.1_4_layer_PCB/render-y2l42d_y] Frame 15/72 finished in 1.398s
2026-09-26T04:36:35.491+00:00 [Teensy4.1_4_layer_PCB/render-y2l42d_y] Frame 16/72 started; angle=75
2026-09-26T04:36:36.678+00:00 [Teensy4.1_4_layer_PCB/render-y2l42d_y] Frame 16 stdout: Loading…
Build board outline

Create layers
Create tracks and vias
Create zones
Build Tech layers
Build Tech layer 11
Build Tech layer 9
Build Tech layer 15
Build Tech layer 13
Build Tech layer 7
Build Tech layer 5
Build Tech layer 3
Build Tech layer 1
Build Tech layer 17
Build Tech layer 19
Build Tech layer 21
Build Tech layer 23
Build Tech layer 39
Build Tech layer 41
Build Tech layer 43
Build Tech layer 45
Build Tech layer 47
Build Tech layer 49
Build Tech layer 51
Build Tech layer 53
Build Tech layer 55
Build Tech layer 57
Build Tech layer 59
Build Tech layer 61
Build Tech layer 63
Build Tech layer 65
Build Tech layer 67
Build Tech layer 69
Build Tech layer 71
Build Tech layer 73
Build Tech layer 75
Build Tech layer 77
Build Tech layer 79
Build Tech layer 81
Build Tech layer 83
Build Tech layer 85
Build Tech layer 87
Build Tech layer 89
Build Tech layer 91
Build Tech layer 93
Build Tech layer 95
Build Tech layer 97
Build Tech layer 99
Build Tech layer 101
Build Tech layer 103
Build Tech layer 105
Build Tech layer 107
Build Tech layer 109
Build Tech layer 111
Build Tech layer 113
Build Tech layer 115
Build Tech layer 117
Build Tech layer 119
Build Tech layer 121
Build Tech layer 123
Build Tech layer 125
Build Tech layer 127
Simplifying copper layer polygons
Calculating plated copper
Simplify holes contours
Build BVH for holes and vias
Load Raytracing: board
Load Raytracing: layers
Loading 3D models...
Reload time 0.394 s
Rendering: 100 %
Rendering time 0.101 s
Successfully created 3D render image
2026-09-26T04:36:36.685+00:00 [Teensy4.1_4_layer_PCB/render-y2l42d_y] Frame 16/72 finished in 1.195s
2026-09-26T04:36:36.685+00:00 [Teensy4.1_4_layer_PCB/render-y2l42d_y] Frame 17/72 started; angle=80
2026-09-26T04:36:37.983+00:00 [Teensy4.1_4_layer_PCB/render-y2l42d_y] Frame 17 stdout: Loading…
Build board outline

Create layers
Create tracks and vias
Create zones
Build Tech layers
Build Tech layer 11
Build Tech layer 9
Build Tech layer 15
Build Tech layer 13
Build Tech layer 7
Build Tech layer 5
Build Tech layer 3
Build Tech layer 1
Build Tech layer 17
Build Tech layer 19
Build Tech layer 21
Build Tech layer 23
Build Tech layer 39
Build Tech layer 41
Build Tech layer 43
Build Tech layer 45
Build Tech layer 47
Build Tech layer 49
Build Tech layer 51
Build Tech layer 53
Build Tech layer 55
Build Tech layer 57
Build Tech layer 59
Build Tech layer 61
Build Tech layer 63
Build Tech layer 65
Build Tech layer 67
Build Tech layer 69
Build Tech layer 71
Build Tech layer 73
Build Tech layer 75
Build Tech layer 77
Build Tech layer 79
Build Tech layer 81
Build Tech layer 83
Build Tech layer 85
Build Tech layer 87
Build Tech layer 89
Build Tech layer 91
Build Tech layer 93
Build Tech layer 95
Build Tech layer 97
Build Tech layer 99
Build Tech layer 101
Build Tech layer 103
Build Tech layer 105
Build Tech layer 107
Build Tech layer 109
Build Tech layer 111
Build Tech layer 113
Build Tech layer 115
Build Tech layer 117
Build Tech layer 119
Build Tech layer 121
Build Tech layer 123
Build Tech layer 125
Build Tech layer 127
Simplifying copper layer polygons
Calculating plated copper
Simplify holes contours
Build BVH for holes and vias
Load Raytracing: board
Load Raytracing: layers
Loading 3D models...
Reload time 0.378 s
Rendering: 100 %
Rendering time 0.082 s
Successfully created 3D render image
2026-09-26T04:36:37.997+00:00 [Teensy4.1_4_layer_PCB/render-y2l42d_y] Frame 17/72 finished in 1.312s
2026-09-26T04:36:37.998+00:00 [Teensy4.1_4_layer_PCB/render-y2l42d_y] Frame 18/72 started; angle=85
2026-09-26T04:36:39.278+00:00 [Teensy4.1_4_layer_PCB/render-y2l42d_y] Frame 18 stdout: Loading…
Build board outline

Create layers
Create tracks and vias
Create zones
Build Tech layers
Build Tech layer 11
Build Tech layer 9
Build Tech layer 15
Build Tech layer 13
Build Tech layer 7
Build Tech layer 5
Build Tech layer 3
Build Tech layer 1
Build Tech layer 17
Build Tech layer 19
Build Tech layer 21
Build Tech layer 23
Build Tech layer 39
Build Tech layer 41
Build Tech layer 43
Build Tech layer 45
Build Tech layer 47
Build Tech layer 49
Build Tech layer 51
Build Tech layer 53
Build Tech layer 55
Build Tech layer 57
Build Tech layer 59
Build Tech layer 61
Build Tech layer 63
Build Tech layer 65
Build Tech layer 67
Build Tech layer 69
Build Tech layer 71
Build Tech layer 73
Build Tech layer 75
Build Tech layer 77
Build Tech layer 79
Build Tech layer 81
Build Tech layer 83
Build Tech layer 85
Build Tech layer 87
Build Tech layer 89
Build Tech layer 91
Build Tech layer 93
Build Tech layer 95
Build Tech layer 97
Build Tech layer 99
Build Tech layer 101
Build Tech layer 103
Build Tech layer 105
Build Tech layer 107
Build Tech layer 109
Build Tech layer 111
Build Tech layer 113
Build Tech layer 115
Build Tech layer 117
Build Tech layer 119
Build Tech layer 121
Build Tech layer 123
Build Tech layer 125
Build Tech layer 127
Simplifying copper layer polygons
Calculating plated copper
Simplify holes contours
Build BVH for holes and vias
Load Raytracing: board
Load Raytracing: layers
Loading 3D models...
Reload time 0.341 s
Rendering: 100 %
Rendering time 0.120 s
Successfully created 3D render image
2026-09-26T04:36:39.284+00:00 [Teensy4.1_4_layer_PCB/render-y2l42d_y] Frame 18/72 finished in 1.287s
2026-09-26T04:36:39.284+00:00 [Teensy4.1_4_layer_PCB/render-y2l42d_y] Frame 19/72 started; angle=90
2026-09-26T04:36:40.428+00:00 [Teensy4.1_4_layer_PCB/render-y2l42d_y] Frame 19 stdout: Loading…
Build board outline

Create layers
Create tracks and vias
Create zones
Build Tech layers
Build Tech layer 11
Build Tech layer 9
Build Tech layer 15
Build Tech layer 13
Build Tech layer 7
Build Tech layer 5
Build Tech layer 3
Build Tech layer 1
Build Tech layer 17
Build Tech layer 19
Build Tech layer 21
Build Tech layer 23
Build Tech layer 39
Build Tech layer 41
Build Tech layer 43
Build Tech layer 45
Build Tech layer 47
Build Tech layer 49
Build Tech layer 51
Build Tech layer 53
Build Tech layer 55
Build Tech layer 57
Build Tech layer 59
Build Tech layer 61
Build Tech layer 63
Build Tech layer 65
Build Tech layer 67
Build Tech layer 69
Build Tech layer 71
Build Tech layer 73
Build Tech layer 75
Build Tech layer 77
Build Tech layer 79
Build Tech layer 81
Build Tech layer 83
Build Tech layer 85
Build Tech layer 87
Build Tech layer 89
Build Tech layer 91
Build Tech layer 93
Build Tech layer 95
Build Tech layer 97
Build Tech layer 99
Build Tech layer 101
Build Tech layer 103
Build Tech layer 105
Build Tech layer 107
Build Tech layer 109
Build Tech layer 111
Build Tech layer 113
Build Tech layer 115
Build Tech layer 117
Build Tech layer 119
Build Tech layer 121
Build Tech layer 123
Build Tech layer 125
Build Tech layer 127
Simplifying copper layer polygons
Calculating plated copper
Simplify holes contours
Build BVH for holes and vias
Load Raytracing: board
Load Raytracing: layers
Loading 3D models...
Reload time 0.386 s
Rendering: 100 %
Rendering time 0.053 s
Successfully created 3D render image
2026-09-26T04:36:40.433+00:00 [Teensy4.1_4_layer_PCB/render-y2l42d_y] Frame 19/72 finished in 1.149s
2026-09-26T04:36:40.433+00:00 [Teensy4.1_4_layer_PCB/render-y2l42d_y] Frame 20/72 started; angle=95
2026-09-26T04:36:41.568+00:00 [Teensy4.1_4_layer_PCB/render-y2l42d_y] Frame 20 stdout: Loading…
Build board outline

Create layers
Create tracks and vias
Create zones
Build Tech layers
Build Tech layer 11
Build Tech layer 9
Build Tech layer 15
Build Tech layer 13
Build Tech layer 7
Build Tech layer 5
Build Tech layer 3
Build Tech layer 1
Build Tech layer 17
Build Tech layer 19
Build Tech layer 21
Build Tech layer 23
Build Tech layer 39
Build Tech layer 41
Build Tech layer 43
Build Tech layer 45
Build Tech layer 47
Build Tech layer 49
Build Tech layer 51
Build Tech layer 53
Build Tech layer 55
Build Tech layer 57
Build Tech layer 59
Build Tech layer 61
Build Tech layer 63
Build Tech layer 65
Build Tech layer 67
Build Tech layer 69
Build Tech layer 71
Build Tech layer 73
Build Tech layer 75
Build Tech layer 77
Build Tech layer 79
Build Tech layer 81
Build Tech layer 83
Build Tech layer 85
Build Tech layer 87
Build Tech layer 89
Build Tech layer 91
Build Tech layer 93
Build Tech layer 95
Build Tech layer 97
Build Tech layer 99
Build Tech layer 101
Build Tech layer 103
Build Tech layer 105
Build Tech layer 107
Build Tech layer 109
Build Tech layer 111
Build Tech layer 113
Build Tech layer 115
Build Tech layer 117
Build Tech layer 119
Build Tech layer 121
Build Tech layer 123
Build Tech layer 125
Build Tech layer 127
Simplifying copper layer polygons
Calculating plated copper
Simplify holes contours
Build BVH for holes and vias
Load Raytracing: board
Load Raytracing: layers
Loading 3D models...
Reload time 0.400 s
Rendering: 100 %
Rendering time 0.084 s
Successfully created 3D render image
2026-09-26T04:36:41.574+00:00 [Teensy4.1_4_layer_PCB/render-y2l42d_y] Frame 20/72 finished in 1.141s
2026-09-26T04:36:41.574+00:00 [Teensy4.1_4_layer_PCB/render-y2l42d_y] Frame 21/72 started; angle=100
2026-09-26T04:36:42.820+00:00 [Teensy4.1_4_layer_PCB/render-y2l42d_y] Frame 21 stdout: Loading…
Build board outline

Create layers
Create tracks and vias
Create zones
Build Tech layers
Build Tech layer 11
Build Tech layer 9
Build Tech layer 15
Build Tech layer 13
Build Tech layer 7
Build Tech layer 5
Build Tech layer 3
Build Tech layer 1
Build Tech layer 17
Build Tech layer 19
Build Tech layer 21
Build Tech layer 23
Build Tech layer 39
Build Tech layer 41
Build Tech layer 43
Build Tech layer 45
Build Tech layer 47
Build Tech layer 49
Build Tech layer 51
Build Tech layer 53
Build Tech layer 55
Build Tech layer 57
Build Tech layer 59
Build Tech layer 61
Build Tech layer 63
Build Tech layer 65
Build Tech layer 67
Build Tech layer 69
Build Tech layer 71
Build Tech layer 73
Build Tech layer 75
Build Tech layer 77
Build Tech layer 79
Build Tech layer 81
Build Tech layer 83
Build Tech layer 85
Build Tech layer 87
Build Tech layer 89
Build Tech layer 91
Build Tech layer 93
Build Tech layer 95
Build Tech layer 97
Build Tech layer 99
Build Tech layer 101
Build Tech layer 103
Build Tech layer 105
Build Tech layer 107
Build Tech layer 109
Build Tech layer 111
Build Tech layer 113
Build Tech layer 115
Build Tech layer 117
Build Tech layer 119
Build Tech layer 121
Build Tech layer 123
Build Tech layer 125
Build Tech layer 127
Simplifying copper layer polygons
Calculating plated copper
Simplify holes contours
Build BVH for holes and vias
Load Raytracing: board
Load Raytracing: layers
Loading 3D models...
Reload time 0.432 s
Rendering: 100 %
Rendering time 0.115 s
Successfully created 3D render image
2026-09-26T04:36:42.827+00:00 [Teensy4.1_4_layer_PCB/render-y2l42d_y] Frame 21/72 finished in 1.253s
2026-09-26T04:36:42.828+00:00 [Teensy4.1_4_layer_PCB/render-y2l42d_y] Frame 22/72 started; angle=105
2026-09-26T04:36:44.144+00:00 [Teensy4.1_4_layer_PCB/render-y2l42d_y] Frame 22 stdout: Loading…
Build board outline

Create layers
Create tracks and vias
Create zones
Build Tech layers
Build Tech layer 11
Build Tech layer 9
Build Tech layer 15
Build Tech layer 13
Build Tech layer 7
Build Tech layer 5
Build Tech layer 3
Build Tech layer 1
Build Tech layer 17
Build Tech layer 19
Build Tech layer 21
Build Tech layer 23
Build Tech layer 39
Build Tech layer 41
Build Tech layer 43
Build Tech layer 45
Build Tech layer 47
Build Tech layer 49
Build Tech layer 51
Build Tech layer 53
Build Tech layer 55
Build Tech layer 57
Build Tech layer 59
Build Tech layer 61
Build Tech layer 63
Build Tech layer 65
Build Tech layer 67
Build Tech layer 69
Build Tech layer 71
Build Tech layer 73
Build Tech layer 75
Build Tech layer 77
Build Tech layer 79
Build Tech layer 81
Build Tech layer 83
Build Tech layer 85
Build Tech layer 87
Build Tech layer 89
Build Tech layer 91
Build Tech layer 93
Build Tech layer 95
Build Tech layer 97
Build Tech layer 99
Build Tech layer 101
Build Tech layer 103
Build Tech layer 105
Build Tech layer 107
Build Tech layer 109
Build Tech layer 111
Build Tech layer 113
Build Tech layer 115
Build Tech layer 117
Build Tech layer 119
Build Tech layer 121
Build Tech layer 123
Build Tech layer 125
Build Tech layer 127
Simplifying copper layer polygons
Calculating plated copper
Simplify holes contours
Build BVH for holes and vias
Load Raytracing: board
Load Raytracing: layers
Loading 3D models...
Reload time 0.396 s
Rendering: 100 %
Rendering time 0.115 s
Successfully created 3D render image
2026-09-26T04:36:44.156+00:00 [Teensy4.1_4_layer_PCB/render-y2l42d_y] Frame 22/72 finished in 1.328s
2026-09-26T04:36:44.160+00:00 [Teensy4.1_4_layer_PCB/render-y2l42d_y] Frame 23/72 started; angle=110
2026-09-26T04:36:45.549+00:00 [Teensy4.1_4_layer_PCB/render-y2l42d_y] Frame 23 stdout: Loading…
Build board outline

Create layers
Create tracks and vias
Create zones
Build Tech layers
Build Tech layer 11
Build Tech layer 9
Build Tech layer 15
Build Tech layer 13
Build Tech layer 7
Build Tech layer 5
Build Tech layer 3
Build Tech layer 1
Build Tech layer 17
Build Tech layer 19
Build Tech layer 21
Build Tech layer 23
Build Tech layer 39
Build Tech layer 41
Build Tech layer 43
Build Tech layer 45
Build Tech layer 47
Build Tech layer 49
Build Tech layer 51
Build Tech layer 53
Build Tech layer 55
Build Tech layer 57
Build Tech layer 59
Build Tech layer 61
Build Tech layer 63
Build Tech layer 65
Build Tech layer 67
Build Tech layer 69
Build Tech layer 71
Build Tech layer 73
Build Tech layer 75
Build Tech layer 77
Build Tech layer 79
Build Tech layer 81
Build Tech layer 83
Build Tech layer 85
Build Tech layer 87
Build Tech layer 89
Build Tech layer 91
Build Tech layer 93
Build Tech layer 95
Build Tech layer 97
Build Tech layer 99
Build Tech layer 101
Build Tech layer 103
Build Tech layer 105
Build Tech layer 107
Build Tech layer 109
Build Tech layer 111
Build Tech layer 113
Build Tech layer 115
Build Tech layer 117
Build Tech layer 119
Build Tech layer 121
Build Tech layer 123
Build Tech layer 125
Build Tech layer 127
Simplifying copper layer polygons
Calculating plated copper
Simplify holes contours
Build BVH for holes and vias
Load Raytracing: board
Load Raytracing: layers
Loading 3D models...
Reload time 0.460 s
Rendering: 100 %
Rendering time 0.128 s
Successfully created 3D render image
2026-09-26T04:36:45.557+00:00 [Teensy4.1_4_layer_PCB/render-y2l42d_y] Frame 23/72 finished in 1.397s
2026-09-26T04:36:45.557+00:00 [Teensy4.1_4_layer_PCB/render-y2l42d_y] Frame 24/72 started; angle=115
2026-09-26T04:36:46.890+00:00 [Teensy4.1_4_layer_PCB/render-y2l42d_y] Frame 24 stdout: Loading…
Build board outline

Create layers
Create tracks and vias
Create zones
Build Tech layers
Build Tech layer 11
Build Tech layer 9
Build Tech layer 15
Build Tech layer 13
Build Tech layer 7
Build Tech layer 5
Build Tech layer 3
Build Tech layer 1
Build Tech layer 17
Build Tech layer 19
Build Tech layer 21
Build Tech layer 23
Build Tech layer 39
Build Tech layer 41
Build Tech layer 43
Build Tech layer 45
Build Tech layer 47
Build Tech layer 49
Build Tech layer 51
Build Tech layer 53
Build Tech layer 55
Build Tech layer 57
Build Tech layer 59
Build Tech layer 61
Build Tech layer 63
Build Tech layer 65
Build Tech layer 67
Build Tech layer 69
Build Tech layer 71
Build Tech layer 73
Build Tech layer 75
Build Tech layer 77
Build Tech layer 79
Build Tech layer 81
Build Tech layer 83
Build Tech layer 85
Build Tech layer 87
Build Tech layer 89
Build Tech layer 91
Build Tech layer 93
Build Tech layer 95
Build Tech layer 97
Build Tech layer 99
Build Tech layer 101
Build Tech layer 103
Build Tech layer 105
Build Tech layer 107
Build Tech layer 109
Build Tech layer 111
Build Tech layer 113
Build Tech layer 115
Build Tech layer 117
Build Tech layer 119
Build Tech layer 121
Build Tech layer 123
Build Tech layer 125
Build Tech layer 127
Simplifying copper layer polygons
Calculating plated copper
Simplify holes contours
Build BVH for holes and vias
Load Raytracing: board
Load Raytracing: layers
Loading 3D models...
Reload time 0.396 s
Rendering: 100 %
Rendering time 0.127 s
Successfully created 3D render image
2026-09-26T04:36:46.898+00:00 [Teensy4.1_4_layer_PCB/render-y2l42d_y] Frame 24/72 finished in 1.341s
2026-09-26T04:36:46.898+00:00 [Teensy4.1_4_layer_PCB/render-y2l42d_y] Frame 25/72 started; angle=120
2026-09-26T04:36:48.111+00:00 [Teensy4.1_4_layer_PCB/render-y2l42d_y] Frame 25 stdout: Loading…
Build board outline

Create layers
Create tracks and vias
Create zones
Build Tech layers
Build Tech layer 11
Build Tech layer 9
Build Tech layer 15
Build Tech layer 13
Build Tech layer 7
Build Tech layer 5
Build Tech layer 3
Build Tech layer 1
Build Tech layer 17
Build Tech layer 19
Build Tech layer 21
Build Tech layer 23
Build Tech layer 39
Build Tech layer 41
Build Tech layer 43
Build Tech layer 45
Build Tech layer 47
Build Tech layer 49
Build Tech layer 51
Build Tech layer 53
Build Tech layer 55
Build Tech layer 57
Build Tech layer 59
Build Tech layer 61
Build Tech layer 63
Build Tech layer 65
Build Tech layer 67
Build Tech layer 69
Build Tech layer 71
Build Tech layer 73
Build Tech layer 75
Build Tech layer 77
Build Tech layer 79
Build Tech layer 81
Build Tech layer 83
Build Tech layer 85
Build Tech layer 87
Build Tech layer 89
Build Tech layer 91
Build Tech layer 93
Build Tech layer 95
Build Tech layer 97
Build Tech layer 99
Build Tech layer 101
Build Tech layer 103
Build Tech layer 105
Build Tech layer 107
Build Tech layer 109
Build Tech layer 111
Build Tech layer 113
Build Tech layer 115
Build Tech layer 117
Build Tech layer 119
Build Tech layer 121
Build Tech layer 123
Build Tech layer 125
Build Tech layer 127
Simplifying copper layer polygons
Calculating plated copper
Simplify holes contours
Build BVH for holes and vias
Load Raytracing: board
Load Raytracing: layers
Loading 3D models...
Reload time 0.369 s
Rendering: 100 %
Rendering time 0.166 s
Successfully created 3D render image
2026-09-26T04:36:48.120+00:00 [Teensy4.1_4_layer_PCB/render-y2l42d_y] Frame 25/72 finished in 1.222s
2026-09-26T04:36:48.120+00:00 [Teensy4.1_4_layer_PCB/render-y2l42d_y] Frame 26/72 started; angle=125
2026-09-26T04:36:49.459+00:00 [Teensy4.1_4_layer_PCB/render-y2l42d_y] Frame 26 stdout: Loading…
Build board outline

Create layers
Create tracks and vias
Create zones
Build Tech layers
Build Tech layer 11
Build Tech layer 9
Build Tech layer 15
Build Tech layer 13
Build Tech layer 7
Build Tech layer 5
Build Tech layer 3
Build Tech layer 1
Build Tech layer 17
Build Tech layer 19
Build Tech layer 21
Build Tech layer 23
Build Tech layer 39
Build Tech layer 41
Build Tech layer 43
Build Tech layer 45
Build Tech layer 47
Build Tech layer 49
Build Tech layer 51
Build Tech layer 53
Build Tech layer 55
Build Tech layer 57
Build Tech layer 59
Build Tech layer 61
Build Tech layer 63
Build Tech layer 65
Build Tech layer 67
Build Tech layer 69
Build Tech layer 71
Build Tech layer 73
Build Tech layer 75
Build Tech layer 77
Build Tech layer 79
Build Tech layer 81
Build Tech layer 83
Build Tech layer 85
Build Tech layer 87
Build Tech layer 89
Build Tech layer 91
Build Tech layer 93
Build Tech layer 95
Build Tech layer 97
Build Tech layer 99
Build Tech layer 101
Build Tech layer 103
Build Tech layer 105
Build Tech layer 107
Build Tech layer 109
Build Tech layer 111
Build Tech layer 113
Build Tech layer 115
Build Tech layer 117
Build Tech layer 119
Build Tech layer 121
Build Tech layer 123
Build Tech layer 125
Build Tech layer 127
Simplifying copper layer polygons
Calculating plated copper
Simplify holes contours
Build BVH for holes and vias
Load Raytracing: board
Load Raytracing: layers
Loading 3D models...
Reload time 0.349 s
Rendering: 100 %
Rendering time 0.181 s
Successfully created 3D render image
2026-09-26T04:36:49.467+00:00 [Teensy4.1_4_layer_PCB/render-y2l42d_y] Frame 26/72 finished in 1.347s
2026-09-26T04:36:49.467+00:00 [Teensy4.1_4_layer_PCB/render-y2l42d_y] Frame 27/72 started; angle=130
2026-09-26T04:36:50.867+00:00 [Teensy4.1_4_layer_PCB/render-y2l42d_y] Frame 27 stdout: Loading…
Build board outline

Create layers
Create tracks and vias
Create zones
Build Tech layers
Build Tech layer 11
Build Tech layer 9
Build Tech layer 15
Build Tech layer 13
Build Tech layer 7
Build Tech layer 5
Build Tech layer 3
Build Tech layer 1
Build Tech layer 17
Build Tech layer 19
Build Tech layer 21
Build Tech layer 23
Build Tech layer 39
Build Tech layer 41
Build Tech layer 43
Build Tech layer 45
Build Tech layer 47
Build Tech layer 49
Build Tech layer 51
Build Tech layer 53
Build Tech layer 55
Build Tech layer 57
Build Tech layer 59
Build Tech layer 61
Build Tech layer 63
Build Tech layer 65
Build Tech layer 67
Build Tech layer 69
Build Tech layer 71
Build Tech layer 73
Build Tech layer 75
Build Tech layer 77
Build Tech layer 79
Build Tech layer 81
Build Tech layer 83
Build Tech layer 85
Build Tech layer 87
Build Tech layer 89
Build Tech layer 91
Build Tech layer 93
Build Tech layer 95
Build Tech layer 97
Build Tech layer 99
Build Tech layer 101
Build Tech layer 103
Build Tech layer 105
Build Tech layer 107
Build Tech layer 109
Build Tech layer 111
Build Tech layer 113
Build Tech layer 115
Build Tech layer 117
Build Tech layer 119
Build Tech layer 121
Build Tech layer 123
Build Tech layer 125
Build Tech layer 127
Simplifying copper layer polygons
Calculating plated copper
Simplify holes contours
Build BVH for holes and vias
Load Raytracing: board
Load Raytracing: layers
Loading 3D models...
Reload time 0.374 s
Rendering: 100 %
Rendering time 0.181 s
Successfully created 3D render image
2026-09-26T04:36:50.882+00:00 [Teensy4.1_4_layer_PCB/render-y2l42d_y] Frame 27/72 finished in 1.415s
2026-09-26T04:36:50.882+00:00 [Teensy4.1_4_layer_PCB/render-y2l42d_y] Frame 28/72 started; angle=135
2026-09-26T04:36:52.147+00:00 [Teensy4.1_4_layer_PCB/render-y2l42d_y] Frame 28 stdout: Loading…
Build board outline

Create layers
Create tracks and vias
Create zones
Build Tech layers
Build Tech layer 11
Build Tech layer 9
Build Tech layer 15
Build Tech layer 13
Build Tech layer 7
Build Tech layer 5
Build Tech layer 3
Build Tech layer 1
Build Tech layer 17
Build Tech layer 19
Build Tech layer 21
Build Tech layer 23
Build Tech layer 39
Build Tech layer 41
Build Tech layer 43
Build Tech layer 45
Build Tech layer 47
Build Tech layer 49
Build Tech layer 51
Build Tech layer 53
Build Tech layer 55
Build Tech layer 57
Build Tech layer 59
Build Tech layer 61
Build Tech layer 63
Build Tech layer 65
Build Tech layer 67
Build Tech layer 69
Build Tech layer 71
Build Tech layer 73
Build Tech layer 75
Build Tech layer 77
Build Tech layer 79
Build Tech layer 81
Build Tech layer 83
Build Tech layer 85
Build Tech layer 87
Build Tech layer 89
Build Tech layer 91
Build Tech layer 93
Build Tech layer 95
Build Tech layer 97
Build Tech layer 99
Build Tech layer 101
Build Tech layer 103
Build Tech layer 105
Build Tech layer 107
Build Tech layer 109
Build Tech layer 111
Build Tech layer 113
Build Tech layer 115
Build Tech layer 117
Build Tech layer 119
Build Tech layer 121
Build Tech layer 123
Build Tech layer 125
Build Tech layer 127
Simplifying copper layer polygons
Calculating plated copper
Simplify holes contours
Build BVH for holes and vias
Load Raytracing: board
Load Raytracing: layers
Loading 3D models...
Reload time 0.347 s
Rendering: 100 %
Rendering time 0.149 s
Successfully created 3D render image
2026-09-26T04:36:52.166+00:00 [Teensy4.1_4_layer_PCB/render-y2l42d_y] Frame 28/72 finished in 1.283s
2026-09-26T04:36:52.166+00:00 [Teensy4.1_4_layer_PCB/render-y2l42d_y] Frame 29/72 started; angle=140
2026-09-26T04:36:53.496+00:00 [Teensy4.1_4_layer_PCB/render-y2l42d_y] Frame 29 stdout: Loading…
Build board outline

Create layers
Create tracks and vias
Create zones
Build Tech layers
Build Tech layer 11
Build Tech layer 9
Build Tech layer 15
Build Tech layer 13
Build Tech layer 7
Build Tech layer 5
Build Tech layer 3
Build Tech layer 1
Build Tech layer 17
Build Tech layer 19
Build Tech layer 21
Build Tech layer 23
Build Tech layer 39
Build Tech layer 41
Build Tech layer 43
Build Tech layer 45
Build Tech layer 47
Build Tech layer 49
Build Tech layer 51
Build Tech layer 53
Build Tech layer 55
Build Tech layer 57
Build Tech layer 59
Build Tech layer 61
Build Tech layer 63
Build Tech layer 65
Build Tech layer 67
Build Tech layer 69
Build Tech layer 71
Build Tech layer 73
Build Tech layer 75
Build Tech layer 77
Build Tech layer 79
Build Tech layer 81
Build Tech layer 83
Build Tech layer 85
Build Tech layer 87
Build Tech layer 89
Build Tech layer 91
Build Tech layer 93
Build Tech layer 95
Build Tech layer 97
Build Tech layer 99
Build Tech layer 101
Build Tech layer 103
Build Tech layer 105
Build Tech layer 107
Build Tech layer 109
Build Tech layer 111
Build Tech layer 113
Build Tech layer 115
Build Tech layer 117
Build Tech layer 119
Build Tech layer 121
Build Tech layer 123
Build Tech layer 125
Build Tech layer 127
Simplifying copper layer polygons
Calculating plated copper
Simplify holes contours
Build BVH for holes and vias
Load Raytracing: board
Load Raytracing: layers
Loading 3D models...
Reload time 0.355 s
Rendering: 100 %
Rendering time 0.201 s
Successfully created 3D render image
2026-09-26T04:36:53.505+00:00 [Teensy4.1_4_layer_PCB/render-y2l42d_y] Frame 29/72 finished in 1.339s
2026-09-26T04:36:53.505+00:00 [Teensy4.1_4_layer_PCB/render-y2l42d_y] Frame 30/72 started; angle=145
2026-09-26T04:36:54.865+00:00 [Teensy4.1_4_layer_PCB/render-y2l42d_y] Frame 30 stdout: Loading…
Build board outline

Create layers
Create tracks and vias
Create zones
Build Tech layers
Build Tech layer 11
Build Tech layer 9
Build Tech layer 15
Build Tech layer 13
Build Tech layer 7
Build Tech layer 5
Build Tech layer 3
Build Tech layer 1
Build Tech layer 17
Build Tech layer 19
Build Tech layer 21
Build Tech layer 23
Build Tech layer 39
Build Tech layer 41
Build Tech layer 43
Build Tech layer 45
Build Tech layer 47
Build Tech layer 49
Build Tech layer 51
Build Tech layer 53
Build Tech layer 55
Build Tech layer 57
Build Tech layer 59
Build Tech layer 61
Build Tech layer 63
Build Tech layer 65
Build Tech layer 67
Build Tech layer 69
Build Tech layer 71
Build Tech layer 73
Build Tech layer 75
Build Tech layer 77
Build Tech layer 79
Build Tech layer 81
Build Tech layer 83
Build Tech layer 85
Build Tech layer 87
Build Tech layer 89
Build Tech layer 91
Build Tech layer 93
Build Tech layer 95
Build Tech layer 97
Build Tech layer 99
Build Tech layer 101
Build Tech layer 103
Build Tech layer 105
Build Tech layer 107
Build Tech layer 109
Build Tech layer 111
Build Tech layer 113
Build Tech layer 115
Build Tech layer 117
Build Tech layer 119
Build Tech layer 121
Build Tech layer 123
Build Tech layer 125
Build Tech layer 127
Simplifying copper layer polygons
Calculating plated copper
Simplify holes contours
Build BVH for holes and vias
Load Raytracing: board
Load Raytracing: layers
Loading 3D models...
Reload time 0.405 s
Rendering: 100 %
Rendering time 0.257 s
Successfully created 3D render image
2026-09-26T04:36:54.875+00:00 [Teensy4.1_4_layer_PCB/render-y2l42d_y] Frame 30/72 finished in 1.371s
2026-09-26T04:36:54.875+00:00 [Teensy4.1_4_layer_PCB/render-y2l42d_y] Frame 31/72 started; angle=150
2026-09-26T04:36:56.282+00:00 [Teensy4.1_4_layer_PCB/render-y2l42d_y] Frame 31 stdout: Loading…
Build board outline

Create layers
Create tracks and vias
Create zones
Build Tech layers
Build Tech layer 11
Build Tech layer 9
Build Tech layer 15
Build Tech layer 13
Build Tech layer 7
Build Tech layer 5
Build Tech layer 3
Build Tech layer 1
Build Tech layer 17
Build Tech layer 19
Build Tech layer 21
Build Tech layer 23
Build Tech layer 39
Build Tech layer 41
Build Tech layer 43
Build Tech layer 45
Build Tech layer 47
Build Tech layer 49
Build Tech layer 51
Build Tech layer 53
Build Tech layer 55
Build Tech layer 57
Build Tech layer 59
Build Tech layer 61
Build Tech layer 63
Build Tech layer 65
Build Tech layer 67
Build Tech layer 69
Build Tech layer 71
Build Tech layer 73
Build Tech layer 75
Build Tech layer 77
Build Tech layer 79
Build Tech layer 81
Build Tech layer 83
Build Tech layer 85
Build Tech layer 87
Build Tech layer 89
Build Tech layer 91
Build Tech layer 93
Build Tech layer 95
Build Tech layer 97
Build Tech layer 99
Build Tech layer 101
Build Tech layer 103
Build Tech layer 105
Build Tech layer 107
Build Tech layer 109
Build Tech layer 111
Build Tech layer 113
Build Tech layer 115
Build Tech layer 117
Build Tech layer 119
Build Tech layer 121
Build Tech layer 123
Build Tech layer 125
Build Tech layer 127
Simplifying copper layer polygons
Calculating plated copper
Simplify holes contours
Build BVH for holes and vias
Load Raytracing: board
Load Raytracing: layers
Loading 3D models...
Reload time 0.400 s
Rendering: 100 %
Rendering time 0.160 s
Successfully created 3D render image
2026-09-26T04:36:56.291+00:00 [Teensy4.1_4_layer_PCB/render-y2l42d_y] Frame 31/72 finished in 1.416s
2026-09-26T04:36:56.291+00:00 [Teensy4.1_4_layer_PCB/render-y2l42d_y] Frame 32/72 started; angle=155
2026-09-26T04:36:57.718+00:00 [Teensy4.1_4_layer_PCB/render-y2l42d_y] Frame 32 stdout: Loading…
Build board outline

Create layers
Create tracks and vias
Create zones
Build Tech layers
Build Tech layer 11
Build Tech layer 9
Build Tech layer 15
Build Tech layer 13
Build Tech layer 7
Build Tech layer 5
Build Tech layer 3
Build Tech layer 1
Build Tech layer 17
Build Tech layer 19
Build Tech layer 21
Build Tech layer 23
Build Tech layer 39
Build Tech layer 41
Build Tech layer 43
Build Tech layer 45
Build Tech layer 47
Build Tech layer 49
Build Tech layer 51
Build Tech layer 53
Build Tech layer 55
Build Tech layer 57
Build Tech layer 59
Build Tech layer 61
Build Tech layer 63
Build Tech layer 65
Build Tech layer 67
Build Tech layer 69
Build Tech layer 71
Build Tech layer 73
Build Tech layer 75
Build Tech layer 77
Build Tech layer 79
Build Tech layer 81
Build Tech layer 83
Build Tech layer 85
Build Tech layer 87
Build Tech layer 89
Build Tech layer 91
Build Tech layer 93
Build Tech layer 95
Build Tech layer 97
Build Tech layer 99
Build Tech layer 101
Build Tech layer 103
Build Tech layer 105
Build Tech layer 107
Build Tech layer 109
Build Tech layer 111
Build Tech layer 113
Build Tech layer 115
Build Tech layer 117
Build Tech layer 119
Build Tech layer 121
Build Tech layer 123
Build Tech layer 125
Build Tech layer 127
Simplifying copper layer polygons
Calculating plated copper
Simplify holes contours
Build BVH for holes and vias
Load Raytracing: board
Load Raytracing: layers
Loading 3D models...
Reload time 0.389 s
Rendering: 100 %
Rendering time 0.159 s
Successfully created 3D render image
2026-09-26T04:36:57.740+00:00 [Teensy4.1_4_layer_PCB/render-y2l42d_y] Frame 32/72 finished in 1.449s
2026-09-26T04:36:57.740+00:00 [Teensy4.1_4_layer_PCB/render-y2l42d_y] Frame 33/72 started; angle=160
2026-09-26T04:36:59.182+00:00 [Teensy4.1_4_layer_PCB/render-y2l42d_y] Frame 33 stdout: Loading…
Build board outline

Create layers
Create tracks and vias
Create zones
Build Tech layers
Build Tech layer 11
Build Tech layer 9
Build Tech layer 15
Build Tech layer 13
Build Tech layer 7
Build Tech layer 5
Build Tech layer 3
Build Tech layer 1
Build Tech layer 17
Build Tech layer 19
Build Tech layer 21
Build Tech layer 23
Build Tech layer 39
Build Tech layer 41
Build Tech layer 43
Build Tech layer 45
Build Tech layer 47
Build Tech layer 49
Build Tech layer 51
Build Tech layer 53
Build Tech layer 55
Build Tech layer 57
Build Tech layer 59
Build Tech layer 61
Build Tech layer 63
Build Tech layer 65
Build Tech layer 67
Build Tech layer 69
Build Tech layer 71
Build Tech layer 73
Build Tech layer 75
Build Tech layer 77
Build Tech layer 79
Build Tech layer 81
Build Tech layer 83
Build Tech layer 85
Build Tech layer 87
Build Tech layer 89
Build Tech layer 91
Build Tech layer 93
Build Tech layer 95
Build Tech layer 97
Build Tech layer 99
Build Tech layer 101
Build Tech layer 103
Build Tech layer 105
Build Tech layer 107
Build Tech layer 109
Build Tech layer 111
Build Tech layer 113
Build Tech layer 115
Build Tech layer 117
Build Tech layer 119
Build Tech layer 121
Build Tech layer 123
Build Tech layer 125
Build Tech layer 127
Simplifying copper layer polygons
Calculating plated copper
Simplify holes contours
Build BVH for holes and vias
Load Raytracing: board
Load Raytracing: layers
Loading 3D models...
Reload time 0.398 s
Rendering: 100 %
Rendering time 0.246 s
Successfully created 3D render image
2026-09-26T04:36:59.192+00:00 [Teensy4.1_4_layer_PCB/render-y2l42d_y] Frame 33/72 finished in 1.451s
2026-09-26T04:36:59.192+00:00 [Teensy4.1_4_layer_PCB/render-y2l42d_y] Frame 34/72 started; angle=165
2026-09-26T04:37:00.598+00:00 [Teensy4.1_4_layer_PCB/render-y2l42d_y] Frame 34 stdout: Loading…
Build board outline

Create layers
Create tracks and vias
Create zones
Build Tech layers
Build Tech layer 11
Build Tech layer 9
Build Tech layer 15
Build Tech layer 13
Build Tech layer 7
Build Tech layer 5
Build Tech layer 3
Build Tech layer 1
Build Tech layer 17
Build Tech layer 19
Build Tech layer 21
Build Tech layer 23
Build Tech layer 39
Build Tech layer 41
Build Tech layer 43
Build Tech layer 45
Build Tech layer 47
Build Tech layer 49
Build Tech layer 51
Build Tech layer 53
Build Tech layer 55
Build Tech layer 57
Build Tech layer 59
Build Tech layer 61
Build Tech layer 63
Build Tech layer 65
Build Tech layer 67
Build Tech layer 69
Build Tech layer 71
Build Tech layer 73
Build Tech layer 75
Build Tech layer 77
Build Tech layer 79
Build Tech layer 81
Build Tech layer 83
Build Tech layer 85
Build Tech layer 87
Build Tech layer 89
Build Tech layer 91
Build Tech layer 93
Build Tech layer 95
Build Tech layer 97
Build Tech layer 99
Build Tech layer 101
Build Tech layer 103
Build Tech layer 105
Build Tech layer 107
Build Tech layer 109
Build Tech layer 111
Build Tech layer 113
Build Tech layer 115
Build Tech layer 117
Build Tech layer 119
Build Tech layer 121
Build Tech layer 123
Build Tech layer 125
Build Tech layer 127
Simplifying copper layer polygons
Calculating plated copper
Simplify holes contours
Build BVH for holes and vias
Load Raytracing: board
Load Raytracing: layers
Loading 3D models...
Reload time 0.394 s
Rendering: 100 %
Rendering time 0.207 s
Successfully created 3D render image
2026-09-26T04:37:00.612+00:00 [Teensy4.1_4_layer_PCB/render-y2l42d_y] Frame 34/72 finished in 1.420s
2026-09-26T04:37:00.612+00:00 [Teensy4.1_4_layer_PCB/render-y2l42d_y] Frame 35/72 started; angle=170
2026-09-26T04:37:02.020+00:00 [Teensy4.1_4_layer_PCB/render-y2l42d_y] Frame 35 stdout: Loading…
Build board outline

Create layers
Create tracks and vias
Create zones
Build Tech layers
Build Tech layer 11
Build Tech layer 9
Build Tech layer 15
Build Tech layer 13
Build Tech layer 7
Build Tech layer 5
Build Tech layer 3
Build Tech layer 1
Build Tech layer 17
Build Tech layer 19
Build Tech layer 21
Build Tech layer 23
Build Tech layer 39
Build Tech layer 41
Build Tech layer 43
Build Tech layer 45
Build Tech layer 47
Build Tech layer 49
Build Tech layer 51
Build Tech layer 53
Build Tech layer 55
Build Tech layer 57
Build Tech layer 59
Build Tech layer 61
Build Tech layer 63
Build Tech layer 65
Build Tech layer 67
Build Tech layer 69
Build Tech layer 71
Build Tech layer 73
Build Tech layer 75
Build Tech layer 77
Build Tech layer 79
Build Tech layer 81
Build Tech layer 83
Build Tech layer 85
Build Tech layer 87
Build Tech layer 89
Build Tech layer 91
Build Tech layer 93
Build Tech layer 95
Build Tech layer 97
Build Tech layer 99
Build Tech layer 101
Build Tech layer 103
Build Tech layer 105
Build Tech layer 107
Build Tech layer 109
Build Tech layer 111
Build Tech layer 113
Build Tech layer 115
Build Tech layer 117
Build Tech layer 119
Build Tech layer 121
Build Tech layer 123
Build Tech layer 125
Build Tech layer 127
Simplifying copper layer polygons
Calculating plated copper
Simplify holes contours
Build BVH for holes and vias
Load Raytracing: board
Load Raytracing: layers
Loading 3D models...
Reload time 0.423 s
Rendering: 100 %
Rendering time 0.210 s
Successfully created 3D render image
2026-09-26T04:37:02.029+00:00 [Teensy4.1_4_layer_PCB/render-y2l42d_y] Frame 35/72 finished in 1.417s
2026-09-26T04:37:02.029+00:00 [Teensy4.1_4_layer_PCB/render-y2l42d_y] Frame 36/72 started; angle=175
2026-09-26T04:37:03.429+00:00 [Teensy4.1_4_layer_PCB/render-y2l42d_y] Frame 36 stdout: Loading…
Build board outline

Create layers
Create tracks and vias
Create zones
Build Tech layers
Build Tech layer 11
Build Tech layer 9
Build Tech layer 15
Build Tech layer 13
Build Tech layer 7
Build Tech layer 5
Build Tech layer 3
Build Tech layer 1
Build Tech layer 17
Build Tech layer 19
Build Tech layer 21
Build Tech layer 23
Build Tech layer 39
Build Tech layer 41
Build Tech layer 43
Build Tech layer 45
Build Tech layer 47
Build Tech layer 49
Build Tech layer 51
Build Tech layer 53
Build Tech layer 55
Build Tech layer 57
Build Tech layer 59
Build Tech layer 61
Build Tech layer 63
Build Tech layer 65
Build Tech layer 67
Build Tech layer 69
Build Tech layer 71
Build Tech layer 73
Build Tech layer 75
Build Tech layer 77
Build Tech layer 79
Build Tech layer 81
Build Tech layer 83
Build Tech layer 85
Build Tech layer 87
Build Tech layer 89
Build Tech layer 91
Build Tech layer 93
Build Tech layer 95
Build Tech layer 97
Build Tech layer 99
Build Tech layer 101
Build Tech layer 103
Build Tech layer 105
Build Tech layer 107
Build Tech layer 109
Build Tech layer 111
Build Tech layer 113
Build Tech layer 115
Build Tech layer 117
Build Tech layer 119
Build Tech layer 121
Build Tech layer 123
Build Tech layer 125
Build Tech layer 127
Simplifying copper layer polygons
Calculating plated copper
Simplify holes contours
Build BVH for holes and vias
Load Raytracing: board
Load Raytracing: layers
Loading 3D models...
Reload time 0.427 s
Rendering: 100 %
Rendering time 0.208 s
Successfully created 3D render image
2026-09-26T04:37:03.440+00:00 [Teensy4.1_4_layer_PCB/render-y2l42d_y] Frame 36/72 finished in 1.410s
2026-09-26T04:37:03.440+00:00 [Teensy4.1_4_layer_PCB/render-y2l42d_y] Frame 37/72 started; angle=180
2026-09-26T04:37:04.971+00:00 [Teensy4.1_4_layer_PCB/render-y2l42d_y] Frame 37 stdout: Loading…
Build board outline

Create layers
Create tracks and vias
Create zones
Build Tech layers
Build Tech layer 11
Build Tech layer 9
Build Tech layer 15
Build Tech layer 13
Build Tech layer 7
Build Tech layer 5
Build Tech layer 3
Build Tech layer 1
Build Tech layer 17
Build Tech layer 19
Build Tech layer 21
Build Tech layer 23
Build Tech layer 39
Build Tech layer 41
Build Tech layer 43
Build Tech layer 45
Build Tech layer 47
Build Tech layer 49
Build Tech layer 51
Build Tech layer 53
Build Tech layer 55
Build Tech layer 57
Build Tech layer 59
Build Tech layer 61
Build Tech layer 63
Build Tech layer 65
Build Tech layer 67
Build Tech layer 69
Build Tech layer 71
Build Tech layer 73
Build Tech layer 75
Build Tech layer 77
Build Tech layer 79
Build Tech layer 81
Build Tech layer 83
Build Tech layer 85
Build Tech layer 87
Build Tech layer 89
Build Tech layer 91
Build Tech layer 93
Build Tech layer 95
Build Tech layer 97
Build Tech layer 99
Build Tech layer 101
Build Tech layer 103
Build Tech layer 105
Build Tech layer 107
Build Tech layer 109
Build Tech layer 111
Build Tech layer 113
Build Tech layer 115
Build Tech layer 117
Build Tech layer 119
Build Tech layer 121
Build Tech layer 123
Build Tech layer 125
Build Tech layer 127
Simplifying copper layer polygons
Calculating plated copper
Simplify holes contours
Build BVH for holes and vias
Load Raytracing: board
Load Raytracing: layers
Loading 3D models...
Reload time 0.395 s
Rendering: 100 %
Rendering time 0.209 s
Successfully created 3D render image
2026-09-26T04:37:04.990+00:00 [Teensy4.1_4_layer_PCB/render-y2l42d_y] Frame 37/72 finished in 1.550s
2026-09-26T04:37:04.990+00:00 [Teensy4.1_4_layer_PCB/render-y2l42d_y] Frame 38/72 started; angle=185
2026-09-26T04:37:06.633+00:00 [Teensy4.1_4_layer_PCB/render-y2l42d_y] Frame 38 stdout: Loading…
Build board outline

Create layers
Create tracks and vias
Create zones
Build Tech layers
Build Tech layer 11
Build Tech layer 9
Build Tech layer 15
Build Tech layer 13
Build Tech layer 7
Build Tech layer 5
Build Tech layer 3
Build Tech layer 1
Build Tech layer 17
Build Tech layer 19
Build Tech layer 21
Build Tech layer 23
Build Tech layer 39
Build Tech layer 41
Build Tech layer 43
Build Tech layer 45
Build Tech layer 47
Build Tech layer 49
Build Tech layer 51
Build Tech layer 53
Build Tech layer 55
Build Tech layer 57
Build Tech layer 59
Build Tech layer 61
Build Tech layer 63
Build Tech layer 65
Build Tech layer 67
Build Tech layer 69
Build Tech layer 71
Build Tech layer 73
Build Tech layer 75
Build Tech layer 77
Build Tech layer 79
Build Tech layer 81
Build Tech layer 83
Build Tech layer 85
Build Tech layer 87
Build Tech layer 89
Build Tech layer 91
Build Tech layer 93
Build Tech layer 95
Build Tech layer 97
Build Tech layer 99
Build Tech layer 101
Build Tech layer 103
Build Tech layer 105
Build Tech layer 107
Build Tech layer 109
Build Tech layer 111
Build Tech layer 113
Build Tech layer 115
Build Tech layer 117
Build Tech layer 119
Build Tech layer 121
Build Tech layer 123
Build Tech layer 125
Build Tech layer 127
Simplifying copper layer polygons
Calculating plated copper
Simplify holes contours
Build BVH for holes and vias
Load Raytracing: board
Load Raytracing: layers
Loading 3D models...
Reload time 0.429 s
Rendering: 100 %
Rendering time 0.304 s
Successfully created 3D render image
2026-09-26T04:37:06.644+00:00 [Teensy4.1_4_layer_PCB/render-y2l42d_y] Frame 38/72 finished in 1.655s
2026-09-26T04:37:06.644+00:00 [Teensy4.1_4_layer_PCB/render-y2l42d_y] Frame 39/72 started; angle=190
2026-09-26T04:37:08.038+00:00 [Teensy4.1_4_layer_PCB/render-y2l42d_y] Frame 39 stdout: Loading…
Build board outline

Create layers
Create tracks and vias
Create zones
Build Tech layers
Build Tech layer 11
Build Tech layer 9
Build Tech layer 15
Build Tech layer 13
Build Tech layer 7
Build Tech layer 5
Build Tech layer 3
Build Tech layer 1
Build Tech layer 17
Build Tech layer 19
Build Tech layer 21
Build Tech layer 23
Build Tech layer 39
Build Tech layer 41
Build Tech layer 43
Build Tech layer 45
Build Tech layer 47
Build Tech layer 49
Build Tech layer 51
Build Tech layer 53
Build Tech layer 55
Build Tech layer 57
Build Tech layer 59
Build Tech layer 61
Build Tech layer 63
Build Tech layer 65
Build Tech layer 67
Build Tech layer 69
Build Tech layer 71
Build Tech layer 73
Build Tech layer 75
Build Tech layer 77
Build Tech layer 79
Build Tech layer 81
Build Tech layer 83
Build Tech layer 85
Build Tech layer 87
Build Tech layer 89
Build Tech layer 91
Build Tech layer 93
Build Tech layer 95
Build Tech layer 97
Build Tech layer 99
Build Tech layer 101
Build Tech layer 103
Build Tech layer 105
Build Tech layer 107
Build Tech layer 109
Build Tech layer 111
Build Tech layer 113
Build Tech layer 115
Build Tech layer 117
Build Tech layer 119
Build Tech layer 121
Build Tech layer 123
Build Tech layer 125
Build Tech layer 127
Simplifying copper layer polygons
Calculating plated copper
Simplify holes contours
Build BVH for holes and vias
Load Raytracing: board
Load Raytracing: layers
Loading 3D models...
Reload time 0.373 s
Rendering: 100 %
Rendering time 0.192 s
Successfully created 3D render image
2026-09-26T04:37:08.050+00:00 [Teensy4.1_4_layer_PCB/render-y2l42d_y] Frame 39/72 finished in 1.406s
2026-09-26T04:37:08.050+00:00 [Teensy4.1_4_layer_PCB/render-y2l42d_y] Frame 40/72 started; angle=195
2026-09-26T04:37:09.542+00:00 [Teensy4.1_4_layer_PCB/render-y2l42d_y] Frame 40 stdout: Loading…
Build board outline

Create layers
Create tracks and vias
Create zones
Build Tech layers
Build Tech layer 11
Build Tech layer 9
Build Tech layer 15
Build Tech layer 13
Build Tech layer 7
Build Tech layer 5
Build Tech layer 3
Build Tech layer 1
Build Tech layer 17
Build Tech layer 19
Build Tech layer 21
Build Tech layer 23
Build Tech layer 39
Build Tech layer 41
Build Tech layer 43
Build Tech layer 45
Build Tech layer 47
Build Tech layer 49
Build Tech layer 51
Build Tech layer 53
Build Tech layer 55
Build Tech layer 57
Build Tech layer 59
Build Tech layer 61
Build Tech layer 63
Build Tech layer 65
Build Tech layer 67
Build Tech layer 69
Build Tech layer 71
Build Tech layer 73
Build Tech layer 75
Build Tech layer 77
Build Tech layer 79
Build Tech layer 81
Build Tech layer 83
Build Tech layer 85
Build Tech layer 87
Build Tech layer 89
Build Tech layer 91
Build Tech layer 93
Build Tech layer 95
Build Tech layer 97
Build Tech layer 99
Build Tech layer 101
Build Tech layer 103
Build Tech layer 105
Build Tech layer 107
Build Tech layer 109
Build Tech layer 111
Build Tech layer 113
Build Tech layer 115
Build Tech layer 117
Build Tech layer 119
Build Tech layer 121
Build Tech layer 123
Build Tech layer 125
Build Tech layer 127
Simplifying copper layer polygons
Calculating plated copper
Simplify holes contours
Build BVH for holes and vias
Load Raytracing: board
Load Raytracing: layers
Loading 3D models...
Reload time 0.334 s
Rendering: 100 %
Rendering time 0.258 s
Successfully created 3D render image
2026-09-26T04:37:09.550+00:00 [Teensy4.1_4_layer_PCB/render-y2l42d_y] Frame 40/72 finished in 1.500s
2026-09-26T04:37:09.550+00:00 [Teensy4.1_4_layer_PCB/render-y2l42d_y] Frame 41/72 started; angle=200
2026-09-26T04:37:10.795+00:00 [Teensy4.1_4_layer_PCB/render-y2l42d_y] Frame 41 stdout: Loading…
Build board outline

Create layers
Create tracks and vias
Create zones
Build Tech layers
Build Tech layer 11
Build Tech layer 9
Build Tech layer 15
Build Tech layer 13
Build Tech layer 7
Build Tech layer 5
Build Tech layer 3
Build Tech layer 1
Build Tech layer 17
Build Tech layer 19
Build Tech layer 21
Build Tech layer 23
Build Tech layer 39
Build Tech layer 41
Build Tech layer 43
Build Tech layer 45
Build Tech layer 47
Build Tech layer 49
Build Tech layer 51
Build Tech layer 53
Build Tech layer 55
Build Tech layer 57
Build Tech layer 59
Build Tech layer 61
Build Tech layer 63
Build Tech layer 65
Build Tech layer 67
Build Tech layer 69
Build Tech layer 71
Build Tech layer 73
Build Tech layer 75
Build Tech layer 77
Build Tech layer 79
Build Tech layer 81
Build Tech layer 83
Build Tech layer 85
Build Tech layer 87
Build Tech layer 89
Build Tech layer 91
Build Tech layer 93
Build Tech layer 95
Build Tech layer 97
Build Tech layer 99
Build Tech layer 101
Build Tech layer 103
Build Tech layer 105
Build Tech layer 107
Build Tech layer 109
Build Tech layer 111
Build Tech layer 113
Build Tech layer 115
Build Tech layer 117
Build Tech layer 119
Build Tech layer 121
Build Tech layer 123
Build Tech layer 125
Build Tech layer 127
Simplifying copper layer polygons
Calculating plated copper
Simplify holes contours
Build BVH for holes and vias
Load Raytracing: board
Load Raytracing: layers
Loading 3D models...
Reload time 0.385 s
Rendering: 100 %
Rendering time 0.254 s
Successfully created 3D render image
2026-09-26T04:37:10.805+00:00 [Teensy4.1_4_layer_PCB/render-y2l42d_y] Frame 41/72 finished in 1.255s
2026-09-26T04:37:10.805+00:00 [Teensy4.1_4_layer_PCB/render-y2l42d_y] Frame 42/72 started; angle=205
2026-09-26T04:37:12.087+00:00 [Teensy4.1_4_layer_PCB/render-y2l42d_y] Frame 42 stdout: Loading…
Build board outline

Create layers
Create tracks and vias
Create zones
Build Tech layers
Build Tech layer 11
Build Tech layer 9
Build Tech layer 15
Build Tech layer 13
Build Tech layer 7
Build Tech layer 5
Build Tech layer 3
Build Tech layer 1
Build Tech layer 17
Build Tech layer 19
Build Tech layer 21
Build Tech layer 23
Build Tech layer 39
Build Tech layer 41
Build Tech layer 43
Build Tech layer 45
Build Tech layer 47
Build Tech layer 49
Build Tech layer 51
Build Tech layer 53
Build Tech layer 55
Build Tech layer 57
Build Tech layer 59
Build Tech layer 61
Build Tech layer 63
Build Tech layer 65
Build Tech layer 67
Build Tech layer 69
Build Tech layer 71
Build Tech layer 73
Build Tech layer 75
Build Tech layer 77
Build Tech layer 79
Build Tech layer 81
Build Tech layer 83
Build Tech layer 85
Build Tech layer 87
Build Tech layer 89
Build Tech layer 91
Build Tech layer 93
Build Tech layer 95
Build Tech layer 97
Build Tech layer 99
Build Tech layer 101
Build Tech layer 103
Build Tech layer 105
Build Tech layer 107
Build Tech layer 109
Build Tech layer 111
Build Tech layer 113
Build Tech layer 115
Build Tech layer 117
Build Tech layer 119
Build Tech layer 121
Build Tech layer 123
Build Tech layer 125
Build Tech layer 127
Simplifying copper layer polygons
Calculating plated copper
Simplify holes contours
Build BVH for holes and vias
Load Raytracing: board
Load Raytracing: layers
Loading 3D models...
Reload time 0.405 s
Rendering: 100 %
Rendering time 0.145 s
Successfully created 3D render image
2026-09-26T04:37:12.099+00:00 [Teensy4.1_4_layer_PCB/render-y2l42d_y] Frame 42/72 finished in 1.294s
2026-09-26T04:37:12.099+00:00 [Teensy4.1_4_layer_PCB/render-y2l42d_y] Frame 43/72 started; angle=210
2026-09-26T04:37:13.440+00:00 [Teensy4.1_4_layer_PCB/render-y2l42d_y] Frame 43 stdout: Loading…
Build board outline

Create layers
Create tracks and vias
Create zones
Build Tech layers
Build Tech layer 11
Build Tech layer 9
Build Tech layer 15
Build Tech layer 13
Build Tech layer 7
Build Tech layer 5
Build Tech layer 3
Build Tech layer 1
Build Tech layer 17
Build Tech layer 19
Build Tech layer 21
Build Tech layer 23
Build Tech layer 39
Build Tech layer 41
Build Tech layer 43
Build Tech layer 45
Build Tech layer 47
Build Tech layer 49
Build Tech layer 51
Build Tech layer 53
Build Tech layer 55
Build Tech layer 57
Build Tech layer 59
Build Tech layer 61
Build Tech layer 63
Build Tech layer 65
Build Tech layer 67
Build Tech layer 69
Build Tech layer 71
Build Tech layer 73
Build Tech layer 75
Build Tech layer 77
Build Tech layer 79
Build Tech layer 81
Build Tech layer 83
Build Tech layer 85
Build Tech layer 87
Build Tech layer 89
Build Tech layer 91
Build Tech layer 93
Build Tech layer 95
Build Tech layer 97
Build Tech layer 99
Build Tech layer 101
Build Tech layer 103
Build Tech layer 105
Build Tech layer 107
Build Tech layer 109
Build Tech layer 111
Build Tech layer 113
Build Tech layer 115
Build Tech layer 117
Build Tech layer 119
Build Tech layer 121
Build Tech layer 123
Build Tech layer 125
Build Tech layer 127
Simplifying copper layer polygons
Calculating plated copper
Simplify holes contours
Build BVH for holes and vias
Load Raytracing: board
Load Raytracing: layers
Loading 3D models...
Reload time 0.384 s
Rendering: 100 %
Rendering time 0.139 s
Successfully created 3D render image
2026-09-26T04:37:13.460+00:00 [Teensy4.1_4_layer_PCB/render-y2l42d_y] Frame 43/72 finished in 1.361s
2026-09-26T04:37:13.460+00:00 [Teensy4.1_4_layer_PCB/render-y2l42d_y] Frame 44/72 started; angle=215
2026-09-26T04:37:14.862+00:00 [Teensy4.1_4_layer_PCB/render-y2l42d_y] Frame 44 stdout: Loading…
Build board outline

Create layers
Create tracks and vias
Create zones
Build Tech layers
Build Tech layer 11
Build Tech layer 9
Build Tech layer 15
Build Tech layer 13
Build Tech layer 7
Build Tech layer 5
Build Tech layer 3
Build Tech layer 1
Build Tech layer 17
Build Tech layer 19
Build Tech layer 21
Build Tech layer 23
Build Tech layer 39
Build Tech layer 41
Build Tech layer 43
Build Tech layer 45
Build Tech layer 47
Build Tech layer 49
Build Tech layer 51
Build Tech layer 53
Build Tech layer 55
Build Tech layer 57
Build Tech layer 59
Build Tech layer 61
Build Tech layer 63
Build Tech layer 65
Build Tech layer 67
Build Tech layer 69
Build Tech layer 71
Build Tech layer 73
Build Tech layer 75
Build Tech layer 77
Build Tech layer 79
Build Tech layer 81
Build Tech layer 83
Build Tech layer 85
Build Tech layer 87
Build Tech layer 89
Build Tech layer 91
Build Tech layer 93
Build Tech layer 95
Build Tech layer 97
Build Tech layer 99
Build Tech layer 101
Build Tech layer 103
Build Tech layer 105
Build Tech layer 107
Build Tech layer 109
Build Tech layer 111
Build Tech layer 113
Build Tech layer 115
Build Tech layer 117
Build Tech layer 119
Build Tech layer 121
Build Tech layer 123
Build Tech layer 125
Build Tech layer 127
Simplifying copper layer polygons
Calculating plated copper
Simplify holes contours
Build BVH for holes and vias
Load Raytracing: board
Load Raytracing: layers
Loading 3D models...
Reload time 0.439 s
Rendering: 100 %
Rendering time 0.221 s
Successfully created 3D render image
2026-09-26T04:37:14.873+00:00 [Teensy4.1_4_layer_PCB/render-y2l42d_y] Frame 44/72 finished in 1.413s
2026-09-26T04:37:14.873+00:00 [Teensy4.1_4_layer_PCB/render-y2l42d_y] Frame 45/72 started; angle=220
2026-09-26T04:37:16.273+00:00 [Teensy4.1_4_layer_PCB/render-y2l42d_y] Frame 45 stdout: Loading…
Build board outline

Create layers
Create tracks and vias
Create zones
Build Tech layers
Build Tech layer 11
Build Tech layer 9
Build Tech layer 15
Build Tech layer 13
Build Tech layer 7
Build Tech layer 5
Build Tech layer 3
Build Tech layer 1
Build Tech layer 17
Build Tech layer 19
Build Tech layer 21
Build Tech layer 23
Build Tech layer 39
Build Tech layer 41
Build Tech layer 43
Build Tech layer 45
Build Tech layer 47
Build Tech layer 49
Build Tech layer 51
Build Tech layer 53
Build Tech layer 55
Build Tech layer 57
Build Tech layer 59
Build Tech layer 61
Build Tech layer 63
Build Tech layer 65
Build Tech layer 67
Build Tech layer 69
Build Tech layer 71
Build Tech layer 73
Build Tech layer 75
Build Tech layer 77
Build Tech layer 79
Build Tech layer 81
Build Tech layer 83
Build Tech layer 85
Build Tech layer 87
Build Tech layer 89
Build Tech layer 91
Build Tech layer 93
Build Tech layer 95
Build Tech layer 97
Build Tech layer 99
Build Tech layer 101
Build Tech layer 103
Build Tech layer 105
Build Tech layer 107
Build Tech layer 109
Build Tech layer 111
Build Tech layer 113
Build Tech layer 115
Build Tech layer 117
Build Tech layer 119
Build Tech layer 121
Build Tech layer 123
Build Tech layer 125
Build Tech layer 127
Simplifying copper layer polygons
Calculating plated copper
Simplify holes contours
Build BVH for holes and vias
Load Raytracing: board
Load Raytracing: layers
Loading 3D models...
Reload time 0.356 s
Rendering: 100 %
Rendering time 0.135 s
Successfully created 3D render image
2026-09-26T04:37:16.281+00:00 [Teensy4.1_4_layer_PCB/render-y2l42d_y] Frame 45/72 finished in 1.408s
2026-09-26T04:37:16.281+00:00 [Teensy4.1_4_layer_PCB/render-y2l42d_y] Frame 46/72 started; angle=225
2026-09-26T04:37:17.530+00:00 [Teensy4.1_4_layer_PCB/render-y2l42d_y] Frame 46 stdout: Loading…
Build board outline

Create layers
Create tracks and vias
Create zones
Build Tech layers
Build Tech layer 11
Build Tech layer 9
Build Tech layer 15
Build Tech layer 13
Build Tech layer 7
Build Tech layer 5
Build Tech layer 3
Build Tech layer 1
Build Tech layer 17
Build Tech layer 19
Build Tech layer 21
Build Tech layer 23
Build Tech layer 39
Build Tech layer 41
Build Tech layer 43
Build Tech layer 45
Build Tech layer 47
Build Tech layer 49
Build Tech layer 51
Build Tech layer 53
Build Tech layer 55
Build Tech layer 57
Build Tech layer 59
Build Tech layer 61
Build Tech layer 63
Build Tech layer 65
Build Tech layer 67
Build Tech layer 69
Build Tech layer 71
Build Tech layer 73
Build Tech layer 75
Build Tech layer 77
Build Tech layer 79
Build Tech layer 81
Build Tech layer 83
Build Tech layer 85
Build Tech layer 87
Build Tech layer 89
Build Tech layer 91
Build Tech layer 93
Build Tech layer 95
Build Tech layer 97
Build Tech layer 99
Build Tech layer 101
Build Tech layer 103
Build Tech layer 105
Build Tech layer 107
Build Tech layer 109
Build Tech layer 111
Build Tech layer 113
Build Tech layer 115
Build Tech layer 117
Build Tech layer 119
Build Tech layer 121
Build Tech layer 123
Build Tech layer 125
Build Tech layer 127
Simplifying copper layer polygons
Calculating plated copper
Simplify holes contours
Build BVH for holes and vias
Load Raytracing: board
Load Raytracing: layers
Loading 3D models...
Reload time 0.344 s
Rendering: 100 %
Rendering time 0.126 s
Successfully created 3D render image
2026-09-26T04:37:17.543+00:00 [Teensy4.1_4_layer_PCB/render-y2l42d_y] Frame 46/72 finished in 1.262s
2026-09-26T04:37:17.544+00:00 [Teensy4.1_4_layer_PCB/render-y2l42d_y] Frame 47/72 started; angle=230
2026-09-26T04:37:18.698+00:00 [Teensy4.1_4_layer_PCB/render-y2l42d_y] Frame 47 stdout: Loading…
Build board outline

Create layers
Create tracks and vias
Create zones
Build Tech layers
Build Tech layer 11
Build Tech layer 9
Build Tech layer 15
Build Tech layer 13
Build Tech layer 7
Build Tech layer 5
Build Tech layer 3
Build Tech layer 1
Build Tech layer 17
Build Tech layer 19
Build Tech layer 21
Build Tech layer 23
Build Tech layer 39
Build Tech layer 41
Build Tech layer 43
Build Tech layer 45
Build Tech layer 47
Build Tech layer 49
Build Tech layer 51
Build Tech layer 53
Build Tech layer 55
Build Tech layer 57
Build Tech layer 59
Build Tech layer 61
Build Tech layer 63
Build Tech layer 65
Build Tech layer 67
Build Tech layer 69
Build Tech layer 71
Build Tech layer 73
Build Tech layer 75
Build Tech layer 77
Build Tech layer 79
Build Tech layer 81
Build Tech layer 83
Build Tech layer 85
Build Tech layer 87
Build Tech layer 89
Build Tech layer 91
Build Tech layer 93
Build Tech layer 95
Build Tech layer 97
Build Tech layer 99
Build Tech layer 101
Build Tech layer 103
Build Tech layer 105
Build Tech layer 107
Build Tech layer 109
Build Tech layer 111
Build Tech layer 113
Build Tech layer 115
Build Tech layer 117
Build Tech layer 119
Build Tech layer 121
Build Tech layer 123
Build Tech layer 125
Build Tech layer 127
Simplifying copper layer polygons
Calculating plated copper
Simplify holes contours
Build BVH for holes and vias
Load Raytracing: board
Load Raytracing: layers
Loading 3D models...
Reload time 0.313 s
Rendering: 100 %
Rendering time 0.148 s
Successfully created 3D render image
2026-09-26T04:37:18.706+00:00 [Teensy4.1_4_layer_PCB/render-y2l42d_y] Frame 47/72 finished in 1.162s
2026-09-26T04:37:18.706+00:00 [Teensy4.1_4_layer_PCB/render-y2l42d_y] Frame 48/72 started; angle=235
2026-09-26T04:37:19.906+00:00 [Teensy4.1_4_layer_PCB/render-y2l42d_y] Frame 48 stdout: Loading…
Build board outline

Create layers
Create tracks and vias
Create zones
Build Tech layers
Build Tech layer 11
Build Tech layer 9
Build Tech layer 15
Build Tech layer 13
Build Tech layer 7
Build Tech layer 5
Build Tech layer 3
Build Tech layer 1
Build Tech layer 17
Build Tech layer 19
Build Tech layer 21
Build Tech layer 23
Build Tech layer 39
Build Tech layer 41
Build Tech layer 43
Build Tech layer 45
Build Tech layer 47
Build Tech layer 49
Build Tech layer 51
Build Tech layer 53
Build Tech layer 55
Build Tech layer 57
Build Tech layer 59
Build Tech layer 61
Build Tech layer 63
Build Tech layer 65
Build Tech layer 67
Build Tech layer 69
Build Tech layer 71
Build Tech layer 73
Build Tech layer 75
Build Tech layer 77
Build Tech layer 79
Build Tech layer 81
Build Tech layer 83
Build Tech layer 85
Build Tech layer 87
Build Tech layer 89
Build Tech layer 91
Build Tech layer 93
Build Tech layer 95
Build Tech layer 97
Build Tech layer 99
Build Tech layer 101
Build Tech layer 103
Build Tech layer 105
Build Tech layer 107
Build Tech layer 109
Build Tech layer 111
Build Tech layer 113
Build Tech layer 115
Build Tech layer 117
Build Tech layer 119
Build Tech layer 121
Build Tech layer 123
Build Tech layer 125
Build Tech layer 127
Simplifying copper layer polygons
Calculating plated copper
Simplify holes contours
Build BVH for holes and vias
Load Raytracing: board
Load Raytracing: layers
Loading 3D models...
Reload time 0.359 s
Rendering: 100 %
Rendering time 0.143 s
Successfully created 3D render image
2026-09-26T04:37:19.913+00:00 [Teensy4.1_4_layer_PCB/render-y2l42d_y] Frame 48/72 finished in 1.207s
2026-09-26T04:37:19.913+00:00 [Teensy4.1_4_layer_PCB/render-y2l42d_y] Frame 49/72 started; angle=240
2026-09-26T04:37:20.992+00:00 [Teensy4.1_4_layer_PCB/render-y2l42d_y] Frame 49 stdout: Loading…
Build board outline

Create layers
Create tracks and vias
Create zones
Build Tech layers
Build Tech layer 11
Build Tech layer 9
Build Tech layer 15
Build Tech layer 13
Build Tech layer 7
Build Tech layer 5
Build Tech layer 3
Build Tech layer 1
Build Tech layer 17
Build Tech layer 19
Build Tech layer 21
Build Tech layer 23
Build Tech layer 39
Build Tech layer 41
Build Tech layer 43
Build Tech layer 45
Build Tech layer 47
Build Tech layer 49
Build Tech layer 51
Build Tech layer 53
Build Tech layer 55
Build Tech layer 57
Build Tech layer 59
Build Tech layer 61
Build Tech layer 63
Build Tech layer 65
Build Tech layer 67
Build Tech layer 69
Build Tech layer 71
Build Tech layer 73
Build Tech layer 75
Build Tech layer 77
Build Tech layer 79
Build Tech layer 81
Build Tech layer 83
Build Tech layer 85
Build Tech layer 87
Build Tech layer 89
Build Tech layer 91
Build Tech layer 93
Build Tech layer 95
Build Tech layer 97
Build Tech layer 99
Build Tech layer 101
Build Tech layer 103
Build Tech layer 105
Build Tech layer 107
Build Tech layer 109
Build Tech layer 111
Build Tech layer 113
Build Tech layer 115
Build Tech layer 117
Build Tech layer 119
Build Tech layer 121
Build Tech layer 123
Build Tech layer 125
Build Tech layer 127
Simplifying copper layer polygons
Calculating plated copper
Simplify holes contours
Build BVH for holes and vias
Load Raytracing: board
Load Raytracing: layers
Loading 3D models...
Reload time 0.346 s
Rendering: 100 %
Rendering time 0.098 s
Successfully created 3D render image
2026-09-26T04:37:20.999+00:00 [Teensy4.1_4_layer_PCB/render-y2l42d_y] Frame 49/72 finished in 1.086s
2026-09-26T04:37:20.999+00:00 [Teensy4.1_4_layer_PCB/render-y2l42d_y] Frame 50/72 started; angle=245
2026-09-26T04:37:22.048+00:00 [Teensy4.1_4_layer_PCB/render-y2l42d_y] Frame 50 stdout: Loading…
Build board outline

Create layers
Create tracks and vias
Create zones
Build Tech layers
Build Tech layer 11
Build Tech layer 9
Build Tech layer 15
Build Tech layer 13
Build Tech layer 7
Build Tech layer 5
Build Tech layer 3
Build Tech layer 1
Build Tech layer 17
Build Tech layer 19
Build Tech layer 21
Build Tech layer 23
Build Tech layer 39
Build Tech layer 41
Build Tech layer 43
Build Tech layer 45
Build Tech layer 47
Build Tech layer 49
Build Tech layer 51
Build Tech layer 53
Build Tech layer 55
Build Tech layer 57
Build Tech layer 59
Build Tech layer 61
Build Tech layer 63
Build Tech layer 65
Build Tech layer 67
Build Tech layer 69
Build Tech layer 71
Build Tech layer 73
Build Tech layer 75
Build Tech layer 77
Build Tech layer 79
Build Tech layer 81
Build Tech layer 83
Build Tech layer 85
Build Tech layer 87
Build Tech layer 89
Build Tech layer 91
Build Tech layer 93
Build Tech layer 95
Build Tech layer 97
Build Tech layer 99
Build Tech layer 101
Build Tech layer 103
Build Tech layer 105
Build Tech layer 107
Build Tech layer 109
Build Tech layer 111
Build Tech layer 113
Build Tech layer 115
Build Tech layer 117
Build Tech layer 119
Build Tech layer 121
Build Tech layer 123
Build Tech layer 125
Build Tech layer 127
Simplifying copper layer polygons
Calculating plated copper
Simplify holes contours
Build BVH for holes and vias
Load Raytracing: board
Load Raytracing: layers
Loading 3D models...
Reload time 0.298 s
Rendering: 100 %
Rendering time 0.088 s
Successfully created 3D render image
2026-09-26T04:37:22.063+00:00 [Teensy4.1_4_layer_PCB/render-y2l42d_y] Frame 50/72 finished in 1.064s
2026-09-26T04:37:22.063+00:00 [Teensy4.1_4_layer_PCB/render-y2l42d_y] Frame 51/72 started; angle=250
2026-09-26T04:37:23.348+00:00 [Teensy4.1_4_layer_PCB/render-y2l42d_y] Frame 51 stdout: Loading…
Build board outline

Create layers
Create tracks and vias
Create zones
Build Tech layers
Build Tech layer 11
Build Tech layer 9
Build Tech layer 15
Build Tech layer 13
Build Tech layer 7
Build Tech layer 5
Build Tech layer 3
Build Tech layer 1
Build Tech layer 17
Build Tech layer 19
Build Tech layer 21
Build Tech layer 23
Build Tech layer 39
Build Tech layer 41
Build Tech layer 43
Build Tech layer 45
Build Tech layer 47
Build Tech layer 49
Build Tech layer 51
Build Tech layer 53
Build Tech layer 55
Build Tech layer 57
Build Tech layer 59
Build Tech layer 61
Build Tech layer 63
Build Tech layer 65
Build Tech layer 67
Build Tech layer 69
Build Tech layer 71
Build Tech layer 73
Build Tech layer 75
Build Tech layer 77
Build Tech layer 79
Build Tech layer 81
Build Tech layer 83
Build Tech layer 85
Build Tech layer 87
Build Tech layer 89
Build Tech layer 91
Build Tech layer 93
Build Tech layer 95
Build Tech layer 97
Build Tech layer 99
Build Tech layer 101
Build Tech layer 103
Build Tech layer 105
Build Tech layer 107
Build Tech layer 109
Build Tech layer 111
Build Tech layer 113
Build Tech layer 115
Build Tech layer 117
Build Tech layer 119
Build Tech layer 121
Build Tech layer 123
Build Tech layer 125
Build Tech layer 127
Simplifying copper layer polygons
Calculating plated copper
Simplify holes contours
Build BVH for holes and vias
Load Raytracing: board
Load Raytracing: layers
Loading 3D models...
Reload time 0.338 s
Rendering: 100 %
Rendering time 0.076 s
Successfully created 3D render image
2026-09-26T04:37:23.355+00:00 [Teensy4.1_4_layer_PCB/render-y2l42d_y] Frame 51/72 finished in 1.292s
2026-09-26T04:37:23.355+00:00 [Teensy4.1_4_layer_PCB/render-y2l42d_y] Frame 52/72 started; angle=255
2026-09-26T04:37:24.511+00:00 [Teensy4.1_4_layer_PCB/render-y2l42d_y] Frame 52 stdout: Loading…
Build board outline

Create layers
Create tracks and vias
Create zones
Build Tech layers
Build Tech layer 11
Build Tech layer 9
Build Tech layer 15
Build Tech layer 13
Build Tech layer 7
Build Tech layer 5
Build Tech layer 3
Build Tech layer 1
Build Tech layer 17
Build Tech layer 19
Build Tech layer 21
Build Tech layer 23
Build Tech layer 39
Build Tech layer 41
Build Tech layer 43
Build Tech layer 45
Build Tech layer 47
Build Tech layer 49
Build Tech layer 51
Build Tech layer 53
Build Tech layer 55
Build Tech layer 57
Build Tech layer 59
Build Tech layer 61
Build Tech layer 63
Build Tech layer 65
Build Tech layer 67
Build Tech layer 69
Build Tech layer 71
Build Tech layer 73
Build Tech layer 75
Build Tech layer 77
Build Tech layer 79
Build Tech layer 81
Build Tech layer 83
Build Tech layer 85
Build Tech layer 87
Build Tech layer 89
Build Tech layer 91
Build Tech layer 93
Build Tech layer 95
Build Tech layer 97
Build Tech layer 99
Build Tech layer 101
Build Tech layer 103
Build Tech layer 105
Build Tech layer 107
Build Tech layer 109
Build Tech layer 111
Build Tech layer 113
Build Tech layer 115
Build Tech layer 117
Build Tech layer 119
Build Tech layer 121
Build Tech layer 123
Build Tech layer 125
Build Tech layer 127
Simplifying copper layer polygons
Calculating plated copper
Simplify holes contours
Build BVH for holes and vias
Load Raytracing: board
Load Raytracing: layers
Loading 3D models...
Reload time 0.384 s
Rendering: 100 %
Rendering time 0.082 s
Successfully created 3D render image
2026-09-26T04:37:24.518+00:00 [Teensy4.1_4_layer_PCB/render-y2l42d_y] Frame 52/72 finished in 1.163s
2026-09-26T04:37:24.518+00:00 [Teensy4.1_4_layer_PCB/render-y2l42d_y] Frame 53/72 started; angle=260
2026-09-26T04:37:25.604+00:00 [Teensy4.1_4_layer_PCB/render-y2l42d_y] Frame 53 stdout: Loading…
Build board outline

Create layers
Create tracks and vias
Create zones
Build Tech layers
Build Tech layer 11
Build Tech layer 9
Build Tech layer 15
Build Tech layer 13
Build Tech layer 7
Build Tech layer 5
Build Tech layer 3
Build Tech layer 1
Build Tech layer 17
Build Tech layer 19
Build Tech layer 21
Build Tech layer 23
Build Tech layer 39
Build Tech layer 41
Build Tech layer 43
Build Tech layer 45
Build Tech layer 47
Build Tech layer 49
Build Tech layer 51
Build Tech layer 53
Build Tech layer 55
Build Tech layer 57
Build Tech layer 59
Build Tech layer 61
Build Tech layer 63
Build Tech layer 65
Build Tech layer 67
Build Tech layer 69
Build Tech layer 71
Build Tech layer 73
Build Tech layer 75
Build Tech layer 77
Build Tech layer 79
Build Tech layer 81
Build Tech layer 83
Build Tech layer 85
Build Tech layer 87
Build Tech layer 89
Build Tech layer 91
Build Tech layer 93
Build Tech layer 95
Build Tech layer 97
Build Tech layer 99
Build Tech layer 101
Build Tech layer 103
Build Tech layer 105
Build Tech layer 107
Build Tech layer 109
Build Tech layer 111
Build Tech layer 113
Build Tech layer 115
Build Tech layer 117
Build Tech layer 119
Build Tech layer 121
Build Tech layer 123
Build Tech layer 125
Build Tech layer 127
Simplifying copper layer polygons
Calculating plated copper
Simplify holes contours
Build BVH for holes and vias
Load Raytracing: board
Load Raytracing: layers
Loading 3D models...
Reload time 0.331 s
Rendering: 100 %
Rendering time 0.062 s
Successfully created 3D render image
2026-09-26T04:37:25.613+00:00 [Teensy4.1_4_layer_PCB/render-y2l42d_y] Frame 53/72 finished in 1.095s
2026-09-26T04:37:25.613+00:00 [Teensy4.1_4_layer_PCB/render-y2l42d_y] Frame 54/72 started; angle=265
2026-09-26T04:37:26.840+00:00 [Teensy4.1_4_layer_PCB/render-y2l42d_y] Frame 54 stdout: Loading…
Build board outline

Create layers
Create tracks and vias
Create zones
Build Tech layers
Build Tech layer 11
Build Tech layer 9
Build Tech layer 15
Build Tech layer 13
Build Tech layer 7
Build Tech layer 5
Build Tech layer 3
Build Tech layer 1
Build Tech layer 17
Build Tech layer 19
Build Tech layer 21
Build Tech layer 23
Build Tech layer 39
Build Tech layer 41
Build Tech layer 43
Build Tech layer 45
Build Tech layer 47
Build Tech layer 49
Build Tech layer 51
Build Tech layer 53
Build Tech layer 55
Build Tech layer 57
Build Tech layer 59
Build Tech layer 61
Build Tech layer 63
Build Tech layer 65
Build Tech layer 67
Build Tech layer 69
Build Tech layer 71
Build Tech layer 73
Build Tech layer 75
Build Tech layer 77
Build Tech layer 79
Build Tech layer 81
Build Tech layer 83
Build Tech layer 85
Build Tech layer 87
Build Tech layer 89
Build Tech layer 91
Build Tech layer 93
Build Tech layer 95
Build Tech layer 97
Build Tech layer 99
Build Tech layer 101
Build Tech layer 103
Build Tech layer 105
Build Tech layer 107
Build Tech layer 109
Build Tech layer 111
Build Tech layer 113
Build Tech layer 115
Build Tech layer 117
Build Tech layer 119
Build Tech layer 121
Build Tech layer 123
Build Tech layer 125
Build Tech layer 127
Simplifying copper layer polygons
Calculating plated copper
Simplify holes contours
Build BVH for holes and vias
Load Raytracing: board
Load Raytracing: layers
Loading 3D models...
Reload time 0.354 s
Rendering: 100 %
Rendering time 0.082 s
Successfully created 3D render image
2026-09-26T04:37:26.845+00:00 [Teensy4.1_4_layer_PCB/render-y2l42d_y] Frame 54/72 finished in 1.232s
2026-09-26T04:37:26.845+00:00 [Teensy4.1_4_layer_PCB/render-y2l42d_y] Frame 55/72 started; angle=270
2026-09-26T04:37:27.960+00:00 [Teensy4.1_4_layer_PCB/render-y2l42d_y] Frame 55 stdout: Loading…
Build board outline

Create layers
Create tracks and vias
Create zones
Build Tech layers
Build Tech layer 11
Build Tech layer 9
Build Tech layer 15
Build Tech layer 13
Build Tech layer 7
Build Tech layer 5
Build Tech layer 3
Build Tech layer 1
Build Tech layer 17
Build Tech layer 19
Build Tech layer 21
Build Tech layer 23
Build Tech layer 39
Build Tech layer 41
Build Tech layer 43
Build Tech layer 45
Build Tech layer 47
Build Tech layer 49
Build Tech layer 51
Build Tech layer 53
Build Tech layer 55
Build Tech layer 57
Build Tech layer 59
Build Tech layer 61
Build Tech layer 63
Build Tech layer 65
Build Tech layer 67
Build Tech layer 69
Build Tech layer 71
Build Tech layer 73
Build Tech layer 75
Build Tech layer 77
Build Tech layer 79
Build Tech layer 81
Build Tech layer 83
Build Tech layer 85
Build Tech layer 87
Build Tech layer 89
Build Tech layer 91
Build Tech layer 93
Build Tech layer 95
Build Tech layer 97
Build Tech layer 99
Build Tech layer 101
Build Tech layer 103
Build Tech layer 105
Build Tech layer 107
Build Tech layer 109
Build Tech layer 111
Build Tech layer 113
Build Tech layer 115
Build Tech layer 117
Build Tech layer 119
Build Tech layer 121
Build Tech layer 123
Build Tech layer 125
Build Tech layer 127
Simplifying copper layer polygons
Calculating plated copper
Simplify holes contours
Build BVH for holes and vias
Load Raytracing: board
Load Raytracing: layers
Loading 3D models...
Reload time 0.377 s
Rendering: 100 %
Rendering time 0.033 s
Successfully created 3D render image
2026-09-26T04:37:27.966+00:00 [Teensy4.1_4_layer_PCB/render-y2l42d_y] Frame 55/72 finished in 1.121s
2026-09-26T04:37:27.966+00:00 [Teensy4.1_4_layer_PCB/render-y2l42d_y] Frame 56/72 started; angle=275
2026-09-26T04:37:29.229+00:00 [Teensy4.1_4_layer_PCB/render-y2l42d_y] Frame 56 stdout: Loading…
Build board outline

Create layers
Create tracks and vias
Create zones
Build Tech layers
Build Tech layer 11
Build Tech layer 9
Build Tech layer 15
Build Tech layer 13
Build Tech layer 7
Build Tech layer 5
Build Tech layer 3
Build Tech layer 1
Build Tech layer 17
Build Tech layer 19
Build Tech layer 21
Build Tech layer 23
Build Tech layer 39
Build Tech layer 41
Build Tech layer 43
Build Tech layer 45
Build Tech layer 47
Build Tech layer 49
Build Tech layer 51
Build Tech layer 53
Build Tech layer 55
Build Tech layer 57
Build Tech layer 59
Build Tech layer 61
Build Tech layer 63
Build Tech layer 65
Build Tech layer 67
Build Tech layer 69
Build Tech layer 71
Build Tech layer 73
Build Tech layer 75
Build Tech layer 77
Build Tech layer 79
Build Tech layer 81
Build Tech layer 83
Build Tech layer 85
Build Tech layer 87
Build Tech layer 89
Build Tech layer 91
Build Tech layer 93
Build Tech layer 95
Build Tech layer 97
Build Tech layer 99
Build Tech layer 101
Build Tech layer 103
Build Tech layer 105
Build Tech layer 107
Build Tech layer 109
Build Tech layer 111
Build Tech layer 113
Build Tech layer 115
Build Tech layer 117
Build Tech layer 119
Build Tech layer 121
Build Tech layer 123
Build Tech layer 125
Build Tech layer 127
Simplifying copper layer polygons
Calculating plated copper
Simplify holes contours
Build BVH for holes and vias
Load Raytracing: board
Load Raytracing: layers
Loading 3D models...
Reload time 0.401 s
Rendering: 100 %
Rendering time 0.044 s
Successfully created 3D render image
2026-09-26T04:37:29.235+00:00 [Teensy4.1_4_layer_PCB/render-y2l42d_y] Frame 56/72 finished in 1.269s
2026-09-26T04:37:29.235+00:00 [Teensy4.1_4_layer_PCB/render-y2l42d_y] Frame 57/72 started; angle=280
2026-09-26T04:37:30.402+00:00 [Teensy4.1_4_layer_PCB/render-y2l42d_y] Frame 57 stdout: Loading…
Build board outline

Create layers
Create tracks and vias
Create zones
Build Tech layers
Build Tech layer 11
Build Tech layer 9
Build Tech layer 15
Build Tech layer 13
Build Tech layer 7
Build Tech layer 5
Build Tech layer 3
Build Tech layer 1
Build Tech layer 17
Build Tech layer 19
Build Tech layer 21
Build Tech layer 23
Build Tech layer 39
Build Tech layer 41
Build Tech layer 43
Build Tech layer 45
Build Tech layer 47
Build Tech layer 49
Build Tech layer 51
Build Tech layer 53
Build Tech layer 55
Build Tech layer 57
Build Tech layer 59
Build Tech layer 61
Build Tech layer 63
Build Tech layer 65
Build Tech layer 67
Build Tech layer 69
Build Tech layer 71
Build Tech layer 73
Build Tech layer 75
Build Tech layer 77
Build Tech layer 79
Build Tech layer 81
Build Tech layer 83
Build Tech layer 85
Build Tech layer 87
Build Tech layer 89
Build Tech layer 91
Build Tech layer 93
Build Tech layer 95
Build Tech layer 97
Build Tech layer 99
Build Tech layer 101
Build Tech layer 103
Build Tech layer 105
Build Tech layer 107
Build Tech layer 109
Build Tech layer 111
Build Tech layer 113
Build Tech layer 115
Build Tech layer 117
Build Tech layer 119
Build Tech layer 121
Build Tech layer 123
Build Tech layer 125
Build Tech layer 127
Simplifying copper layer polygons
Calculating plated copper
Simplify holes contours
Build BVH for holes and vias
Load Raytracing: board
Load Raytracing: layers
Loading 3D models...
Reload time 0.372 s
Rendering: 100 %
Rendering time 0.091 s
Successfully created 3D render image
2026-09-26T04:37:30.408+00:00 [Teensy4.1_4_layer_PCB/render-y2l42d_y] Frame 57/72 finished in 1.173s
2026-09-26T04:37:30.408+00:00 [Teensy4.1_4_layer_PCB/render-y2l42d_y] Frame 58/72 started; angle=285
2026-09-26T04:37:31.602+00:00 [Teensy4.1_4_layer_PCB/render-y2l42d_y] Frame 58 stdout: Loading…
Build board outline

Create layers
Create tracks and vias
Create zones
Build Tech layers
Build Tech layer 11
Build Tech layer 9
Build Tech layer 15
Build Tech layer 13
Build Tech layer 7
Build Tech layer 5
Build Tech layer 3
Build Tech layer 1
Build Tech layer 17
Build Tech layer 19
Build Tech layer 21
Build Tech layer 23
Build Tech layer 39
Build Tech layer 41
Build Tech layer 43
Build Tech layer 45
Build Tech layer 47
Build Tech layer 49
Build Tech layer 51
Build Tech layer 53
Build Tech layer 55
Build Tech layer 57
Build Tech layer 59
Build Tech layer 61
Build Tech layer 63
Build Tech layer 65
Build Tech layer 67
Build Tech layer 69
Build Tech layer 71
Build Tech layer 73
Build Tech layer 75
Build Tech layer 77
Build Tech layer 79
Build Tech layer 81
Build Tech layer 83
Build Tech layer 85
Build Tech layer 87
Build Tech layer 89
Build Tech layer 91
Build Tech layer 93
Build Tech layer 95
Build Tech layer 97
Build Tech layer 99
Build Tech layer 101
Build Tech layer 103
Build Tech layer 105
Build Tech layer 107
Build Tech layer 109
Build Tech layer 111
Build Tech layer 113
Build Tech layer 115
Build Tech layer 117
Build Tech layer 119
Build Tech layer 121
Build Tech layer 123
Build Tech layer 125
Build Tech layer 127
Simplifying copper layer polygons
Calculating plated copper
Simplify holes contours
Build BVH for holes and vias
Load Raytracing: board
Load Raytracing: layers
Loading 3D models...
Reload time 0.415 s
Rendering: 100 %
Rendering time 0.067 s
Successfully created 3D render image
2026-09-26T04:37:31.609+00:00 [Teensy4.1_4_layer_PCB/render-y2l42d_y] Frame 58/72 finished in 1.201s
2026-09-26T04:37:31.609+00:00 [Teensy4.1_4_layer_PCB/render-y2l42d_y] Frame 59/72 started; angle=290
2026-09-26T04:37:32.874+00:00 [Teensy4.1_4_layer_PCB/render-y2l42d_y] Frame 59 stdout: Loading…
Build board outline

Create layers
Create tracks and vias
Create zones
Build Tech layers
Build Tech layer 11
Build Tech layer 9
Build Tech layer 15
Build Tech layer 13
Build Tech layer 7
Build Tech layer 5
Build Tech layer 3
Build Tech layer 1
Build Tech layer 17
Build Tech layer 19
Build Tech layer 21
Build Tech layer 23
Build Tech layer 39
Build Tech layer 41
Build Tech layer 43
Build Tech layer 45
Build Tech layer 47
Build Tech layer 49
Build Tech layer 51
Build Tech layer 53
Build Tech layer 55
Build Tech layer 57
Build Tech layer 59
Build Tech layer 61
Build Tech layer 63
Build Tech layer 65
Build Tech layer 67
Build Tech layer 69
Build Tech layer 71
Build Tech layer 73
Build Tech layer 75
Build Tech layer 77
Build Tech layer 79
Build Tech layer 81
Build Tech layer 83
Build Tech layer 85
Build Tech layer 87
Build Tech layer 89
Build Tech layer 91
Build Tech layer 93
Build Tech layer 95
Build Tech layer 97
Build Tech layer 99
Build Tech layer 101
Build Tech layer 103
Build Tech layer 105
Build Tech layer 107
Build Tech layer 109
Build Tech layer 111
Build Tech layer 113
Build Tech layer 115
Build Tech layer 117
Build Tech layer 119
Build Tech layer 121
Build Tech layer 123
Build Tech layer 125
Build Tech layer 127
Simplifying copper layer polygons
Calculating plated copper
Simplify holes contours
Build BVH for holes and vias
Load Raytracing: board
Load Raytracing: layers
Loading 3D models...
Reload time 0.376 s
Rendering: 100 %
Rendering time 0.160 s
Successfully created 3D render image
2026-09-26T04:37:32.884+00:00 [Teensy4.1_4_layer_PCB/render-y2l42d_y] Frame 59/72 finished in 1.275s
2026-09-26T04:37:32.884+00:00 [Teensy4.1_4_layer_PCB/render-y2l42d_y] Frame 60/72 started; angle=295
2026-09-26T04:37:34.163+00:00 [Teensy4.1_4_layer_PCB/render-y2l42d_y] Frame 60 stdout: Loading…
Build board outline

Create layers
Create tracks and vias
Create zones
Build Tech layers
Build Tech layer 11
Build Tech layer 9
Build Tech layer 15
Build Tech layer 13
Build Tech layer 7
Build Tech layer 5
Build Tech layer 3
Build Tech layer 1
Build Tech layer 17
Build Tech layer 19
Build Tech layer 21
Build Tech layer 23
Build Tech layer 39
Build Tech layer 41
Build Tech layer 43
Build Tech layer 45
Build Tech layer 47
Build Tech layer 49
Build Tech layer 51
Build Tech layer 53
Build Tech layer 55
Build Tech layer 57
Build Tech layer 59
Build Tech layer 61
Build Tech layer 63
Build Tech layer 65
Build Tech layer 67
Build Tech layer 69
Build Tech layer 71
Build Tech layer 73
Build Tech layer 75
Build Tech layer 77
Build Tech layer 79
Build Tech layer 81
Build Tech layer 83
Build Tech layer 85
Build Tech layer 87
Build Tech layer 89
Build Tech layer 91
Build Tech layer 93
Build Tech layer 95
Build Tech layer 97
Build Tech layer 99
Build Tech layer 101
Build Tech layer 103
Build Tech layer 105
Build Tech layer 107
Build Tech layer 109
Build Tech layer 111
Build Tech layer 113
Build Tech layer 115
Build Tech layer 117
Build Tech layer 119
Build Tech layer 121
Build Tech layer 123
Build Tech layer 125
Build Tech layer 127
Simplifying copper layer polygons
Calculating plated copper
Simplify holes contours
Build BVH for holes and vias
Load Raytracing: board
Load Raytracing: layers
Loading 3D models...
Reload time 0.458 s
Rendering: 100 %
Rendering time 0.092 s
Successfully created 3D render image
2026-09-26T04:37:34.178+00:00 [Teensy4.1_4_layer_PCB/render-y2l42d_y] Frame 60/72 finished in 1.294s
2026-09-26T04:37:34.178+00:00 [Teensy4.1_4_layer_PCB/render-y2l42d_y] Frame 61/72 started; angle=300
2026-09-26T04:37:35.515+00:00 [Teensy4.1_4_layer_PCB/render-y2l42d_y] Frame 61 stdout: Loading…
Build board outline

Create layers
Create tracks and vias
Create zones
Build Tech layers
Build Tech layer 11
Build Tech layer 9
Build Tech layer 15
Build Tech layer 13
Build Tech layer 7
Build Tech layer 5
Build Tech layer 3
Build Tech layer 1
Build Tech layer 17
Build Tech layer 19
Build Tech layer 21
Build Tech layer 23
Build Tech layer 39
Build Tech layer 41
Build Tech layer 43
Build Tech layer 45
Build Tech layer 47
Build Tech layer 49
Build Tech layer 51
Build Tech layer 53
Build Tech layer 55
Build Tech layer 57
Build Tech layer 59
Build Tech layer 61
Build Tech layer 63
Build Tech layer 65
Build Tech layer 67
Build Tech layer 69
Build Tech layer 71
Build Tech layer 73
Build Tech layer 75
Build Tech layer 77
Build Tech layer 79
Build Tech layer 81
Build Tech layer 83
Build Tech layer 85
Build Tech layer 87
Build Tech layer 89
Build Tech layer 91
Build Tech layer 93
Build Tech layer 95
Build Tech layer 97
Build Tech layer 99
Build Tech layer 101
Build Tech layer 103
Build Tech layer 105
Build Tech layer 107
Build Tech layer 109
Build Tech layer 111
Build Tech layer 113
Build Tech layer 115
Build Tech layer 117
Build Tech layer 119
Build Tech layer 121
Build Tech layer 123
Build Tech layer 125
Build Tech layer 127
Simplifying copper layer polygons
Calculating plated copper
Simplify holes contours
Build BVH for holes and vias
Load Raytracing: board
Load Raytracing: layers
Loading 3D models...
Reload time 0.344 s
Rendering: 100 %
Rendering time 0.152 s
Successfully created 3D render image
2026-09-26T04:37:35.524+00:00 [Teensy4.1_4_layer_PCB/render-y2l42d_y] Frame 61/72 finished in 1.345s
2026-09-26T04:37:35.524+00:00 [Teensy4.1_4_layer_PCB/render-y2l42d_y] Frame 62/72 started; angle=305
2026-09-26T04:37:36.836+00:00 [Teensy4.1_4_layer_PCB/render-y2l42d_y] Frame 62 stdout: Loading…
Build board outline

Create layers
Create tracks and vias
Create zones
Build Tech layers
Build Tech layer 11
Build Tech layer 9
Build Tech layer 15
Build Tech layer 13
Build Tech layer 7
Build Tech layer 5
Build Tech layer 3
Build Tech layer 1
Build Tech layer 17
Build Tech layer 19
Build Tech layer 21
Build Tech layer 23
Build Tech layer 39
Build Tech layer 41
Build Tech layer 43
Build Tech layer 45
Build Tech layer 47
Build Tech layer 49
Build Tech layer 51
Build Tech layer 53
Build Tech layer 55
Build Tech layer 57
Build Tech layer 59
Build Tech layer 61
Build Tech layer 63
Build Tech layer 65
Build Tech layer 67
Build Tech layer 69
Build Tech layer 71
Build Tech layer 73
Build Tech layer 75
Build Tech layer 77
Build Tech layer 79
Build Tech layer 81
Build Tech layer 83
Build Tech layer 85
Build Tech layer 87
Build Tech layer 89
Build Tech layer 91
Build Tech layer 93
Build Tech layer 95
Build Tech layer 97
Build Tech layer 99
Build Tech layer 101
Build Tech layer 103
Build Tech layer 105
Build Tech layer 107
Build Tech layer 109
Build Tech layer 111
Build Tech layer 113
Build Tech layer 115
Build Tech layer 117
Build Tech layer 119
Build Tech layer 121
Build Tech layer 123
Build Tech layer 125
Build Tech layer 127
Simplifying copper layer polygons
Calculating plated copper
Simplify holes contours
Build BVH for holes and vias
Load Raytracing: board
Load Raytracing: layers
Loading 3D models...
Reload time 0.386 s
Rendering: 100 %
Rendering time 0.142 s
Successfully created 3D render image
2026-09-26T04:37:36.845+00:00 [Teensy4.1_4_layer_PCB/render-y2l42d_y] Frame 62/72 finished in 1.322s
2026-09-26T04:37:36.845+00:00 [Teensy4.1_4_layer_PCB/render-y2l42d_y] Frame 63/72 started; angle=310
2026-09-26T04:37:38.104+00:00 [Teensy4.1_4_layer_PCB/render-y2l42d_y] Frame 63 stdout: Loading…
Build board outline

Create layers
Create tracks and vias
Create zones
Build Tech layers
Build Tech layer 11
Build Tech layer 9
Build Tech layer 15
Build Tech layer 13
Build Tech layer 7
Build Tech layer 5
Build Tech layer 3
Build Tech layer 1
Build Tech layer 17
Build Tech layer 19
Build Tech layer 21
Build Tech layer 23
Build Tech layer 39
Build Tech layer 41
Build Tech layer 43
Build Tech layer 45
Build Tech layer 47
Build Tech layer 49
Build Tech layer 51
Build Tech layer 53
Build Tech layer 55
Build Tech layer 57
Build Tech layer 59
Build Tech layer 61
Build Tech layer 63
Build Tech layer 65
Build Tech layer 67
Build Tech layer 69
Build Tech layer 71
Build Tech layer 73
Build Tech layer 75
Build Tech layer 77
Build Tech layer 79
Build Tech layer 81
Build Tech layer 83
Build Tech layer 85
Build Tech layer 87
Build Tech layer 89
Build Tech layer 91
Build Tech layer 93
Build Tech layer 95
Build Tech layer 97
Build Tech layer 99
Build Tech layer 101
Build Tech layer 103
Build Tech layer 105
Build Tech layer 107
Build Tech layer 109
Build Tech layer 111
Build Tech layer 113
Build Tech layer 115
Build Tech layer 117
Build Tech layer 119
Build Tech layer 121
Build Tech layer 123
Build Tech layer 125
Build Tech layer 127
Simplifying copper layer polygons
Calculating plated copper
Simplify holes contours
Build BVH for holes and vias
Load Raytracing: board
Load Raytracing: layers
Loading 3D models...
Reload time 0.425 s
Rendering: 100 %
Rendering time 0.127 s
Successfully created 3D render image
2026-09-26T04:37:38.117+00:00 [Teensy4.1_4_layer_PCB/render-y2l42d_y] Frame 63/72 finished in 1.272s
2026-09-26T04:37:38.117+00:00 [Teensy4.1_4_layer_PCB/render-y2l42d_y] Frame 64/72 started; angle=315
2026-09-26T04:37:39.437+00:00 [Teensy4.1_4_layer_PCB/render-y2l42d_y] Frame 64 stdout: Loading…
Build board outline

Create layers
Create tracks and vias
Create zones
Build Tech layers
Build Tech layer 11
Build Tech layer 9
Build Tech layer 15
Build Tech layer 13
Build Tech layer 7
Build Tech layer 5
Build Tech layer 3
Build Tech layer 1
Build Tech layer 17
Build Tech layer 19
Build Tech layer 21
Build Tech layer 23
Build Tech layer 39
Build Tech layer 41
Build Tech layer 43
Build Tech layer 45
Build Tech layer 47
Build Tech layer 49
Build Tech layer 51
Build Tech layer 53
Build Tech layer 55
Build Tech layer 57
Build Tech layer 59
Build Tech layer 61
Build Tech layer 63
Build Tech layer 65
Build Tech layer 67
Build Tech layer 69
Build Tech layer 71
Build Tech layer 73
Build Tech layer 75
Build Tech layer 77
Build Tech layer 79
Build Tech layer 81
Build Tech layer 83
Build Tech layer 85
Build Tech layer 87
Build Tech layer 89
Build Tech layer 91
Build Tech layer 93
Build Tech layer 95
Build Tech layer 97
Build Tech layer 99
Build Tech layer 101
Build Tech layer 103
Build Tech layer 105
Build Tech layer 107
Build Tech layer 109
Build Tech layer 111
Build Tech layer 113
Build Tech layer 115
Build Tech layer 117
Build Tech layer 119
Build Tech layer 121
Build Tech layer 123
Build Tech layer 125
Build Tech layer 127
Simplifying copper layer polygons
Calculating plated copper
Simplify holes contours
Build BVH for holes and vias
Load Raytracing: board
Load Raytracing: layers
Loading 3D models...
Reload time 0.313 s
Rendering: 100 %
Rendering time 0.137 s
Successfully created 3D render image
2026-09-26T04:37:39.456+00:00 [Teensy4.1_4_layer_PCB/render-y2l42d_y] Frame 64/72 finished in 1.338s
2026-09-26T04:37:39.456+00:00 [Teensy4.1_4_layer_PCB/render-y2l42d_y] Frame 65/72 started; angle=320
2026-09-26T04:37:40.922+00:00 [Teensy4.1_4_layer_PCB/render-y2l42d_y] Frame 65 stdout: Loading…
Build board outline

Create layers
Create tracks and vias
Create zones
Build Tech layers
Build Tech layer 11
Build Tech layer 9
Build Tech layer 15
Build Tech layer 13
Build Tech layer 7
Build Tech layer 5
Build Tech layer 3
Build Tech layer 1
Build Tech layer 17
Build Tech layer 19
Build Tech layer 21
Build Tech layer 23
Build Tech layer 39
Build Tech layer 41
Build Tech layer 43
Build Tech layer 45
Build Tech layer 47
Build Tech layer 49
Build Tech layer 51
Build Tech layer 53
Build Tech layer 55
Build Tech layer 57
Build Tech layer 59
Build Tech layer 61
Build Tech layer 63
Build Tech layer 65
Build Tech layer 67
Build Tech layer 69
Build Tech layer 71
Build Tech layer 73
Build Tech layer 75
Build Tech layer 77
Build Tech layer 79
Build Tech layer 81
Build Tech layer 83
Build Tech layer 85
Build Tech layer 87
Build Tech layer 89
Build Tech layer 91
Build Tech layer 93
Build Tech layer 95
Build Tech layer 97
Build Tech layer 99
Build Tech layer 101
Build Tech layer 103
Build Tech layer 105
Build Tech layer 107
Build Tech layer 109
Build Tech layer 111
Build Tech layer 113
Build Tech layer 115
Build Tech layer 117
Build Tech layer 119
Build Tech layer 121
Build Tech layer 123
Build Tech layer 125
Build Tech layer 127
Simplifying copper layer polygons
Calculating plated copper
Simplify holes contours
Build BVH for holes and vias
Load Raytracing: board
Load Raytracing: layers
Loading 3D models...
Reload time 0.373 s
Rendering: 100 %
Rendering time 0.215 s
Successfully created 3D render image
2026-09-26T04:37:40.931+00:00 [Teensy4.1_4_layer_PCB/render-y2l42d_y] Frame 65/72 finished in 1.476s
2026-09-26T04:37:40.932+00:00 [Teensy4.1_4_layer_PCB/render-y2l42d_y] Frame 66/72 started; angle=325
2026-09-26T04:37:42.468+00:00 [Teensy4.1_4_layer_PCB/render-y2l42d_y] Frame 66 stdout: Loading…
Build board outline

Create layers
Create tracks and vias
Create zones
Build Tech layers
Build Tech layer 11
Build Tech layer 9
Build Tech layer 15
Build Tech layer 13
Build Tech layer 7
Build Tech layer 5
Build Tech layer 3
Build Tech layer 1
Build Tech layer 17
Build Tech layer 19
Build Tech layer 21
Build Tech layer 23
Build Tech layer 39
Build Tech layer 41
Build Tech layer 43
Build Tech layer 45
Build Tech layer 47
Build Tech layer 49
Build Tech layer 51
Build Tech layer 53
Build Tech layer 55
Build Tech layer 57
Build Tech layer 59
Build Tech layer 61
Build Tech layer 63
Build Tech layer 65
Build Tech layer 67
Build Tech layer 69
Build Tech layer 71
Build Tech layer 73
Build Tech layer 75
Build Tech layer 77
Build Tech layer 79
Build Tech layer 81
Build Tech layer 83
Build Tech layer 85
Build Tech layer 87
Build Tech layer 89
Build Tech layer 91
Build Tech layer 93
Build Tech layer 95
Build Tech layer 97
Build Tech layer 99
Build Tech layer 101
Build Tech layer 103
Build Tech layer 105
Build Tech layer 107
Build Tech layer 109
Build Tech layer 111
Build Tech layer 113
Build Tech layer 115
Build Tech layer 117
Build Tech layer 119
Build Tech layer 121
Build Tech layer 123
Build Tech layer 125
Build Tech layer 127
Simplifying copper layer polygons
Calculating plated copper
Simplify holes contours
Build BVH for holes and vias
Load Raytracing: board
Load Raytracing: layers
Loading 3D models...
Reload time 0.455 s
Rendering: 100 %
Rendering time 0.179 s
Successfully created 3D render image
2026-09-26T04:37:42.494+00:00 [Teensy4.1_4_layer_PCB/render-y2l42d_y] Frame 66/72 finished in 1.562s
2026-09-26T04:37:42.496+00:00 [Teensy4.1_4_layer_PCB/render-y2l42d_y] Frame 67/72 started; angle=330
2026-09-26T04:37:43.929+00:00 [Teensy4.1_4_layer_PCB/render-y2l42d_y] Frame 67 stdout: Loading…
Build board outline

Create layers
Create tracks and vias
Create zones
Build Tech layers
Build Tech layer 11
Build Tech layer 9
Build Tech layer 15
Build Tech layer 13
Build Tech layer 7
Build Tech layer 5
Build Tech layer 3
Build Tech layer 1
Build Tech layer 17
Build Tech layer 19
Build Tech layer 21
Build Tech layer 23
Build Tech layer 39
Build Tech layer 41
Build Tech layer 43
Build Tech layer 45
Build Tech layer 47
Build Tech layer 49
Build Tech layer 51
Build Tech layer 53
Build Tech layer 55
Build Tech layer 57
Build Tech layer 59
Build Tech layer 61
Build Tech layer 63
Build Tech layer 65
Build Tech layer 67
Build Tech layer 69
Build Tech layer 71
Build Tech layer 73
Build Tech layer 75
Build Tech layer 77
Build Tech layer 79
Build Tech layer 81
Build Tech layer 83
Build Tech layer 85
Build Tech layer 87
Build Tech layer 89
Build Tech layer 91
Build Tech layer 93
Build Tech layer 95
Build Tech layer 97
Build Tech layer 99
Build Tech layer 101
Build Tech layer 103
Build Tech layer 105
Build Tech layer 107
Build Tech layer 109
Build Tech layer 111
Build Tech layer 113
Build Tech layer 115
Build Tech layer 117
Build Tech layer 119
Build Tech layer 121
Build Tech layer 123
Build Tech layer 125
Build Tech layer 127
Simplifying copper layer polygons
Calculating plated copper
Simplify holes contours
Build BVH for holes and vias
Load Raytracing: board
Load Raytracing: layers
Loading 3D models...
Reload time 0.342 s
Rendering: 100 %
Rendering time 0.201 s
Successfully created 3D render image
2026-09-26T04:37:43.950+00:00 [Teensy4.1_4_layer_PCB/render-y2l42d_y] Frame 67/72 finished in 1.453s
2026-09-26T04:37:43.950+00:00 [Teensy4.1_4_layer_PCB/render-y2l42d_y] Frame 68/72 started; angle=335
2026-09-26T04:37:45.193+00:00 [Teensy4.1_4_layer_PCB/render-y2l42d_y] Frame 68 stdout: Loading…
Build board outline

Create layers
Create tracks and vias
Create zones
Build Tech layers
Build Tech layer 11
Build Tech layer 9
Build Tech layer 15
Build Tech layer 13
Build Tech layer 7
Build Tech layer 5
Build Tech layer 3
Build Tech layer 1
Build Tech layer 17
Build Tech layer 19
Build Tech layer 21
Build Tech layer 23
Build Tech layer 39
Build Tech layer 41
Build Tech layer 43
Build Tech layer 45
Build Tech layer 47
Build Tech layer 49
Build Tech layer 51
Build Tech layer 53
Build Tech layer 55
Build Tech layer 57
Build Tech layer 59
Build Tech layer 61
Build Tech layer 63
Build Tech layer 65
Build Tech layer 67
Build Tech layer 69
Build Tech layer 71
Build Tech layer 73
Build Tech layer 75
Build Tech layer 77
Build Tech layer 79
Build Tech layer 81
Build Tech layer 83
Build Tech layer 85
Build Tech layer 87
Build Tech layer 89
Build Tech layer 91
Build Tech layer 93
Build Tech layer 95
Build Tech layer 97
Build Tech layer 99
Build Tech layer 101
Build Tech layer 103
Build Tech layer 105
Build Tech layer 107
Build Tech layer 109
Build Tech layer 111
Build Tech layer 113
Build Tech layer 115
Build Tech layer 117
Build Tech layer 119
Build Tech layer 121
Build Tech layer 123
Build Tech layer 125
Build Tech layer 127
Simplifying copper layer polygons
Calculating plated copper
Simplify holes contours
Build BVH for holes and vias
Load Raytracing: board
Load Raytracing: layers
Loading 3D models...
Reload time 0.414 s
Rendering: 100 %
Rendering time 0.153 s
Successfully created 3D render image
2026-09-26T04:37:45.203+00:00 [Teensy4.1_4_layer_PCB/render-y2l42d_y] Frame 68/72 finished in 1.253s
2026-09-26T04:37:45.203+00:00 [Teensy4.1_4_layer_PCB/render-y2l42d_y] Frame 69/72 started; angle=340
2026-09-26T04:37:46.546+00:00 [Teensy4.1_4_layer_PCB/render-y2l42d_y] Frame 69 stdout: Loading…
Build board outline

Create layers
Create tracks and vias
Create zones
Build Tech layers
Build Tech layer 11
Build Tech layer 9
Build Tech layer 15
Build Tech layer 13
Build Tech layer 7
Build Tech layer 5
Build Tech layer 3
Build Tech layer 1
Build Tech layer 17
Build Tech layer 19
Build Tech layer 21
Build Tech layer 23
Build Tech layer 39
Build Tech layer 41
Build Tech layer 43
Build Tech layer 45
Build Tech layer 47
Build Tech layer 49
Build Tech layer 51
Build Tech layer 53
Build Tech layer 55
Build Tech layer 57
Build Tech layer 59
Build Tech layer 61
Build Tech layer 63
Build Tech layer 65
Build Tech layer 67
Build Tech layer 69
Build Tech layer 71
Build Tech layer 73
Build Tech layer 75
Build Tech layer 77
Build Tech layer 79
Build Tech layer 81
Build Tech layer 83
Build Tech layer 85
Build Tech layer 87
Build Tech layer 89
Build Tech layer 91
Build Tech layer 93
Build Tech layer 95
Build Tech layer 97
Build Tech layer 99
Build Tech layer 101
Build Tech layer 103
Build Tech layer 105
Build Tech layer 107
Build Tech layer 109
Build Tech layer 111
Build Tech layer 113
Build Tech layer 115
Build Tech layer 117
Build Tech layer 119
Build Tech layer 121
Build Tech layer 123
Build Tech layer 125
Build Tech layer 127
Simplifying copper layer polygons
Calculating plated copper
Simplify holes contours
Build BVH for holes and vias
Load Raytracing: board
Load Raytracing: layers
Loading 3D models...
Reload time 0.359 s
Rendering: 100 %
Rendering time 0.176 s
Successfully created 3D render image
2026-09-26T04:37:46.557+00:00 [Teensy4.1_4_layer_PCB/render-y2l42d_y] Frame 69/72 finished in 1.354s
2026-09-26T04:37:46.557+00:00 [Teensy4.1_4_layer_PCB/render-y2l42d_y] Frame 70/72 started; angle=345
2026-09-26T04:37:48.148+00:00 [Teensy4.1_4_layer_PCB/render-y2l42d_y] Frame 70 stdout: Loading…
Build board outline

Create layers
Create tracks and vias
Create zones
Build Tech layers
Build Tech layer 11
Build Tech layer 9
Build Tech layer 15
Build Tech layer 13
Build Tech layer 7
Build Tech layer 5
Build Tech layer 3
Build Tech layer 1
Build Tech layer 17
Build Tech layer 19
Build Tech layer 21
Build Tech layer 23
Build Tech layer 39
Build Tech layer 41
Build Tech layer 43
Build Tech layer 45
Build Tech layer 47
Build Tech layer 49
Build Tech layer 51
Build Tech layer 53
Build Tech layer 55
Build Tech layer 57
Build Tech layer 59
Build Tech layer 61
Build Tech layer 63
Build Tech layer 65
Build Tech layer 67
Build Tech layer 69
Build Tech layer 71
Build Tech layer 73
Build Tech layer 75
Build Tech layer 77
Build Tech layer 79
Build Tech layer 81
Build Tech layer 83
Build Tech layer 85
Build Tech layer 87
Build Tech layer 89
Build Tech layer 91
Build Tech layer 93
Build Tech layer 95
Build Tech layer 97
Build Tech layer 99
Build Tech layer 101
Build Tech layer 103
Build Tech layer 105
Build Tech layer 107
Build Tech layer 109
Build Tech layer 111
Build Tech layer 113
Build Tech layer 115
Build Tech layer 117
Build Tech layer 119
Build Tech layer 121
Build Tech layer 123
Build Tech layer 125
Build Tech layer 127
Simplifying copper layer polygons
Calculating plated copper
Simplify holes contours
Build BVH for holes and vias
Load Raytracing: board
Load Raytracing: layers
Loading 3D models...
Reload time 0.348 s
Rendering: 100 %
Rendering time 0.254 s
Successfully created 3D render image
2026-09-26T04:37:48.157+00:00 [Teensy4.1_4_layer_PCB/render-y2l42d_y] Frame 70/72 finished in 1.600s
2026-09-26T04:37:48.157+00:00 [Teensy4.1_4_layer_PCB/render-y2l42d_y] Frame 71/72 started; angle=350
2026-09-26T04:37:49.568+00:00 [Teensy4.1_4_layer_PCB/render-y2l42d_y] Frame 71 stdout: Loading…
Build board outline

Create layers
Create tracks and vias
Create zones
Build Tech layers
Build Tech layer 11
Build Tech layer 9
Build Tech layer 15
Build Tech layer 13
Build Tech layer 7
Build Tech layer 5
Build Tech layer 3
Build Tech layer 1
Build Tech layer 17
Build Tech layer 19
Build Tech layer 21
Build Tech layer 23
Build Tech layer 39
Build Tech layer 41
Build Tech layer 43
Build Tech layer 45
Build Tech layer 47
Build Tech layer 49
Build Tech layer 51
Build Tech layer 53
Build Tech layer 55
Build Tech layer 57
Build Tech layer 59
Build Tech layer 61
Build Tech layer 63
Build Tech layer 65
Build Tech layer 67
Build Tech layer 69
Build Tech layer 71
Build Tech layer 73
Build Tech layer 75
Build Tech layer 77
Build Tech layer 79
Build Tech layer 81
Build Tech layer 83
Build Tech layer 85
Build Tech layer 87
Build Tech layer 89
Build Tech layer 91
Build Tech layer 93
Build Tech layer 95
Build Tech layer 97
Build Tech layer 99
Build Tech layer 101
Build Tech layer 103
Build Tech layer 105
Build Tech layer 107
Build Tech layer 109
Build Tech layer 111
Build Tech layer 113
Build Tech layer 115
Build Tech layer 117
Build Tech layer 119
Build Tech layer 121
Build Tech layer 123
Build Tech layer 125
Build Tech layer 127
Simplifying copper layer polygons
Calculating plated copper
Simplify holes contours
Build BVH for holes and vias
Load Raytracing: board
Load Raytracing: layers
Loading 3D models...
Reload time 0.392 s
Rendering: 100 %
Rendering time 0.176 s
Successfully created 3D render image
2026-09-26T04:37:49.578+00:00 [Teensy4.1_4_layer_PCB/render-y2l42d_y] Frame 71/72 finished in 1.420s
2026-09-26T04:37:49.578+00:00 [Teensy4.1_4_layer_PCB/render-y2l42d_y] Frame 72/72 started; angle=355
2026-09-26T04:37:50.987+00:00 [Teensy4.1_4_layer_PCB/render-y2l42d_y] Frame 72 stdout: Loading…
Build board outline

Create layers
Create tracks and vias
Create zones
Build Tech layers
Build Tech layer 11
Build Tech layer 9
Build Tech layer 15
Build Tech layer 13
Build Tech layer 7
Build Tech layer 5
Build Tech layer 3
Build Tech layer 1
Build Tech layer 17
Build Tech layer 19
Build Tech layer 21
Build Tech layer 23
Build Tech layer 39
Build Tech layer 41
Build Tech layer 43
Build Tech layer 45
Build Tech layer 47
Build Tech layer 49
Build Tech layer 51
Build Tech layer 53
Build Tech layer 55
Build Tech layer 57
Build Tech layer 59
Build Tech layer 61
Build Tech layer 63
Build Tech layer 65
Build Tech layer 67
Build Tech layer 69
Build Tech layer 71
Build Tech layer 73
Build Tech layer 75
Build Tech layer 77
Build Tech layer 79
Build Tech layer 81
Build Tech layer 83
Build Tech layer 85
Build Tech layer 87
Build Tech layer 89
Build Tech layer 91
Build Tech layer 93
Build Tech layer 95
Build Tech layer 97
Build Tech layer 99
Build Tech layer 101
Build Tech layer 103
Build Tech layer 105
Build Tech layer 107
Build Tech layer 109
Build Tech layer 111
Build Tech layer 113
Build Tech layer 115
Build Tech layer 117
Build Tech layer 119
Build Tech layer 121
Build Tech layer 123
Build Tech layer 125
Build Tech layer 127
Simplifying copper layer polygons
Calculating plated copper
Simplify holes contours
Build BVH for holes and vias
Load Raytracing: board
Load Raytracing: layers
Loading 3D models...
Reload time 0.409 s
Rendering: 100 %
Rendering time 0.178 s
Successfully created 3D render image
2026-09-26T04:37:50.998+00:00 [Teensy4.1_4_layer_PCB/render-y2l42d_y] Frame 72/72 finished in 1.420s
2026-09-26T04:37:51.473+00:00 [Teensy4.1_4_layer_PCB/render-y2l42d_y] GIF assembly finished in 0.475s; 3048952 bytes
2026-09-26T04:37:51.519+00:00 [Teensy4.1_4_layer_PCB/render-y2l42d_y] GIF uploaded to /boards/kicad/Teensy4.1_4_layer_PCB/updated_pcb_file_spin.gif in 0.046s
2026-09-26T04:37:51.519+00:00 [Teensy4.1_4_layer_PCB/render-y2l42d_y] Elapsed 98.486s; publishing log to /boards/kicad/Teensy4.1_4_layer_PCB/updated_pcb_file_spin.log
