2026-09-26T04:29:34.926+00:00 [NBP11_Xilinx_Spartan-III_BGA456_Rev1.01/render-zoe4hw46] Started 72 frames at 900x640; scratch=/tmp/autocuro-spin/NBP11_Xilinx_Spartan-III_BGA456_Rev1.01/render-zoe4hw46
2026-09-26T04:29:34.966+00:00 [NBP11_Xilinx_Spartan-III_BGA456_Rev1.01/render-zoe4hw46] Staged board locally; copied 0 external model(s)
2026-09-26T04:29:34.966+00:00 [NBP11_Xilinx_Spartan-III_BGA456_Rev1.01/render-zoe4hw46] Input staging took 0.039s
2026-09-26T04:29:34.966+00:00 [NBP11_Xilinx_Spartan-III_BGA456_Rev1.01/render-zoe4hw46] Frame 1/72 started; angle=0
2026-09-26T04:29:36.213+00:00 [NBP11_Xilinx_Spartan-III_BGA456_Rev1.01/render-zoe4hw46] Frame 1 stdout: Loading…
Build board outline

Create layers
Create tracks and vias
Create zones
Build Tech layers
Build Tech layer 11
Build Tech layer 9
Build Tech layer 15
Build Tech layer 13
Build Tech layer 7
Build Tech layer 5
Build Tech layer 3
Build Tech layer 1
Build Tech layer 17
Build Tech layer 19
Build Tech layer 21
Build Tech layer 23
Build Tech layer 39
Build Tech layer 41
Build Tech layer 43
Build Tech layer 45
Build Tech layer 47
Build Tech layer 49
Build Tech layer 51
Build Tech layer 53
Build Tech layer 55
Build Tech layer 57
Build Tech layer 59
Build Tech layer 61
Build Tech layer 63
Build Tech layer 65
Build Tech layer 67
Build Tech layer 69
Build Tech layer 71
Build Tech layer 73
Build Tech layer 75
Build Tech layer 77
Build Tech layer 79
Build Tech layer 81
Build Tech layer 83
Build Tech layer 85
Build Tech layer 87
Build Tech layer 89
Build Tech layer 91
Build Tech layer 93
Build Tech layer 95
Build Tech layer 97
Build Tech layer 99
Build Tech layer 101
Build Tech layer 103
Build Tech layer 105
Build Tech layer 107
Build Tech layer 109
Build Tech layer 111
Build Tech layer 113
Build Tech layer 115
Build Tech layer 117
Build Tech layer 119
Build Tech layer 121
Build Tech layer 123
Build Tech layer 125
Build Tech layer 127
Simplifying copper layer polygons
Calculating plated copper
Simplify holes contours
Build BVH for holes and vias
Load Raytracing: board
Load Raytracing: layers
Loading 3D models...
Reload time 0.314 s
Rendering: 100 %
Rendering time 0.200 s
Successfully created 3D render image
2026-09-26T04:29:36.222+00:00 [NBP11_Xilinx_Spartan-III_BGA456_Rev1.01/render-zoe4hw46] Frame 1/72 finished in 1.257s
2026-09-26T04:29:36.222+00:00 [NBP11_Xilinx_Spartan-III_BGA456_Rev1.01/render-zoe4hw46] Frame 2/72 started; angle=5
2026-09-26T04:29:37.783+00:00 [NBP11_Xilinx_Spartan-III_BGA456_Rev1.01/render-zoe4hw46] Frame 2 stdout: Loading…
Build board outline

Create layers
Create tracks and vias
Create zones
Build Tech layers
Build Tech layer 11
Build Tech layer 9
Build Tech layer 15
Build Tech layer 13
Build Tech layer 7
Build Tech layer 5
Build Tech layer 3
Build Tech layer 1
Build Tech layer 17
Build Tech layer 19
Build Tech layer 21
Build Tech layer 23
Build Tech layer 39
Build Tech layer 41
Build Tech layer 43
Build Tech layer 45
Build Tech layer 47
Build Tech layer 49
Build Tech layer 51
Build Tech layer 53
Build Tech layer 55
Build Tech layer 57
Build Tech layer 59
Build Tech layer 61
Build Tech layer 63
Build Tech layer 65
Build Tech layer 67
Build Tech layer 69
Build Tech layer 71
Build Tech layer 73
Build Tech layer 75
Build Tech layer 77
Build Tech layer 79
Build Tech layer 81
Build Tech layer 83
Build Tech layer 85
Build Tech layer 87
Build Tech layer 89
Build Tech layer 91
Build Tech layer 93
Build Tech layer 95
Build Tech layer 97
Build Tech layer 99
Build Tech layer 101
Build Tech layer 103
Build Tech layer 105
Build Tech layer 107
Build Tech layer 109
Build Tech layer 111
Build Tech layer 113
Build Tech layer 115
Build Tech layer 117
Build Tech layer 119
Build Tech layer 121
Build Tech layer 123
Build Tech layer 125
Build Tech layer 127
Simplifying copper layer polygons
Calculating plated copper
Simplify holes contours
Build BVH for holes and vias
Load Raytracing: board
Load Raytracing: layers
Loading 3D models...
Reload time 0.303 s
Rendering: 100 %
Rendering time 0.197 s
Successfully created 3D render image
2026-09-26T04:29:37.792+00:00 [NBP11_Xilinx_Spartan-III_BGA456_Rev1.01/render-zoe4hw46] Frame 2/72 finished in 1.571s
2026-09-26T04:29:37.793+00:00 [NBP11_Xilinx_Spartan-III_BGA456_Rev1.01/render-zoe4hw46] Frame 3/72 started; angle=10
2026-09-26T04:29:39.035+00:00 [NBP11_Xilinx_Spartan-III_BGA456_Rev1.01/render-zoe4hw46] Frame 3 stdout: Loading…
Build board outline

Create layers
Create tracks and vias
Create zones
Build Tech layers
Build Tech layer 11
Build Tech layer 9
Build Tech layer 15
Build Tech layer 13
Build Tech layer 7
Build Tech layer 5
Build Tech layer 3
Build Tech layer 1
Build Tech layer 17
Build Tech layer 19
Build Tech layer 21
Build Tech layer 23
Build Tech layer 39
Build Tech layer 41
Build Tech layer 43
Build Tech layer 45
Build Tech layer 47
Build Tech layer 49
Build Tech layer 51
Build Tech layer 53
Build Tech layer 55
Build Tech layer 57
Build Tech layer 59
Build Tech layer 61
Build Tech layer 63
Build Tech layer 65
Build Tech layer 67
Build Tech layer 69
Build Tech layer 71
Build Tech layer 73
Build Tech layer 75
Build Tech layer 77
Build Tech layer 79
Build Tech layer 81
Build Tech layer 83
Build Tech layer 85
Build Tech layer 87
Build Tech layer 89
Build Tech layer 91
Build Tech layer 93
Build Tech layer 95
Build Tech layer 97
Build Tech layer 99
Build Tech layer 101
Build Tech layer 103
Build Tech layer 105
Build Tech layer 107
Build Tech layer 109
Build Tech layer 111
Build Tech layer 113
Build Tech layer 115
Build Tech layer 117
Build Tech layer 119
Build Tech layer 121
Build Tech layer 123
Build Tech layer 125
Build Tech layer 127
Simplifying copper layer polygons
Calculating plated copper
Simplify holes contours
Build BVH for holes and vias
Load Raytracing: board
Load Raytracing: layers
Loading 3D models...
Reload time 0.286 s
Rendering: 100 %
Rendering time 0.168 s
Successfully created 3D render image
2026-09-26T04:29:39.057+00:00 [NBP11_Xilinx_Spartan-III_BGA456_Rev1.01/render-zoe4hw46] Frame 3/72 finished in 1.264s
2026-09-26T04:29:39.057+00:00 [NBP11_Xilinx_Spartan-III_BGA456_Rev1.01/render-zoe4hw46] Frame 4/72 started; angle=15
2026-09-26T04:29:40.287+00:00 [NBP11_Xilinx_Spartan-III_BGA456_Rev1.01/render-zoe4hw46] Frame 4 stdout: Loading…
Build board outline

Create layers
Create tracks and vias
Create zones
Build Tech layers
Build Tech layer 11
Build Tech layer 9
Build Tech layer 15
Build Tech layer 13
Build Tech layer 7
Build Tech layer 5
Build Tech layer 3
Build Tech layer 1
Build Tech layer 17
Build Tech layer 19
Build Tech layer 21
Build Tech layer 23
Build Tech layer 39
Build Tech layer 41
Build Tech layer 43
Build Tech layer 45
Build Tech layer 47
Build Tech layer 49
Build Tech layer 51
Build Tech layer 53
Build Tech layer 55
Build Tech layer 57
Build Tech layer 59
Build Tech layer 61
Build Tech layer 63
Build Tech layer 65
Build Tech layer 67
Build Tech layer 69
Build Tech layer 71
Build Tech layer 73
Build Tech layer 75
Build Tech layer 77
Build Tech layer 79
Build Tech layer 81
Build Tech layer 83
Build Tech layer 85
Build Tech layer 87
Build Tech layer 89
Build Tech layer 91
Build Tech layer 93
Build Tech layer 95
Build Tech layer 97
Build Tech layer 99
Build Tech layer 101
Build Tech layer 103
Build Tech layer 105
Build Tech layer 107
Build Tech layer 109
Build Tech layer 111
Build Tech layer 113
Build Tech layer 115
Build Tech layer 117
Build Tech layer 119
Build Tech layer 121
Build Tech layer 123
Build Tech layer 125
Build Tech layer 127
Simplifying copper layer polygons
Calculating plated copper
Simplify holes contours
Build BVH for holes and vias
Load Raytracing: board
Load Raytracing: layers
Loading 3D models...
Reload time 0.306 s
Rendering: 100 %
Rendering time 0.187 s
Successfully created 3D render image
2026-09-26T04:29:40.302+00:00 [NBP11_Xilinx_Spartan-III_BGA456_Rev1.01/render-zoe4hw46] Frame 4/72 finished in 1.245s
2026-09-26T04:29:40.302+00:00 [NBP11_Xilinx_Spartan-III_BGA456_Rev1.01/render-zoe4hw46] Frame 5/72 started; angle=20
2026-09-26T04:29:41.566+00:00 [NBP11_Xilinx_Spartan-III_BGA456_Rev1.01/render-zoe4hw46] Frame 5 stdout: Loading…
Build board outline

Create layers
Create tracks and vias
Create zones
Build Tech layers
Build Tech layer 11
Build Tech layer 9
Build Tech layer 15
Build Tech layer 13
Build Tech layer 7
Build Tech layer 5
Build Tech layer 3
Build Tech layer 1
Build Tech layer 17
Build Tech layer 19
Build Tech layer 21
Build Tech layer 23
Build Tech layer 39
Build Tech layer 41
Build Tech layer 43
Build Tech layer 45
Build Tech layer 47
Build Tech layer 49
Build Tech layer 51
Build Tech layer 53
Build Tech layer 55
Build Tech layer 57
Build Tech layer 59
Build Tech layer 61
Build Tech layer 63
Build Tech layer 65
Build Tech layer 67
Build Tech layer 69
Build Tech layer 71
Build Tech layer 73
Build Tech layer 75
Build Tech layer 77
Build Tech layer 79
Build Tech layer 81
Build Tech layer 83
Build Tech layer 85
Build Tech layer 87
Build Tech layer 89
Build Tech layer 91
Build Tech layer 93
Build Tech layer 95
Build Tech layer 97
Build Tech layer 99
Build Tech layer 101
Build Tech layer 103
Build Tech layer 105
Build Tech layer 107
Build Tech layer 109
Build Tech layer 111
Build Tech layer 113
Build Tech layer 115
Build Tech layer 117
Build Tech layer 119
Build Tech layer 121
Build Tech layer 123
Build Tech layer 125
Build Tech layer 127
Simplifying copper layer polygons
Calculating plated copper
Simplify holes contours
Build BVH for holes and vias
Load Raytracing: board
Load Raytracing: layers
Loading 3D models...
Reload time 0.309 s
Rendering: 100 %
Rendering time 0.168 s
Successfully created 3D render image
2026-09-26T04:29:41.575+00:00 [NBP11_Xilinx_Spartan-III_BGA456_Rev1.01/render-zoe4hw46] Frame 5/72 finished in 1.273s
2026-09-26T04:29:41.575+00:00 [NBP11_Xilinx_Spartan-III_BGA456_Rev1.01/render-zoe4hw46] Frame 6/72 started; angle=25
2026-09-26T04:29:43.071+00:00 [NBP11_Xilinx_Spartan-III_BGA456_Rev1.01/render-zoe4hw46] Frame 6 stdout: Loading…
Build board outline

Create layers
Create tracks and vias
Create zones
Build Tech layers
Build Tech layer 11
Build Tech layer 9
Build Tech layer 15
Build Tech layer 13
Build Tech layer 7
Build Tech layer 5
Build Tech layer 3
Build Tech layer 1
Build Tech layer 17
Build Tech layer 19
Build Tech layer 21
Build Tech layer 23
Build Tech layer 39
Build Tech layer 41
Build Tech layer 43
Build Tech layer 45
Build Tech layer 47
Build Tech layer 49
Build Tech layer 51
Build Tech layer 53
Build Tech layer 55
Build Tech layer 57
Build Tech layer 59
Build Tech layer 61
Build Tech layer 63
Build Tech layer 65
Build Tech layer 67
Build Tech layer 69
Build Tech layer 71
Build Tech layer 73
Build Tech layer 75
Build Tech layer 77
Build Tech layer 79
Build Tech layer 81
Build Tech layer 83
Build Tech layer 85
Build Tech layer 87
Build Tech layer 89
Build Tech layer 91
Build Tech layer 93
Build Tech layer 95
Build Tech layer 97
Build Tech layer 99
Build Tech layer 101
Build Tech layer 103
Build Tech layer 105
Build Tech layer 107
Build Tech layer 109
Build Tech layer 111
Build Tech layer 113
Build Tech layer 115
Build Tech layer 117
Build Tech layer 119
Build Tech layer 121
Build Tech layer 123
Build Tech layer 125
Build Tech layer 127
Simplifying copper layer polygons
Calculating plated copper
Simplify holes contours
Build BVH for holes and vias
Load Raytracing: board
Load Raytracing: layers
Loading 3D models...
Reload time 0.282 s
Rendering: 100 %
Rendering time 0.257 s
Successfully created 3D render image
2026-09-26T04:29:43.080+00:00 [NBP11_Xilinx_Spartan-III_BGA456_Rev1.01/render-zoe4hw46] Frame 6/72 finished in 1.505s
2026-09-26T04:29:43.080+00:00 [NBP11_Xilinx_Spartan-III_BGA456_Rev1.01/render-zoe4hw46] Frame 7/72 started; angle=30
2026-09-26T04:29:44.410+00:00 [NBP11_Xilinx_Spartan-III_BGA456_Rev1.01/render-zoe4hw46] Frame 7 stdout: Loading…
Build board outline

Create layers
Create tracks and vias
Create zones
Build Tech layers
Build Tech layer 11
Build Tech layer 9
Build Tech layer 15
Build Tech layer 13
Build Tech layer 7
Build Tech layer 5
Build Tech layer 3
Build Tech layer 1
Build Tech layer 17
Build Tech layer 19
Build Tech layer 21
Build Tech layer 23
Build Tech layer 39
Build Tech layer 41
Build Tech layer 43
Build Tech layer 45
Build Tech layer 47
Build Tech layer 49
Build Tech layer 51
Build Tech layer 53
Build Tech layer 55
Build Tech layer 57
Build Tech layer 59
Build Tech layer 61
Build Tech layer 63
Build Tech layer 65
Build Tech layer 67
Build Tech layer 69
Build Tech layer 71
Build Tech layer 73
Build Tech layer 75
Build Tech layer 77
Build Tech layer 79
Build Tech layer 81
Build Tech layer 83
Build Tech layer 85
Build Tech layer 87
Build Tech layer 89
Build Tech layer 91
Build Tech layer 93
Build Tech layer 95
Build Tech layer 97
Build Tech layer 99
Build Tech layer 101
Build Tech layer 103
Build Tech layer 105
Build Tech layer 107
Build Tech layer 109
Build Tech layer 111
Build Tech layer 113
Build Tech layer 115
Build Tech layer 117
Build Tech layer 119
Build Tech layer 121
Build Tech layer 123
Build Tech layer 125
Build Tech layer 127
Simplifying copper layer polygons
Calculating plated copper
Simplify holes contours
Build BVH for holes and vias
Load Raytracing: board
Load Raytracing: layers
Loading 3D models...
Reload time 0.390 s
Rendering: 100 %
Rendering time 0.176 s
Successfully created 3D render image
2026-09-26T04:29:44.419+00:00 [NBP11_Xilinx_Spartan-III_BGA456_Rev1.01/render-zoe4hw46] Frame 7/72 finished in 1.339s
2026-09-26T04:29:44.419+00:00 [NBP11_Xilinx_Spartan-III_BGA456_Rev1.01/render-zoe4hw46] Frame 8/72 started; angle=35
2026-09-26T04:29:45.904+00:00 [NBP11_Xilinx_Spartan-III_BGA456_Rev1.01/render-zoe4hw46] Frame 8 stdout: Loading…
Build board outline

Create layers
Create tracks and vias
Create zones
Build Tech layers
Build Tech layer 11
Build Tech layer 9
Build Tech layer 15
Build Tech layer 13
Build Tech layer 7
Build Tech layer 5
Build Tech layer 3
Build Tech layer 1
Build Tech layer 17
Build Tech layer 19
Build Tech layer 21
Build Tech layer 23
Build Tech layer 39
Build Tech layer 41
Build Tech layer 43
Build Tech layer 45
Build Tech layer 47
Build Tech layer 49
Build Tech layer 51
Build Tech layer 53
Build Tech layer 55
Build Tech layer 57
Build Tech layer 59
Build Tech layer 61
Build Tech layer 63
Build Tech layer 65
Build Tech layer 67
Build Tech layer 69
Build Tech layer 71
Build Tech layer 73
Build Tech layer 75
Build Tech layer 77
Build Tech layer 79
Build Tech layer 81
Build Tech layer 83
Build Tech layer 85
Build Tech layer 87
Build Tech layer 89
Build Tech layer 91
Build Tech layer 93
Build Tech layer 95
Build Tech layer 97
Build Tech layer 99
Build Tech layer 101
Build Tech layer 103
Build Tech layer 105
Build Tech layer 107
Build Tech layer 109
Build Tech layer 111
Build Tech layer 113
Build Tech layer 115
Build Tech layer 117
Build Tech layer 119
Build Tech layer 121
Build Tech layer 123
Build Tech layer 125
Build Tech layer 127
Simplifying copper layer polygons
Calculating plated copper
Simplify holes contours
Build BVH for holes and vias
Load Raytracing: board
Load Raytracing: layers
Loading 3D models...
Reload time 0.310 s
Rendering: 100 %
Rendering time 0.260 s
Successfully created 3D render image
2026-09-26T04:29:45.913+00:00 [NBP11_Xilinx_Spartan-III_BGA456_Rev1.01/render-zoe4hw46] Frame 8/72 finished in 1.494s
2026-09-26T04:29:45.913+00:00 [NBP11_Xilinx_Spartan-III_BGA456_Rev1.01/render-zoe4hw46] Frame 9/72 started; angle=40
2026-09-26T04:29:47.172+00:00 [NBP11_Xilinx_Spartan-III_BGA456_Rev1.01/render-zoe4hw46] Frame 9 stdout: Loading…
Build board outline

Create layers
Create tracks and vias
Create zones
Build Tech layers
Build Tech layer 11
Build Tech layer 9
Build Tech layer 15
Build Tech layer 13
Build Tech layer 7
Build Tech layer 5
Build Tech layer 3
Build Tech layer 1
Build Tech layer 17
Build Tech layer 19
Build Tech layer 21
Build Tech layer 23
Build Tech layer 39
Build Tech layer 41
Build Tech layer 43
Build Tech layer 45
Build Tech layer 47
Build Tech layer 49
Build Tech layer 51
Build Tech layer 53
Build Tech layer 55
Build Tech layer 57
Build Tech layer 59
Build Tech layer 61
Build Tech layer 63
Build Tech layer 65
Build Tech layer 67
Build Tech layer 69
Build Tech layer 71
Build Tech layer 73
Build Tech layer 75
Build Tech layer 77
Build Tech layer 79
Build Tech layer 81
Build Tech layer 83
Build Tech layer 85
Build Tech layer 87
Build Tech layer 89
Build Tech layer 91
Build Tech layer 93
Build Tech layer 95
Build Tech layer 97
Build Tech layer 99
Build Tech layer 101
Build Tech layer 103
Build Tech layer 105
Build Tech layer 107
Build Tech layer 109
Build Tech layer 111
Build Tech layer 113
Build Tech layer 115
Build Tech layer 117
Build Tech layer 119
Build Tech layer 121
Build Tech layer 123
Build Tech layer 125
Build Tech layer 127
Simplifying copper layer polygons
Calculating plated copper
Simplify holes contours
Build BVH for holes and vias
Load Raytracing: board
Load Raytracing: layers
Loading 3D models...
Reload time 0.315 s
Rendering: 100 %
Rendering time 0.203 s
Successfully created 3D render image
2026-09-26T04:29:47.181+00:00 [NBP11_Xilinx_Spartan-III_BGA456_Rev1.01/render-zoe4hw46] Frame 9/72 finished in 1.268s
2026-09-26T04:29:47.181+00:00 [NBP11_Xilinx_Spartan-III_BGA456_Rev1.01/render-zoe4hw46] Frame 10/72 started; angle=45
2026-09-26T04:29:48.567+00:00 [NBP11_Xilinx_Spartan-III_BGA456_Rev1.01/render-zoe4hw46] Frame 10 stdout: Loading…
Build board outline

Create layers
Create tracks and vias
Create zones
Build Tech layers
Build Tech layer 11
Build Tech layer 9
Build Tech layer 15
Build Tech layer 13
Build Tech layer 7
Build Tech layer 5
Build Tech layer 3
Build Tech layer 1
Build Tech layer 17
Build Tech layer 19
Build Tech layer 21
Build Tech layer 23
Build Tech layer 39
Build Tech layer 41
Build Tech layer 43
Build Tech layer 45
Build Tech layer 47
Build Tech layer 49
Build Tech layer 51
Build Tech layer 53
Build Tech layer 55
Build Tech layer 57
Build Tech layer 59
Build Tech layer 61
Build Tech layer 63
Build Tech layer 65
Build Tech layer 67
Build Tech layer 69
Build Tech layer 71
Build Tech layer 73
Build Tech layer 75
Build Tech layer 77
Build Tech layer 79
Build Tech layer 81
Build Tech layer 83
Build Tech layer 85
Build Tech layer 87
Build Tech layer 89
Build Tech layer 91
Build Tech layer 93
Build Tech layer 95
Build Tech layer 97
Build Tech layer 99
Build Tech layer 101
Build Tech layer 103
Build Tech layer 105
Build Tech layer 107
Build Tech layer 109
Build Tech layer 111
Build Tech layer 113
Build Tech layer 115
Build Tech layer 117
Build Tech layer 119
Build Tech layer 121
Build Tech layer 123
Build Tech layer 125
Build Tech layer 127
Simplifying copper layer polygons
Calculating plated copper
Simplify holes contours
Build BVH for holes and vias
Load Raytracing: board
Load Raytracing: layers
Loading 3D models...
Reload time 0.343 s
Rendering: 100 %
Rendering time 0.227 s
Successfully created 3D render image
2026-09-26T04:29:48.576+00:00 [NBP11_Xilinx_Spartan-III_BGA456_Rev1.01/render-zoe4hw46] Frame 10/72 finished in 1.395s
2026-09-26T04:29:48.576+00:00 [NBP11_Xilinx_Spartan-III_BGA456_Rev1.01/render-zoe4hw46] Frame 11/72 started; angle=50
2026-09-26T04:29:49.781+00:00 [NBP11_Xilinx_Spartan-III_BGA456_Rev1.01/render-zoe4hw46] Frame 11 stdout: Loading…
Build board outline

Create layers
Create tracks and vias
Create zones
Build Tech layers
Build Tech layer 11
Build Tech layer 9
Build Tech layer 15
Build Tech layer 13
Build Tech layer 7
Build Tech layer 5
Build Tech layer 3
Build Tech layer 1
Build Tech layer 17
Build Tech layer 19
Build Tech layer 21
Build Tech layer 23
Build Tech layer 39
Build Tech layer 41
Build Tech layer 43
Build Tech layer 45
Build Tech layer 47
Build Tech layer 49
Build Tech layer 51
Build Tech layer 53
Build Tech layer 55
Build Tech layer 57
Build Tech layer 59
Build Tech layer 61
Build Tech layer 63
Build Tech layer 65
Build Tech layer 67
Build Tech layer 69
Build Tech layer 71
Build Tech layer 73
Build Tech layer 75
Build Tech layer 77
Build Tech layer 79
Build Tech layer 81
Build Tech layer 83
Build Tech layer 85
Build Tech layer 87
Build Tech layer 89
Build Tech layer 91
Build Tech layer 93
Build Tech layer 95
Build Tech layer 97
Build Tech layer 99
Build Tech layer 101
Build Tech layer 103
Build Tech layer 105
Build Tech layer 107
Build Tech layer 109
Build Tech layer 111
Build Tech layer 113
Build Tech layer 115
Build Tech layer 117
Build Tech layer 119
Build Tech layer 121
Build Tech layer 123
Build Tech layer 125
Build Tech layer 127
Simplifying copper layer polygons
Calculating plated copper
Simplify holes contours
Build BVH for holes and vias
Load Raytracing: board
Load Raytracing: layers
Loading 3D models...
Reload time 0.337 s
Rendering: 100 %
Rendering time 0.145 s
Successfully created 3D render image
2026-09-26T04:29:49.788+00:00 [NBP11_Xilinx_Spartan-III_BGA456_Rev1.01/render-zoe4hw46] Frame 11/72 finished in 1.212s
2026-09-26T04:29:49.788+00:00 [NBP11_Xilinx_Spartan-III_BGA456_Rev1.01/render-zoe4hw46] Frame 12/72 started; angle=55
2026-09-26T04:29:51.279+00:00 [NBP11_Xilinx_Spartan-III_BGA456_Rev1.01/render-zoe4hw46] Frame 12 stdout: Loading…
Build board outline

Create layers
Create tracks and vias
Create zones
Build Tech layers
Build Tech layer 11
Build Tech layer 9
Build Tech layer 15
Build Tech layer 13
Build Tech layer 7
Build Tech layer 5
Build Tech layer 3
Build Tech layer 1
Build Tech layer 17
Build Tech layer 19
Build Tech layer 21
Build Tech layer 23
Build Tech layer 39
Build Tech layer 41
Build Tech layer 43
Build Tech layer 45
Build Tech layer 47
Build Tech layer 49
Build Tech layer 51
Build Tech layer 53
Build Tech layer 55
Build Tech layer 57
Build Tech layer 59
Build Tech layer 61
Build Tech layer 63
Build Tech layer 65
Build Tech layer 67
Build Tech layer 69
Build Tech layer 71
Build Tech layer 73
Build Tech layer 75
Build Tech layer 77
Build Tech layer 79
Build Tech layer 81
Build Tech layer 83
Build Tech layer 85
Build Tech layer 87
Build Tech layer 89
Build Tech layer 91
Build Tech layer 93
Build Tech layer 95
Build Tech layer 97
Build Tech layer 99
Build Tech layer 101
Build Tech layer 103
Build Tech layer 105
Build Tech layer 107
Build Tech layer 109
Build Tech layer 111
Build Tech layer 113
Build Tech layer 115
Build Tech layer 117
Build Tech layer 119
Build Tech layer 121
Build Tech layer 123
Build Tech layer 125
Build Tech layer 127
Simplifying copper layer polygons
Calculating plated copper
Simplify holes contours
Build BVH for holes and vias
Load Raytracing: board
Load Raytracing: layers
Loading 3D models...
Reload time 0.369 s
Rendering: 100 %
Rendering time 0.226 s
Successfully created 3D render image
2026-09-26T04:29:51.286+00:00 [NBP11_Xilinx_Spartan-III_BGA456_Rev1.01/render-zoe4hw46] Frame 12/72 finished in 1.498s
2026-09-26T04:29:51.286+00:00 [NBP11_Xilinx_Spartan-III_BGA456_Rev1.01/render-zoe4hw46] Frame 13/72 started; angle=60
2026-09-26T04:29:52.390+00:00 [NBP11_Xilinx_Spartan-III_BGA456_Rev1.01/render-zoe4hw46] Frame 13 stdout: Loading…
Build board outline

Create layers
Create tracks and vias
Create zones
Build Tech layers
Build Tech layer 11
Build Tech layer 9
Build Tech layer 15
Build Tech layer 13
Build Tech layer 7
Build Tech layer 5
Build Tech layer 3
Build Tech layer 1
Build Tech layer 17
Build Tech layer 19
Build Tech layer 21
Build Tech layer 23
Build Tech layer 39
Build Tech layer 41
Build Tech layer 43
Build Tech layer 45
Build Tech layer 47
Build Tech layer 49
Build Tech layer 51
Build Tech layer 53
Build Tech layer 55
Build Tech layer 57
Build Tech layer 59
Build Tech layer 61
Build Tech layer 63
Build Tech layer 65
Build Tech layer 67
Build Tech layer 69
Build Tech layer 71
Build Tech layer 73
Build Tech layer 75
Build Tech layer 77
Build Tech layer 79
Build Tech layer 81
Build Tech layer 83
Build Tech layer 85
Build Tech layer 87
Build Tech layer 89
Build Tech layer 91
Build Tech layer 93
Build Tech layer 95
Build Tech layer 97
Build Tech layer 99
Build Tech layer 101
Build Tech layer 103
Build Tech layer 105
Build Tech layer 107
Build Tech layer 109
Build Tech layer 111
Build Tech layer 113
Build Tech layer 115
Build Tech layer 117
Build Tech layer 119
Build Tech layer 121
Build Tech layer 123
Build Tech layer 125
Build Tech layer 127
Simplifying copper layer polygons
Calculating plated copper
Simplify holes contours
Build BVH for holes and vias
Load Raytracing: board
Load Raytracing: layers
Loading 3D models...
Reload time 0.357 s
Rendering: 100 %
Rendering time 0.119 s
Successfully created 3D render image
2026-09-26T04:29:52.397+00:00 [NBP11_Xilinx_Spartan-III_BGA456_Rev1.01/render-zoe4hw46] Frame 13/72 finished in 1.110s
2026-09-26T04:29:52.397+00:00 [NBP11_Xilinx_Spartan-III_BGA456_Rev1.01/render-zoe4hw46] Frame 14/72 started; angle=65
2026-09-26T04:29:53.545+00:00 [NBP11_Xilinx_Spartan-III_BGA456_Rev1.01/render-zoe4hw46] Frame 14 stdout: Loading…
Build board outline

Create layers
Create tracks and vias
Create zones
Build Tech layers
Build Tech layer 11
Build Tech layer 9
Build Tech layer 15
Build Tech layer 13
Build Tech layer 7
Build Tech layer 5
Build Tech layer 3
Build Tech layer 1
Build Tech layer 17
Build Tech layer 19
Build Tech layer 21
Build Tech layer 23
Build Tech layer 39
Build Tech layer 41
Build Tech layer 43
Build Tech layer 45
Build Tech layer 47
Build Tech layer 49
Build Tech layer 51
Build Tech layer 53
Build Tech layer 55
Build Tech layer 57
Build Tech layer 59
Build Tech layer 61
Build Tech layer 63
Build Tech layer 65
Build Tech layer 67
Build Tech layer 69
Build Tech layer 71
Build Tech layer 73
Build Tech layer 75
Build Tech layer 77
Build Tech layer 79
Build Tech layer 81
Build Tech layer 83
Build Tech layer 85
Build Tech layer 87
Build Tech layer 89
Build Tech layer 91
Build Tech layer 93
Build Tech layer 95
Build Tech layer 97
Build Tech layer 99
Build Tech layer 101
Build Tech layer 103
Build Tech layer 105
Build Tech layer 107
Build Tech layer 109
Build Tech layer 111
Build Tech layer 113
Build Tech layer 115
Build Tech layer 117
Build Tech layer 119
Build Tech layer 121
Build Tech layer 123
Build Tech layer 125
Build Tech layer 127
Simplifying copper layer polygons
Calculating plated copper
Simplify holes contours
Build BVH for holes and vias
Load Raytracing: board
Load Raytracing: layers
Loading 3D models...
Reload time 0.310 s
Rendering: 100 %
Rendering time 0.108 s
Successfully created 3D render image
2026-09-26T04:29:53.551+00:00 [NBP11_Xilinx_Spartan-III_BGA456_Rev1.01/render-zoe4hw46] Frame 14/72 finished in 1.155s
2026-09-26T04:29:53.552+00:00 [NBP11_Xilinx_Spartan-III_BGA456_Rev1.01/render-zoe4hw46] Frame 15/72 started; angle=70
2026-09-26T04:29:54.916+00:00 [NBP11_Xilinx_Spartan-III_BGA456_Rev1.01/render-zoe4hw46] Frame 15 stdout: Loading…
Build board outline

Create layers
Create tracks and vias
Create zones
Build Tech layers
Build Tech layer 11
Build Tech layer 9
Build Tech layer 15
Build Tech layer 13
Build Tech layer 7
Build Tech layer 5
Build Tech layer 3
Build Tech layer 1
Build Tech layer 17
Build Tech layer 19
Build Tech layer 21
Build Tech layer 23
Build Tech layer 39
Build Tech layer 41
Build Tech layer 43
Build Tech layer 45
Build Tech layer 47
Build Tech layer 49
Build Tech layer 51
Build Tech layer 53
Build Tech layer 55
Build Tech layer 57
Build Tech layer 59
Build Tech layer 61
Build Tech layer 63
Build Tech layer 65
Build Tech layer 67
Build Tech layer 69
Build Tech layer 71
Build Tech layer 73
Build Tech layer 75
Build Tech layer 77
Build Tech layer 79
Build Tech layer 81
Build Tech layer 83
Build Tech layer 85
Build Tech layer 87
Build Tech layer 89
Build Tech layer 91
Build Tech layer 93
Build Tech layer 95
Build Tech layer 97
Build Tech layer 99
Build Tech layer 101
Build Tech layer 103
Build Tech layer 105
Build Tech layer 107
Build Tech layer 109
Build Tech layer 111
Build Tech layer 113
Build Tech layer 115
Build Tech layer 117
Build Tech layer 119
Build Tech layer 121
Build Tech layer 123
Build Tech layer 125
Build Tech layer 127
Simplifying copper layer polygons
Calculating plated copper
Simplify holes contours
Build BVH for holes and vias
Load Raytracing: board
Load Raytracing: layers
Loading 3D models...
Reload time 0.360 s
Rendering: 100 %
Rendering time 0.096 s
Successfully created 3D render image
2026-09-26T04:29:54.923+00:00 [NBP11_Xilinx_Spartan-III_BGA456_Rev1.01/render-zoe4hw46] Frame 15/72 finished in 1.371s
2026-09-26T04:29:54.923+00:00 [NBP11_Xilinx_Spartan-III_BGA456_Rev1.01/render-zoe4hw46] Frame 16/72 started; angle=75
2026-09-26T04:29:56.168+00:00 [NBP11_Xilinx_Spartan-III_BGA456_Rev1.01/render-zoe4hw46] Frame 16 stdout: Loading…
Build board outline

Create layers
Create tracks and vias
Create zones
Build Tech layers
Build Tech layer 11
Build Tech layer 9
Build Tech layer 15
Build Tech layer 13
Build Tech layer 7
Build Tech layer 5
Build Tech layer 3
Build Tech layer 1
Build Tech layer 17
Build Tech layer 19
Build Tech layer 21
Build Tech layer 23
Build Tech layer 39
Build Tech layer 41
Build Tech layer 43
Build Tech layer 45
Build Tech layer 47
Build Tech layer 49
Build Tech layer 51
Build Tech layer 53
Build Tech layer 55
Build Tech layer 57
Build Tech layer 59
Build Tech layer 61
Build Tech layer 63
Build Tech layer 65
Build Tech layer 67
Build Tech layer 69
Build Tech layer 71
Build Tech layer 73
Build Tech layer 75
Build Tech layer 77
Build Tech layer 79
Build Tech layer 81
Build Tech layer 83
Build Tech layer 85
Build Tech layer 87
Build Tech layer 89
Build Tech layer 91
Build Tech layer 93
Build Tech layer 95
Build Tech layer 97
Build Tech layer 99
Build Tech layer 101
Build Tech layer 103
Build Tech layer 105
Build Tech layer 107
Build Tech layer 109
Build Tech layer 111
Build Tech layer 113
Build Tech layer 115
Build Tech layer 117
Build Tech layer 119
Build Tech layer 121
Build Tech layer 123
Build Tech layer 125
Build Tech layer 127
Simplifying copper layer polygons
Calculating plated copper
Simplify holes contours
Build BVH for holes and vias
Load Raytracing: board
Load Raytracing: layers
Loading 3D models...
Reload time 0.291 s
Rendering: 100 %
Rendering time 0.092 s
Successfully created 3D render image
2026-09-26T04:29:56.176+00:00 [NBP11_Xilinx_Spartan-III_BGA456_Rev1.01/render-zoe4hw46] Frame 16/72 finished in 1.253s
2026-09-26T04:29:56.176+00:00 [NBP11_Xilinx_Spartan-III_BGA456_Rev1.01/render-zoe4hw46] Frame 17/72 started; angle=80
2026-09-26T04:29:57.509+00:00 [NBP11_Xilinx_Spartan-III_BGA456_Rev1.01/render-zoe4hw46] Frame 17 stdout: Loading…
Build board outline

Create layers
Create tracks and vias
Create zones
Build Tech layers
Build Tech layer 11
Build Tech layer 9
Build Tech layer 15
Build Tech layer 13
Build Tech layer 7
Build Tech layer 5
Build Tech layer 3
Build Tech layer 1
Build Tech layer 17
Build Tech layer 19
Build Tech layer 21
Build Tech layer 23
Build Tech layer 39
Build Tech layer 41
Build Tech layer 43
Build Tech layer 45
Build Tech layer 47
Build Tech layer 49
Build Tech layer 51
Build Tech layer 53
Build Tech layer 55
Build Tech layer 57
Build Tech layer 59
Build Tech layer 61
Build Tech layer 63
Build Tech layer 65
Build Tech layer 67
Build Tech layer 69
Build Tech layer 71
Build Tech layer 73
Build Tech layer 75
Build Tech layer 77
Build Tech layer 79
Build Tech layer 81
Build Tech layer 83
Build Tech layer 85
Build Tech layer 87
Build Tech layer 89
Build Tech layer 91
Build Tech layer 93
Build Tech layer 95
Build Tech layer 97
Build Tech layer 99
Build Tech layer 101
Build Tech layer 103
Build Tech layer 105
Build Tech layer 107
Build Tech layer 109
Build Tech layer 111
Build Tech layer 113
Build Tech layer 115
Build Tech layer 117
Build Tech layer 119
Build Tech layer 121
Build Tech layer 123
Build Tech layer 125
Build Tech layer 127
Simplifying copper layer polygons
Calculating plated copper
Simplify holes contours
Build BVH for holes and vias
Load Raytracing: board
Load Raytracing: layers
Loading 3D models...
Reload time 0.367 s
Rendering: 100 %
Rendering time 0.081 s
Successfully created 3D render image
2026-09-26T04:29:57.514+00:00 [NBP11_Xilinx_Spartan-III_BGA456_Rev1.01/render-zoe4hw46] Frame 17/72 finished in 1.338s
2026-09-26T04:29:57.514+00:00 [NBP11_Xilinx_Spartan-III_BGA456_Rev1.01/render-zoe4hw46] Frame 18/72 started; angle=85
2026-09-26T04:29:58.994+00:00 [NBP11_Xilinx_Spartan-III_BGA456_Rev1.01/render-zoe4hw46] Frame 18 stdout: Loading…
Build board outline

Create layers
Create tracks and vias
Create zones
Build Tech layers
Build Tech layer 11
Build Tech layer 9
Build Tech layer 15
Build Tech layer 13
Build Tech layer 7
Build Tech layer 5
Build Tech layer 3
Build Tech layer 1
Build Tech layer 17
Build Tech layer 19
Build Tech layer 21
Build Tech layer 23
Build Tech layer 39
Build Tech layer 41
Build Tech layer 43
Build Tech layer 45
Build Tech layer 47
Build Tech layer 49
Build Tech layer 51
Build Tech layer 53
Build Tech layer 55
Build Tech layer 57
Build Tech layer 59
Build Tech layer 61
Build Tech layer 63
Build Tech layer 65
Build Tech layer 67
Build Tech layer 69
Build Tech layer 71
Build Tech layer 73
Build Tech layer 75
Build Tech layer 77
Build Tech layer 79
Build Tech layer 81
Build Tech layer 83
Build Tech layer 85
Build Tech layer 87
Build Tech layer 89
Build Tech layer 91
Build Tech layer 93
Build Tech layer 95
Build Tech layer 97
Build Tech layer 99
Build Tech layer 101
Build Tech layer 103
Build Tech layer 105
Build Tech layer 107
Build Tech layer 109
Build Tech layer 111
Build Tech layer 113
Build Tech layer 115
Build Tech layer 117
Build Tech layer 119
Build Tech layer 121
Build Tech layer 123
Build Tech layer 125
Build Tech layer 127
Simplifying copper layer polygons
Calculating plated copper
Simplify holes contours
Build BVH for holes and vias
Load Raytracing: board
Load Raytracing: layers
Loading 3D models...
Reload time 0.371 s
Rendering: 100 %
Rendering time 0.067 s
Successfully created 3D render image
2026-09-26T04:29:59.000+00:00 [NBP11_Xilinx_Spartan-III_BGA456_Rev1.01/render-zoe4hw46] Frame 18/72 finished in 1.485s
2026-09-26T04:29:59.000+00:00 [NBP11_Xilinx_Spartan-III_BGA456_Rev1.01/render-zoe4hw46] Frame 19/72 started; angle=90
2026-09-26T04:30:00.254+00:00 [NBP11_Xilinx_Spartan-III_BGA456_Rev1.01/render-zoe4hw46] Frame 19 stdout: Loading…
Build board outline

Create layers
Create tracks and vias
Create zones
Build Tech layers
Build Tech layer 11
Build Tech layer 9
Build Tech layer 15
Build Tech layer 13
Build Tech layer 7
Build Tech layer 5
Build Tech layer 3
Build Tech layer 1
Build Tech layer 17
Build Tech layer 19
Build Tech layer 21
Build Tech layer 23
Build Tech layer 39
Build Tech layer 41
Build Tech layer 43
Build Tech layer 45
Build Tech layer 47
Build Tech layer 49
Build Tech layer 51
Build Tech layer 53
Build Tech layer 55
Build Tech layer 57
Build Tech layer 59
Build Tech layer 61
Build Tech layer 63
Build Tech layer 65
Build Tech layer 67
Build Tech layer 69
Build Tech layer 71
Build Tech layer 73
Build Tech layer 75
Build Tech layer 77
Build Tech layer 79
Build Tech layer 81
Build Tech layer 83
Build Tech layer 85
Build Tech layer 87
Build Tech layer 89
Build Tech layer 91
Build Tech layer 93
Build Tech layer 95
Build Tech layer 97
Build Tech layer 99
Build Tech layer 101
Build Tech layer 103
Build Tech layer 105
Build Tech layer 107
Build Tech layer 109
Build Tech layer 111
Build Tech layer 113
Build Tech layer 115
Build Tech layer 117
Build Tech layer 119
Build Tech layer 121
Build Tech layer 123
Build Tech layer 125
Build Tech layer 127
Simplifying copper layer polygons
Calculating plated copper
Simplify holes contours
Build BVH for holes and vias
Load Raytracing: board
Load Raytracing: layers
Loading 3D models...
Reload time 0.401 s
Rendering: 100 %
Rendering time 0.036 s
Successfully created 3D render image
2026-09-26T04:30:00.259+00:00 [NBP11_Xilinx_Spartan-III_BGA456_Rev1.01/render-zoe4hw46] Frame 19/72 finished in 1.260s
2026-09-26T04:30:00.260+00:00 [NBP11_Xilinx_Spartan-III_BGA456_Rev1.01/render-zoe4hw46] Frame 20/72 started; angle=95
2026-09-26T04:30:04.117+00:00 [NBP11_Xilinx_Spartan-III_BGA456_Rev1.01/render-zoe4hw46] Frame 20 stdout: Loading…
Build board outline

Create layers
Create tracks and vias
Create zones
Build Tech layers
Build Tech layer 11
Build Tech layer 9
Build Tech layer 15
Build Tech layer 13
Build Tech layer 7
Build Tech layer 5
Build Tech layer 3
Build Tech layer 1
Build Tech layer 17
Build Tech layer 19
Build Tech layer 21
Build Tech layer 23
Build Tech layer 39
Build Tech layer 41
Build Tech layer 43
Build Tech layer 45
Build Tech layer 47
Build Tech layer 49
Build Tech layer 51
Build Tech layer 53
Build Tech layer 55
Build Tech layer 57
Build Tech layer 59
Build Tech layer 61
Build Tech layer 63
Build Tech layer 65
Build Tech layer 67
Build Tech layer 69
Build Tech layer 71
Build Tech layer 73
Build Tech layer 75
Build Tech layer 77
Build Tech layer 79
Build Tech layer 81
Build Tech layer 83
Build Tech layer 85
Build Tech layer 87
Build Tech layer 89
Build Tech layer 91
Build Tech layer 93
Build Tech layer 95
Build Tech layer 97
Build Tech layer 99
Build Tech layer 101
Build Tech layer 103
Build Tech layer 105
Build Tech layer 107
Build Tech layer 109
Build Tech layer 111
Build Tech layer 113
Build Tech layer 115
Build Tech layer 117
Build Tech layer 119
Build Tech layer 121
Build Tech layer 123
Build Tech layer 125
Build Tech layer 127
Simplifying copper layer polygons
Calculating plated copper
Simplify holes contours
Build BVH for holes and vias
Load Raytracing: board
Load Raytracing: layers
Loading 3D models...
Reload time 1.330 s
Rendering: 100 %
Rendering time 0.160 s
Successfully created 3D render image
2026-09-26T04:30:04.137+00:00 [NBP11_Xilinx_Spartan-III_BGA456_Rev1.01/render-zoe4hw46] Frame 20/72 finished in 3.877s
2026-09-26T04:30:04.137+00:00 [NBP11_Xilinx_Spartan-III_BGA456_Rev1.01/render-zoe4hw46] Frame 21/72 started; angle=100
2026-09-26T04:30:06.083+00:00 [NBP11_Xilinx_Spartan-III_BGA456_Rev1.01/render-zoe4hw46] Frame 21 stdout: Loading…
Build board outline

Create layers
Create tracks and vias
Create zones
Build Tech layers
Build Tech layer 11
Build Tech layer 9
Build Tech layer 15
Build Tech layer 13
Build Tech layer 7
Build Tech layer 5
Build Tech layer 3
Build Tech layer 1
Build Tech layer 17
Build Tech layer 19
Build Tech layer 21
Build Tech layer 23
Build Tech layer 39
Build Tech layer 41
Build Tech layer 43
Build Tech layer 45
Build Tech layer 47
Build Tech layer 49
Build Tech layer 51
Build Tech layer 53
Build Tech layer 55
Build Tech layer 57
Build Tech layer 59
Build Tech layer 61
Build Tech layer 63
Build Tech layer 65
Build Tech layer 67
Build Tech layer 69
Build Tech layer 71
Build Tech layer 73
Build Tech layer 75
Build Tech layer 77
Build Tech layer 79
Build Tech layer 81
Build Tech layer 83
Build Tech layer 85
Build Tech layer 87
Build Tech layer 89
Build Tech layer 91
Build Tech layer 93
Build Tech layer 95
Build Tech layer 97
Build Tech layer 99
Build Tech layer 101
Build Tech layer 103
Build Tech layer 105
Build Tech layer 107
Build Tech layer 109
Build Tech layer 111
Build Tech layer 113
Build Tech layer 115
Build Tech layer 117
Build Tech layer 119
Build Tech layer 121
Build Tech layer 123
Build Tech layer 125
Build Tech layer 127
Simplifying copper layer polygons
Calculating plated copper
Simplify holes contours
Build BVH for holes and vias
Load Raytracing: board
Load Raytracing: layers
Loading 3D models...
Reload time 0.398 s
Rendering: 100 %
Rendering time 0.082 s
Successfully created 3D render image
2026-09-26T04:30:06.089+00:00 [NBP11_Xilinx_Spartan-III_BGA456_Rev1.01/render-zoe4hw46] Frame 21/72 finished in 1.953s
2026-09-26T04:30:06.089+00:00 [NBP11_Xilinx_Spartan-III_BGA456_Rev1.01/render-zoe4hw46] Frame 22/72 started; angle=105
2026-09-26T04:30:07.650+00:00 [NBP11_Xilinx_Spartan-III_BGA456_Rev1.01/render-zoe4hw46] Frame 22 stdout: Loading…
Build board outline

Create layers
Create tracks and vias
Create zones
Build Tech layers
Build Tech layer 11
Build Tech layer 9
Build Tech layer 15
Build Tech layer 13
Build Tech layer 7
Build Tech layer 5
Build Tech layer 3
Build Tech layer 1
Build Tech layer 17
Build Tech layer 19
Build Tech layer 21
Build Tech layer 23
Build Tech layer 39
Build Tech layer 41
Build Tech layer 43
Build Tech layer 45
Build Tech layer 47
Build Tech layer 49
Build Tech layer 51
Build Tech layer 53
Build Tech layer 55
Build Tech layer 57
Build Tech layer 59
Build Tech layer 61
Build Tech layer 63
Build Tech layer 65
Build Tech layer 67
Build Tech layer 69
Build Tech layer 71
Build Tech layer 73
Build Tech layer 75
Build Tech layer 77
Build Tech layer 79
Build Tech layer 81
Build Tech layer 83
Build Tech layer 85
Build Tech layer 87
Build Tech layer 89
Build Tech layer 91
Build Tech layer 93
Build Tech layer 95
Build Tech layer 97
Build Tech layer 99
Build Tech layer 101
Build Tech layer 103
Build Tech layer 105
Build Tech layer 107
Build Tech layer 109
Build Tech layer 111
Build Tech layer 113
Build Tech layer 115
Build Tech layer 117
Build Tech layer 119
Build Tech layer 121
Build Tech layer 123
Build Tech layer 125
Build Tech layer 127
Simplifying copper layer polygons
Calculating plated copper
Simplify holes contours
Build BVH for holes and vias
Load Raytracing: board
Load Raytracing: layers
Loading 3D models...
Reload time 0.330 s
Rendering: 100 %
Rendering time 0.102 s
Successfully created 3D render image
2026-09-26T04:30:07.656+00:00 [NBP11_Xilinx_Spartan-III_BGA456_Rev1.01/render-zoe4hw46] Frame 22/72 finished in 1.567s
2026-09-26T04:30:07.656+00:00 [NBP11_Xilinx_Spartan-III_BGA456_Rev1.01/render-zoe4hw46] Frame 23/72 started; angle=110
2026-09-26T04:30:08.896+00:00 [NBP11_Xilinx_Spartan-III_BGA456_Rev1.01/render-zoe4hw46] Frame 23 stdout: Loading…
Build board outline

Create layers
Create tracks and vias
Create zones
Build Tech layers
Build Tech layer 11
Build Tech layer 9
Build Tech layer 15
Build Tech layer 13
Build Tech layer 7
Build Tech layer 5
Build Tech layer 3
Build Tech layer 1
Build Tech layer 17
Build Tech layer 19
Build Tech layer 21
Build Tech layer 23
Build Tech layer 39
Build Tech layer 41
Build Tech layer 43
Build Tech layer 45
Build Tech layer 47
Build Tech layer 49
Build Tech layer 51
Build Tech layer 53
Build Tech layer 55
Build Tech layer 57
Build Tech layer 59
Build Tech layer 61
Build Tech layer 63
Build Tech layer 65
Build Tech layer 67
Build Tech layer 69
Build Tech layer 71
Build Tech layer 73
Build Tech layer 75
Build Tech layer 77
Build Tech layer 79
Build Tech layer 81
Build Tech layer 83
Build Tech layer 85
Build Tech layer 87
Build Tech layer 89
Build Tech layer 91
Build Tech layer 93
Build Tech layer 95
Build Tech layer 97
Build Tech layer 99
Build Tech layer 101
Build Tech layer 103
Build Tech layer 105
Build Tech layer 107
Build Tech layer 109
Build Tech layer 111
Build Tech layer 113
Build Tech layer 115
Build Tech layer 117
Build Tech layer 119
Build Tech layer 121
Build Tech layer 123
Build Tech layer 125
Build Tech layer 127
Simplifying copper layer polygons
Calculating plated copper
Simplify holes contours
Build BVH for holes and vias
Load Raytracing: board
Load Raytracing: layers
Loading 3D models...
Reload time 0.336 s
Rendering: 100 %
Rendering time 0.135 s
Successfully created 3D render image
2026-09-26T04:30:08.914+00:00 [NBP11_Xilinx_Spartan-III_BGA456_Rev1.01/render-zoe4hw46] Frame 23/72 finished in 1.258s
2026-09-26T04:30:08.914+00:00 [NBP11_Xilinx_Spartan-III_BGA456_Rev1.01/render-zoe4hw46] Frame 24/72 started; angle=115
2026-09-26T04:30:10.100+00:00 [NBP11_Xilinx_Spartan-III_BGA456_Rev1.01/render-zoe4hw46] Frame 24 stdout: Loading…
Build board outline

Create layers
Create tracks and vias
Create zones
Build Tech layers
Build Tech layer 11
Build Tech layer 9
Build Tech layer 15
Build Tech layer 13
Build Tech layer 7
Build Tech layer 5
Build Tech layer 3
Build Tech layer 1
Build Tech layer 17
Build Tech layer 19
Build Tech layer 21
Build Tech layer 23
Build Tech layer 39
Build Tech layer 41
Build Tech layer 43
Build Tech layer 45
Build Tech layer 47
Build Tech layer 49
Build Tech layer 51
Build Tech layer 53
Build Tech layer 55
Build Tech layer 57
Build Tech layer 59
Build Tech layer 61
Build Tech layer 63
Build Tech layer 65
Build Tech layer 67
Build Tech layer 69
Build Tech layer 71
Build Tech layer 73
Build Tech layer 75
Build Tech layer 77
Build Tech layer 79
Build Tech layer 81
Build Tech layer 83
Build Tech layer 85
Build Tech layer 87
Build Tech layer 89
Build Tech layer 91
Build Tech layer 93
Build Tech layer 95
Build Tech layer 97
Build Tech layer 99
Build Tech layer 101
Build Tech layer 103
Build Tech layer 105
Build Tech layer 107
Build Tech layer 109
Build Tech layer 111
Build Tech layer 113
Build Tech layer 115
Build Tech layer 117
Build Tech layer 119
Build Tech layer 121
Build Tech layer 123
Build Tech layer 125
Build Tech layer 127
Simplifying copper layer polygons
Calculating plated copper
Simplify holes contours
Build BVH for holes and vias
Load Raytracing: board
Load Raytracing: layers
Loading 3D models...
Reload time 0.343 s
Rendering: 100 %
Rendering time 0.104 s
Successfully created 3D render image
2026-09-26T04:30:10.107+00:00 [NBP11_Xilinx_Spartan-III_BGA456_Rev1.01/render-zoe4hw46] Frame 24/72 finished in 1.193s
2026-09-26T04:30:10.107+00:00 [NBP11_Xilinx_Spartan-III_BGA456_Rev1.01/render-zoe4hw46] Frame 25/72 started; angle=120
2026-09-26T04:30:11.278+00:00 [NBP11_Xilinx_Spartan-III_BGA456_Rev1.01/render-zoe4hw46] Frame 25 stdout: Loading…
Build board outline

Create layers
Create tracks and vias
Create zones
Build Tech layers
Build Tech layer 11
Build Tech layer 9
Build Tech layer 15
Build Tech layer 13
Build Tech layer 7
Build Tech layer 5
Build Tech layer 3
Build Tech layer 1
Build Tech layer 17
Build Tech layer 19
Build Tech layer 21
Build Tech layer 23
Build Tech layer 39
Build Tech layer 41
Build Tech layer 43
Build Tech layer 45
Build Tech layer 47
Build Tech layer 49
Build Tech layer 51
Build Tech layer 53
Build Tech layer 55
Build Tech layer 57
Build Tech layer 59
Build Tech layer 61
Build Tech layer 63
Build Tech layer 65
Build Tech layer 67
Build Tech layer 69
Build Tech layer 71
Build Tech layer 73
Build Tech layer 75
Build Tech layer 77
Build Tech layer 79
Build Tech layer 81
Build Tech layer 83
Build Tech layer 85
Build Tech layer 87
Build Tech layer 89
Build Tech layer 91
Build Tech layer 93
Build Tech layer 95
Build Tech layer 97
Build Tech layer 99
Build Tech layer 101
Build Tech layer 103
Build Tech layer 105
Build Tech layer 107
Build Tech layer 109
Build Tech layer 111
Build Tech layer 113
Build Tech layer 115
Build Tech layer 117
Build Tech layer 119
Build Tech layer 121
Build Tech layer 123
Build Tech layer 125
Build Tech layer 127
Simplifying copper layer polygons
Calculating plated copper
Simplify holes contours
Build BVH for holes and vias
Load Raytracing: board
Load Raytracing: layers
Loading 3D models...
Reload time 0.288 s
Rendering: 100 %
Rendering time 0.113 s
Successfully created 3D render image
2026-09-26T04:30:11.285+00:00 [NBP11_Xilinx_Spartan-III_BGA456_Rev1.01/render-zoe4hw46] Frame 25/72 finished in 1.178s
2026-09-26T04:30:11.285+00:00 [NBP11_Xilinx_Spartan-III_BGA456_Rev1.01/render-zoe4hw46] Frame 26/72 started; angle=125
2026-09-26T04:30:12.733+00:00 [NBP11_Xilinx_Spartan-III_BGA456_Rev1.01/render-zoe4hw46] Frame 26 stdout: Loading…
Build board outline

Create layers
Create tracks and vias
Create zones
Build Tech layers
Build Tech layer 11
Build Tech layer 9
Build Tech layer 15
Build Tech layer 13
Build Tech layer 7
Build Tech layer 5
Build Tech layer 3
Build Tech layer 1
Build Tech layer 17
Build Tech layer 19
Build Tech layer 21
Build Tech layer 23
Build Tech layer 39
Build Tech layer 41
Build Tech layer 43
Build Tech layer 45
Build Tech layer 47
Build Tech layer 49
Build Tech layer 51
Build Tech layer 53
Build Tech layer 55
Build Tech layer 57
Build Tech layer 59
Build Tech layer 61
Build Tech layer 63
Build Tech layer 65
Build Tech layer 67
Build Tech layer 69
Build Tech layer 71
Build Tech layer 73
Build Tech layer 75
Build Tech layer 77
Build Tech layer 79
Build Tech layer 81
Build Tech layer 83
Build Tech layer 85
Build Tech layer 87
Build Tech layer 89
Build Tech layer 91
Build Tech layer 93
Build Tech layer 95
Build Tech layer 97
Build Tech layer 99
Build Tech layer 101
Build Tech layer 103
Build Tech layer 105
Build Tech layer 107
Build Tech layer 109
Build Tech layer 111
Build Tech layer 113
Build Tech layer 115
Build Tech layer 117
Build Tech layer 119
Build Tech layer 121
Build Tech layer 123
Build Tech layer 125
Build Tech layer 127
Simplifying copper layer polygons
Calculating plated copper
Simplify holes contours
Build BVH for holes and vias
Load Raytracing: board
Load Raytracing: layers
Loading 3D models...
Reload time 0.358 s
Rendering: 100 %
Rendering time 0.148 s
Successfully created 3D render image
2026-09-26T04:30:12.742+00:00 [NBP11_Xilinx_Spartan-III_BGA456_Rev1.01/render-zoe4hw46] Frame 26/72 finished in 1.457s
2026-09-26T04:30:12.742+00:00 [NBP11_Xilinx_Spartan-III_BGA456_Rev1.01/render-zoe4hw46] Frame 27/72 started; angle=130
2026-09-26T04:30:14.191+00:00 [NBP11_Xilinx_Spartan-III_BGA456_Rev1.01/render-zoe4hw46] Frame 27 stdout: Loading…
Build board outline

Create layers
Create tracks and vias
Create zones
Build Tech layers
Build Tech layer 11
Build Tech layer 9
Build Tech layer 15
Build Tech layer 13
Build Tech layer 7
Build Tech layer 5
Build Tech layer 3
Build Tech layer 1
Build Tech layer 17
Build Tech layer 19
Build Tech layer 21
Build Tech layer 23
Build Tech layer 39
Build Tech layer 41
Build Tech layer 43
Build Tech layer 45
Build Tech layer 47
Build Tech layer 49
Build Tech layer 51
Build Tech layer 53
Build Tech layer 55
Build Tech layer 57
Build Tech layer 59
Build Tech layer 61
Build Tech layer 63
Build Tech layer 65
Build Tech layer 67
Build Tech layer 69
Build Tech layer 71
Build Tech layer 73
Build Tech layer 75
Build Tech layer 77
Build Tech layer 79
Build Tech layer 81
Build Tech layer 83
Build Tech layer 85
Build Tech layer 87
Build Tech layer 89
Build Tech layer 91
Build Tech layer 93
Build Tech layer 95
Build Tech layer 97
Build Tech layer 99
Build Tech layer 101
Build Tech layer 103
Build Tech layer 105
Build Tech layer 107
Build Tech layer 109
Build Tech layer 111
Build Tech layer 113
Build Tech layer 115
Build Tech layer 117
Build Tech layer 119
Build Tech layer 121
Build Tech layer 123
Build Tech layer 125
Build Tech layer 127
Simplifying copper layer polygons
Calculating plated copper
Simplify holes contours
Build BVH for holes and vias
Load Raytracing: board
Load Raytracing: layers
Loading 3D models...
Reload time 0.343 s
Rendering: 100 %
Rendering time 0.153 s
Successfully created 3D render image
2026-09-26T04:30:14.203+00:00 [NBP11_Xilinx_Spartan-III_BGA456_Rev1.01/render-zoe4hw46] Frame 27/72 finished in 1.462s
2026-09-26T04:30:14.203+00:00 [NBP11_Xilinx_Spartan-III_BGA456_Rev1.01/render-zoe4hw46] Frame 28/72 started; angle=135
2026-09-26T04:30:15.573+00:00 [NBP11_Xilinx_Spartan-III_BGA456_Rev1.01/render-zoe4hw46] Frame 28 stdout: Loading…
Build board outline

Create layers
Create tracks and vias
Create zones
Build Tech layers
Build Tech layer 11
Build Tech layer 9
Build Tech layer 15
Build Tech layer 13
Build Tech layer 7
Build Tech layer 5
Build Tech layer 3
Build Tech layer 1
Build Tech layer 17
Build Tech layer 19
Build Tech layer 21
Build Tech layer 23
Build Tech layer 39
Build Tech layer 41
Build Tech layer 43
Build Tech layer 45
Build Tech layer 47
Build Tech layer 49
Build Tech layer 51
Build Tech layer 53
Build Tech layer 55
Build Tech layer 57
Build Tech layer 59
Build Tech layer 61
Build Tech layer 63
Build Tech layer 65
Build Tech layer 67
Build Tech layer 69
Build Tech layer 71
Build Tech layer 73
Build Tech layer 75
Build Tech layer 77
Build Tech layer 79
Build Tech layer 81
Build Tech layer 83
Build Tech layer 85
Build Tech layer 87
Build Tech layer 89
Build Tech layer 91
Build Tech layer 93
Build Tech layer 95
Build Tech layer 97
Build Tech layer 99
Build Tech layer 101
Build Tech layer 103
Build Tech layer 105
Build Tech layer 107
Build Tech layer 109
Build Tech layer 111
Build Tech layer 113
Build Tech layer 115
Build Tech layer 117
Build Tech layer 119
Build Tech layer 121
Build Tech layer 123
Build Tech layer 125
Build Tech layer 127
Simplifying copper layer polygons
Calculating plated copper
Simplify holes contours
Build BVH for holes and vias
Load Raytracing: board
Load Raytracing: layers
Loading 3D models...
Reload time 0.331 s
Rendering: 100 %
Rendering time 0.196 s
Successfully created 3D render image
2026-09-26T04:30:15.582+00:00 [NBP11_Xilinx_Spartan-III_BGA456_Rev1.01/render-zoe4hw46] Frame 28/72 finished in 1.378s
2026-09-26T04:30:15.582+00:00 [NBP11_Xilinx_Spartan-III_BGA456_Rev1.01/render-zoe4hw46] Frame 29/72 started; angle=140
2026-09-26T04:30:16.848+00:00 [NBP11_Xilinx_Spartan-III_BGA456_Rev1.01/render-zoe4hw46] Frame 29 stdout: Loading…
Build board outline

Create layers
Create tracks and vias
Create zones
Build Tech layers
Build Tech layer 11
Build Tech layer 9
Build Tech layer 15
Build Tech layer 13
Build Tech layer 7
Build Tech layer 5
Build Tech layer 3
Build Tech layer 1
Build Tech layer 17
Build Tech layer 19
Build Tech layer 21
Build Tech layer 23
Build Tech layer 39
Build Tech layer 41
Build Tech layer 43
Build Tech layer 45
Build Tech layer 47
Build Tech layer 49
Build Tech layer 51
Build Tech layer 53
Build Tech layer 55
Build Tech layer 57
Build Tech layer 59
Build Tech layer 61
Build Tech layer 63
Build Tech layer 65
Build Tech layer 67
Build Tech layer 69
Build Tech layer 71
Build Tech layer 73
Build Tech layer 75
Build Tech layer 77
Build Tech layer 79
Build Tech layer 81
Build Tech layer 83
Build Tech layer 85
Build Tech layer 87
Build Tech layer 89
Build Tech layer 91
Build Tech layer 93
Build Tech layer 95
Build Tech layer 97
Build Tech layer 99
Build Tech layer 101
Build Tech layer 103
Build Tech layer 105
Build Tech layer 107
Build Tech layer 109
Build Tech layer 111
Build Tech layer 113
Build Tech layer 115
Build Tech layer 117
Build Tech layer 119
Build Tech layer 121
Build Tech layer 123
Build Tech layer 125
Build Tech layer 127
Simplifying copper layer polygons
Calculating plated copper
Simplify holes contours
Build BVH for holes and vias
Load Raytracing: board
Load Raytracing: layers
Loading 3D models...
Reload time 0.359 s
Rendering: 100 %
Rendering time 0.157 s
Successfully created 3D render image
2026-09-26T04:30:16.868+00:00 [NBP11_Xilinx_Spartan-III_BGA456_Rev1.01/render-zoe4hw46] Frame 29/72 finished in 1.286s
2026-09-26T04:30:16.868+00:00 [NBP11_Xilinx_Spartan-III_BGA456_Rev1.01/render-zoe4hw46] Frame 30/72 started; angle=145
2026-09-26T04:30:18.165+00:00 [NBP11_Xilinx_Spartan-III_BGA456_Rev1.01/render-zoe4hw46] Frame 30 stdout: Loading…
Build board outline

Create layers
Create tracks and vias
Create zones
Build Tech layers
Build Tech layer 11
Build Tech layer 9
Build Tech layer 15
Build Tech layer 13
Build Tech layer 7
Build Tech layer 5
Build Tech layer 3
Build Tech layer 1
Build Tech layer 17
Build Tech layer 19
Build Tech layer 21
Build Tech layer 23
Build Tech layer 39
Build Tech layer 41
Build Tech layer 43
Build Tech layer 45
Build Tech layer 47
Build Tech layer 49
Build Tech layer 51
Build Tech layer 53
Build Tech layer 55
Build Tech layer 57
Build Tech layer 59
Build Tech layer 61
Build Tech layer 63
Build Tech layer 65
Build Tech layer 67
Build Tech layer 69
Build Tech layer 71
Build Tech layer 73
Build Tech layer 75
Build Tech layer 77
Build Tech layer 79
Build Tech layer 81
Build Tech layer 83
Build Tech layer 85
Build Tech layer 87
Build Tech layer 89
Build Tech layer 91
Build Tech layer 93
Build Tech layer 95
Build Tech layer 97
Build Tech layer 99
Build Tech layer 101
Build Tech layer 103
Build Tech layer 105
Build Tech layer 107
Build Tech layer 109
Build Tech layer 111
Build Tech layer 113
Build Tech layer 115
Build Tech layer 117
Build Tech layer 119
Build Tech layer 121
Build Tech layer 123
Build Tech layer 125
Build Tech layer 127
Simplifying copper layer polygons
Calculating plated copper
Simplify holes contours
Build BVH for holes and vias
Load Raytracing: board
Load Raytracing: layers
Loading 3D models...
Reload time 0.303 s
Rendering: 100 %
Rendering time 0.146 s
Successfully created 3D render image
2026-09-26T04:30:18.175+00:00 [NBP11_Xilinx_Spartan-III_BGA456_Rev1.01/render-zoe4hw46] Frame 30/72 finished in 1.307s
2026-09-26T04:30:18.175+00:00 [NBP11_Xilinx_Spartan-III_BGA456_Rev1.01/render-zoe4hw46] Frame 31/72 started; angle=150
2026-09-26T04:30:19.425+00:00 [NBP11_Xilinx_Spartan-III_BGA456_Rev1.01/render-zoe4hw46] Frame 31 stdout: Loading…
Build board outline

Create layers
Create tracks and vias
Create zones
Build Tech layers
Build Tech layer 11
Build Tech layer 9
Build Tech layer 15
Build Tech layer 13
Build Tech layer 7
Build Tech layer 5
Build Tech layer 3
Build Tech layer 1
Build Tech layer 17
Build Tech layer 19
Build Tech layer 21
Build Tech layer 23
Build Tech layer 39
Build Tech layer 41
Build Tech layer 43
Build Tech layer 45
Build Tech layer 47
Build Tech layer 49
Build Tech layer 51
Build Tech layer 53
Build Tech layer 55
Build Tech layer 57
Build Tech layer 59
Build Tech layer 61
Build Tech layer 63
Build Tech layer 65
Build Tech layer 67
Build Tech layer 69
Build Tech layer 71
Build Tech layer 73
Build Tech layer 75
Build Tech layer 77
Build Tech layer 79
Build Tech layer 81
Build Tech layer 83
Build Tech layer 85
Build Tech layer 87
Build Tech layer 89
Build Tech layer 91
Build Tech layer 93
Build Tech layer 95
Build Tech layer 97
Build Tech layer 99
Build Tech layer 101
Build Tech layer 103
Build Tech layer 105
Build Tech layer 107
Build Tech layer 109
Build Tech layer 111
Build Tech layer 113
Build Tech layer 115
Build Tech layer 117
Build Tech layer 119
Build Tech layer 121
Build Tech layer 123
Build Tech layer 125
Build Tech layer 127
Simplifying copper layer polygons
Calculating plated copper
Simplify holes contours
Build BVH for holes and vias
Load Raytracing: board
Load Raytracing: layers
Loading 3D models...
Reload time 0.321 s
Rendering: 100 %
Rendering time 0.151 s
Successfully created 3D render image
2026-09-26T04:30:19.435+00:00 [NBP11_Xilinx_Spartan-III_BGA456_Rev1.01/render-zoe4hw46] Frame 31/72 finished in 1.260s
2026-09-26T04:30:19.435+00:00 [NBP11_Xilinx_Spartan-III_BGA456_Rev1.01/render-zoe4hw46] Frame 32/72 started; angle=155
2026-09-26T04:30:20.956+00:00 [NBP11_Xilinx_Spartan-III_BGA456_Rev1.01/render-zoe4hw46] Frame 32 stdout: Loading…
Build board outline

Create layers
Create tracks and vias
Create zones
Build Tech layers
Build Tech layer 11
Build Tech layer 9
Build Tech layer 15
Build Tech layer 13
Build Tech layer 7
Build Tech layer 5
Build Tech layer 3
Build Tech layer 1
Build Tech layer 17
Build Tech layer 19
Build Tech layer 21
Build Tech layer 23
Build Tech layer 39
Build Tech layer 41
Build Tech layer 43
Build Tech layer 45
Build Tech layer 47
Build Tech layer 49
Build Tech layer 51
Build Tech layer 53
Build Tech layer 55
Build Tech layer 57
Build Tech layer 59
Build Tech layer 61
Build Tech layer 63
Build Tech layer 65
Build Tech layer 67
Build Tech layer 69
Build Tech layer 71
Build Tech layer 73
Build Tech layer 75
Build Tech layer 77
Build Tech layer 79
Build Tech layer 81
Build Tech layer 83
Build Tech layer 85
Build Tech layer 87
Build Tech layer 89
Build Tech layer 91
Build Tech layer 93
Build Tech layer 95
Build Tech layer 97
Build Tech layer 99
Build Tech layer 101
Build Tech layer 103
Build Tech layer 105
Build Tech layer 107
Build Tech layer 109
Build Tech layer 111
Build Tech layer 113
Build Tech layer 115
Build Tech layer 117
Build Tech layer 119
Build Tech layer 121
Build Tech layer 123
Build Tech layer 125
Build Tech layer 127
Simplifying copper layer polygons
Calculating plated copper
Simplify holes contours
Build BVH for holes and vias
Load Raytracing: board
Load Raytracing: layers
Loading 3D models...
Reload time 0.346 s
Rendering: 100 %
Rendering time 0.290 s
Successfully created 3D render image
2026-09-26T04:30:20.965+00:00 [NBP11_Xilinx_Spartan-III_BGA456_Rev1.01/render-zoe4hw46] Frame 32/72 finished in 1.530s
2026-09-26T04:30:20.965+00:00 [NBP11_Xilinx_Spartan-III_BGA456_Rev1.01/render-zoe4hw46] Frame 33/72 started; angle=160
2026-09-26T04:30:22.092+00:00 [NBP11_Xilinx_Spartan-III_BGA456_Rev1.01/render-zoe4hw46] Frame 33 stdout: Loading…
Build board outline

Create layers
Create tracks and vias
Create zones
Build Tech layers
Build Tech layer 11
Build Tech layer 9
Build Tech layer 15
Build Tech layer 13
Build Tech layer 7
Build Tech layer 5
Build Tech layer 3
Build Tech layer 1
Build Tech layer 17
Build Tech layer 19
Build Tech layer 21
Build Tech layer 23
Build Tech layer 39
Build Tech layer 41
Build Tech layer 43
Build Tech layer 45
Build Tech layer 47
Build Tech layer 49
Build Tech layer 51
Build Tech layer 53
Build Tech layer 55
Build Tech layer 57
Build Tech layer 59
Build Tech layer 61
Build Tech layer 63
Build Tech layer 65
Build Tech layer 67
Build Tech layer 69
Build Tech layer 71
Build Tech layer 73
Build Tech layer 75
Build Tech layer 77
Build Tech layer 79
Build Tech layer 81
Build Tech layer 83
Build Tech layer 85
Build Tech layer 87
Build Tech layer 89
Build Tech layer 91
Build Tech layer 93
Build Tech layer 95
Build Tech layer 97
Build Tech layer 99
Build Tech layer 101
Build Tech layer 103
Build Tech layer 105
Build Tech layer 107
Build Tech layer 109
Build Tech layer 111
Build Tech layer 113
Build Tech layer 115
Build Tech layer 117
Build Tech layer 119
Build Tech layer 121
Build Tech layer 123
Build Tech layer 125
Build Tech layer 127
Simplifying copper layer polygons
Calculating plated copper
Simplify holes contours
Build BVH for holes and vias
Load Raytracing: board
Load Raytracing: layers
Loading 3D models...
Reload time 0.316 s
Rendering: 100 %
Rendering time 0.161 s
Successfully created 3D render image
2026-09-26T04:30:22.102+00:00 [NBP11_Xilinx_Spartan-III_BGA456_Rev1.01/render-zoe4hw46] Frame 33/72 finished in 1.136s
2026-09-26T04:30:22.102+00:00 [NBP11_Xilinx_Spartan-III_BGA456_Rev1.01/render-zoe4hw46] Frame 34/72 started; angle=165
2026-09-26T04:30:23.565+00:00 [NBP11_Xilinx_Spartan-III_BGA456_Rev1.01/render-zoe4hw46] Frame 34 stdout: Loading…
Build board outline

Create layers
Create tracks and vias
Create zones
Build Tech layers
Build Tech layer 11
Build Tech layer 9
Build Tech layer 15
Build Tech layer 13
Build Tech layer 7
Build Tech layer 5
Build Tech layer 3
Build Tech layer 1
Build Tech layer 17
Build Tech layer 19
Build Tech layer 21
Build Tech layer 23
Build Tech layer 39
Build Tech layer 41
Build Tech layer 43
Build Tech layer 45
Build Tech layer 47
Build Tech layer 49
Build Tech layer 51
Build Tech layer 53
Build Tech layer 55
Build Tech layer 57
Build Tech layer 59
Build Tech layer 61
Build Tech layer 63
Build Tech layer 65
Build Tech layer 67
Build Tech layer 69
Build Tech layer 71
Build Tech layer 73
Build Tech layer 75
Build Tech layer 77
Build Tech layer 79
Build Tech layer 81
Build Tech layer 83
Build Tech layer 85
Build Tech layer 87
Build Tech layer 89
Build Tech layer 91
Build Tech layer 93
Build Tech layer 95
Build Tech layer 97
Build Tech layer 99
Build Tech layer 101
Build Tech layer 103
Build Tech layer 105
Build Tech layer 107
Build Tech layer 109
Build Tech layer 111
Build Tech layer 113
Build Tech layer 115
Build Tech layer 117
Build Tech layer 119
Build Tech layer 121
Build Tech layer 123
Build Tech layer 125
Build Tech layer 127
Simplifying copper layer polygons
Calculating plated copper
Simplify holes contours
Build BVH for holes and vias
Load Raytracing: board
Load Raytracing: layers
Loading 3D models...
Reload time 0.302 s
Rendering: 100 %
Rendering time 0.162 s
Successfully created 3D render image
2026-09-26T04:30:23.576+00:00 [NBP11_Xilinx_Spartan-III_BGA456_Rev1.01/render-zoe4hw46] Frame 34/72 finished in 1.474s
2026-09-26T04:30:23.576+00:00 [NBP11_Xilinx_Spartan-III_BGA456_Rev1.01/render-zoe4hw46] Frame 35/72 started; angle=170
2026-09-26T04:30:24.818+00:00 [NBP11_Xilinx_Spartan-III_BGA456_Rev1.01/render-zoe4hw46] Frame 35 stdout: Loading…
Build board outline

Create layers
Create tracks and vias
Create zones
Build Tech layers
Build Tech layer 11
Build Tech layer 9
Build Tech layer 15
Build Tech layer 13
Build Tech layer 7
Build Tech layer 5
Build Tech layer 3
Build Tech layer 1
Build Tech layer 17
Build Tech layer 19
Build Tech layer 21
Build Tech layer 23
Build Tech layer 39
Build Tech layer 41
Build Tech layer 43
Build Tech layer 45
Build Tech layer 47
Build Tech layer 49
Build Tech layer 51
Build Tech layer 53
Build Tech layer 55
Build Tech layer 57
Build Tech layer 59
Build Tech layer 61
Build Tech layer 63
Build Tech layer 65
Build Tech layer 67
Build Tech layer 69
Build Tech layer 71
Build Tech layer 73
Build Tech layer 75
Build Tech layer 77
Build Tech layer 79
Build Tech layer 81
Build Tech layer 83
Build Tech layer 85
Build Tech layer 87
Build Tech layer 89
Build Tech layer 91
Build Tech layer 93
Build Tech layer 95
Build Tech layer 97
Build Tech layer 99
Build Tech layer 101
Build Tech layer 103
Build Tech layer 105
Build Tech layer 107
Build Tech layer 109
Build Tech layer 111
Build Tech layer 113
Build Tech layer 115
Build Tech layer 117
Build Tech layer 119
Build Tech layer 121
Build Tech layer 123
Build Tech layer 125
Build Tech layer 127
Simplifying copper layer polygons
Calculating plated copper
Simplify holes contours
Build BVH for holes and vias
Load Raytracing: board
Load Raytracing: layers
Loading 3D models...
Reload time 0.408 s
Rendering: 100 %
Rendering time 0.158 s
Successfully created 3D render image
2026-09-26T04:30:24.827+00:00 [NBP11_Xilinx_Spartan-III_BGA456_Rev1.01/render-zoe4hw46] Frame 35/72 finished in 1.251s
2026-09-26T04:30:24.827+00:00 [NBP11_Xilinx_Spartan-III_BGA456_Rev1.01/render-zoe4hw46] Frame 36/72 started; angle=175
2026-09-26T04:30:26.360+00:00 [NBP11_Xilinx_Spartan-III_BGA456_Rev1.01/render-zoe4hw46] Frame 36 stdout: Loading…
Build board outline

Create layers
Create tracks and vias
Create zones
Build Tech layers
Build Tech layer 11
Build Tech layer 9
Build Tech layer 15
Build Tech layer 13
Build Tech layer 7
Build Tech layer 5
Build Tech layer 3
Build Tech layer 1
Build Tech layer 17
Build Tech layer 19
Build Tech layer 21
Build Tech layer 23
Build Tech layer 39
Build Tech layer 41
Build Tech layer 43
Build Tech layer 45
Build Tech layer 47
Build Tech layer 49
Build Tech layer 51
Build Tech layer 53
Build Tech layer 55
Build Tech layer 57
Build Tech layer 59
Build Tech layer 61
Build Tech layer 63
Build Tech layer 65
Build Tech layer 67
Build Tech layer 69
Build Tech layer 71
Build Tech layer 73
Build Tech layer 75
Build Tech layer 77
Build Tech layer 79
Build Tech layer 81
Build Tech layer 83
Build Tech layer 85
Build Tech layer 87
Build Tech layer 89
Build Tech layer 91
Build Tech layer 93
Build Tech layer 95
Build Tech layer 97
Build Tech layer 99
Build Tech layer 101
Build Tech layer 103
Build Tech layer 105
Build Tech layer 107
Build Tech layer 109
Build Tech layer 111
Build Tech layer 113
Build Tech layer 115
Build Tech layer 117
Build Tech layer 119
Build Tech layer 121
Build Tech layer 123
Build Tech layer 125
Build Tech layer 127
Simplifying copper layer polygons
Calculating plated copper
Simplify holes contours
Build BVH for holes and vias
Load Raytracing: board
Load Raytracing: layers
Loading 3D models...
Reload time 0.344 s
Rendering: 100 %
Rendering time 0.258 s
Successfully created 3D render image
2026-09-26T04:30:26.369+00:00 [NBP11_Xilinx_Spartan-III_BGA456_Rev1.01/render-zoe4hw46] Frame 36/72 finished in 1.542s
2026-09-26T04:30:26.369+00:00 [NBP11_Xilinx_Spartan-III_BGA456_Rev1.01/render-zoe4hw46] Frame 37/72 started; angle=180
2026-09-26T04:30:27.647+00:00 [NBP11_Xilinx_Spartan-III_BGA456_Rev1.01/render-zoe4hw46] Frame 37 stdout: Loading…
Build board outline

Create layers
Create tracks and vias
Create zones
Build Tech layers
Build Tech layer 11
Build Tech layer 9
Build Tech layer 15
Build Tech layer 13
Build Tech layer 7
Build Tech layer 5
Build Tech layer 3
Build Tech layer 1
Build Tech layer 17
Build Tech layer 19
Build Tech layer 21
Build Tech layer 23
Build Tech layer 39
Build Tech layer 41
Build Tech layer 43
Build Tech layer 45
Build Tech layer 47
Build Tech layer 49
Build Tech layer 51
Build Tech layer 53
Build Tech layer 55
Build Tech layer 57
Build Tech layer 59
Build Tech layer 61
Build Tech layer 63
Build Tech layer 65
Build Tech layer 67
Build Tech layer 69
Build Tech layer 71
Build Tech layer 73
Build Tech layer 75
Build Tech layer 77
Build Tech layer 79
Build Tech layer 81
Build Tech layer 83
Build Tech layer 85
Build Tech layer 87
Build Tech layer 89
Build Tech layer 91
Build Tech layer 93
Build Tech layer 95
Build Tech layer 97
Build Tech layer 99
Build Tech layer 101
Build Tech layer 103
Build Tech layer 105
Build Tech layer 107
Build Tech layer 109
Build Tech layer 111
Build Tech layer 113
Build Tech layer 115
Build Tech layer 117
Build Tech layer 119
Build Tech layer 121
Build Tech layer 123
Build Tech layer 125
Build Tech layer 127
Simplifying copper layer polygons
Calculating plated copper
Simplify holes contours
Build BVH for holes and vias
Load Raytracing: board
Load Raytracing: layers
Loading 3D models...
Reload time 0.335 s
Rendering: 100 %
Rendering time 0.167 s
Successfully created 3D render image
2026-09-26T04:30:27.655+00:00 [NBP11_Xilinx_Spartan-III_BGA456_Rev1.01/render-zoe4hw46] Frame 37/72 finished in 1.286s
2026-09-26T04:30:27.655+00:00 [NBP11_Xilinx_Spartan-III_BGA456_Rev1.01/render-zoe4hw46] Frame 38/72 started; angle=185
2026-09-26T04:30:29.025+00:00 [NBP11_Xilinx_Spartan-III_BGA456_Rev1.01/render-zoe4hw46] Frame 38 stdout: Loading…
Build board outline

Create layers
Create tracks and vias
Create zones
Build Tech layers
Build Tech layer 11
Build Tech layer 9
Build Tech layer 15
Build Tech layer 13
Build Tech layer 7
Build Tech layer 5
Build Tech layer 3
Build Tech layer 1
Build Tech layer 17
Build Tech layer 19
Build Tech layer 21
Build Tech layer 23
Build Tech layer 39
Build Tech layer 41
Build Tech layer 43
Build Tech layer 45
Build Tech layer 47
Build Tech layer 49
Build Tech layer 51
Build Tech layer 53
Build Tech layer 55
Build Tech layer 57
Build Tech layer 59
Build Tech layer 61
Build Tech layer 63
Build Tech layer 65
Build Tech layer 67
Build Tech layer 69
Build Tech layer 71
Build Tech layer 73
Build Tech layer 75
Build Tech layer 77
Build Tech layer 79
Build Tech layer 81
Build Tech layer 83
Build Tech layer 85
Build Tech layer 87
Build Tech layer 89
Build Tech layer 91
Build Tech layer 93
Build Tech layer 95
Build Tech layer 97
Build Tech layer 99
Build Tech layer 101
Build Tech layer 103
Build Tech layer 105
Build Tech layer 107
Build Tech layer 109
Build Tech layer 111
Build Tech layer 113
Build Tech layer 115
Build Tech layer 117
Build Tech layer 119
Build Tech layer 121
Build Tech layer 123
Build Tech layer 125
Build Tech layer 127
Simplifying copper layer polygons
Calculating plated copper
Simplify holes contours
Build BVH for holes and vias
Load Raytracing: board
Load Raytracing: layers
Loading 3D models...
Reload time 0.321 s
Rendering: 100 %
Rendering time 0.169 s
Successfully created 3D render image
2026-09-26T04:30:29.033+00:00 [NBP11_Xilinx_Spartan-III_BGA456_Rev1.01/render-zoe4hw46] Frame 38/72 finished in 1.378s
2026-09-26T04:30:29.033+00:00 [NBP11_Xilinx_Spartan-III_BGA456_Rev1.01/render-zoe4hw46] Frame 39/72 started; angle=190
2026-09-26T04:30:30.196+00:00 [NBP11_Xilinx_Spartan-III_BGA456_Rev1.01/render-zoe4hw46] Frame 39 stdout: Loading…
Build board outline

Create layers
Create tracks and vias
Create zones
Build Tech layers
Build Tech layer 11
Build Tech layer 9
Build Tech layer 15
Build Tech layer 13
Build Tech layer 7
Build Tech layer 5
Build Tech layer 3
Build Tech layer 1
Build Tech layer 17
Build Tech layer 19
Build Tech layer 21
Build Tech layer 23
Build Tech layer 39
Build Tech layer 41
Build Tech layer 43
Build Tech layer 45
Build Tech layer 47
Build Tech layer 49
Build Tech layer 51
Build Tech layer 53
Build Tech layer 55
Build Tech layer 57
Build Tech layer 59
Build Tech layer 61
Build Tech layer 63
Build Tech layer 65
Build Tech layer 67
Build Tech layer 69
Build Tech layer 71
Build Tech layer 73
Build Tech layer 75
Build Tech layer 77
Build Tech layer 79
Build Tech layer 81
Build Tech layer 83
Build Tech layer 85
Build Tech layer 87
Build Tech layer 89
Build Tech layer 91
Build Tech layer 93
Build Tech layer 95
Build Tech layer 97
Build Tech layer 99
Build Tech layer 101
Build Tech layer 103
Build Tech layer 105
Build Tech layer 107
Build Tech layer 109
Build Tech layer 111
Build Tech layer 113
Build Tech layer 115
Build Tech layer 117
Build Tech layer 119
Build Tech layer 121
Build Tech layer 123
Build Tech layer 125
Build Tech layer 127
Simplifying copper layer polygons
Calculating plated copper
Simplify holes contours
Build BVH for holes and vias
Load Raytracing: board
Load Raytracing: layers
Loading 3D models...
Reload time 0.337 s
Rendering: 100 %
Rendering time 0.154 s
Successfully created 3D render image
2026-09-26T04:30:30.204+00:00 [NBP11_Xilinx_Spartan-III_BGA456_Rev1.01/render-zoe4hw46] Frame 39/72 finished in 1.171s
2026-09-26T04:30:30.205+00:00 [NBP11_Xilinx_Spartan-III_BGA456_Rev1.01/render-zoe4hw46] Frame 40/72 started; angle=195
2026-09-26T04:30:31.605+00:00 [NBP11_Xilinx_Spartan-III_BGA456_Rev1.01/render-zoe4hw46] Frame 40 stdout: Loading…
Build board outline

Create layers
Create tracks and vias
Create zones
Build Tech layers
Build Tech layer 11
Build Tech layer 9
Build Tech layer 15
Build Tech layer 13
Build Tech layer 7
Build Tech layer 5
Build Tech layer 3
Build Tech layer 1
Build Tech layer 17
Build Tech layer 19
Build Tech layer 21
Build Tech layer 23
Build Tech layer 39
Build Tech layer 41
Build Tech layer 43
Build Tech layer 45
Build Tech layer 47
Build Tech layer 49
Build Tech layer 51
Build Tech layer 53
Build Tech layer 55
Build Tech layer 57
Build Tech layer 59
Build Tech layer 61
Build Tech layer 63
Build Tech layer 65
Build Tech layer 67
Build Tech layer 69
Build Tech layer 71
Build Tech layer 73
Build Tech layer 75
Build Tech layer 77
Build Tech layer 79
Build Tech layer 81
Build Tech layer 83
Build Tech layer 85
Build Tech layer 87
Build Tech layer 89
Build Tech layer 91
Build Tech layer 93
Build Tech layer 95
Build Tech layer 97
Build Tech layer 99
Build Tech layer 101
Build Tech layer 103
Build Tech layer 105
Build Tech layer 107
Build Tech layer 109
Build Tech layer 111
Build Tech layer 113
Build Tech layer 115
Build Tech layer 117
Build Tech layer 119
Build Tech layer 121
Build Tech layer 123
Build Tech layer 125
Build Tech layer 127
Simplifying copper layer polygons
Calculating plated copper
Simplify holes contours
Build BVH for holes and vias
Load Raytracing: board
Load Raytracing: layers
Loading 3D models...
Reload time 0.290 s
Rendering: 100 %
Rendering time 0.217 s
Successfully created 3D render image
2026-09-26T04:30:31.625+00:00 [NBP11_Xilinx_Spartan-III_BGA456_Rev1.01/render-zoe4hw46] Frame 40/72 finished in 1.420s
2026-09-26T04:30:31.625+00:00 [NBP11_Xilinx_Spartan-III_BGA456_Rev1.01/render-zoe4hw46] Frame 41/72 started; angle=200
2026-09-26T04:30:33.148+00:00 [NBP11_Xilinx_Spartan-III_BGA456_Rev1.01/render-zoe4hw46] Frame 41 stdout: Loading…
Build board outline

Create layers
Create tracks and vias
Create zones
Build Tech layers
Build Tech layer 11
Build Tech layer 9
Build Tech layer 15
Build Tech layer 13
Build Tech layer 7
Build Tech layer 5
Build Tech layer 3
Build Tech layer 1
Build Tech layer 17
Build Tech layer 19
Build Tech layer 21
Build Tech layer 23
Build Tech layer 39
Build Tech layer 41
Build Tech layer 43
Build Tech layer 45
Build Tech layer 47
Build Tech layer 49
Build Tech layer 51
Build Tech layer 53
Build Tech layer 55
Build Tech layer 57
Build Tech layer 59
Build Tech layer 61
Build Tech layer 63
Build Tech layer 65
Build Tech layer 67
Build Tech layer 69
Build Tech layer 71
Build Tech layer 73
Build Tech layer 75
Build Tech layer 77
Build Tech layer 79
Build Tech layer 81
Build Tech layer 83
Build Tech layer 85
Build Tech layer 87
Build Tech layer 89
Build Tech layer 91
Build Tech layer 93
Build Tech layer 95
Build Tech layer 97
Build Tech layer 99
Build Tech layer 101
Build Tech layer 103
Build Tech layer 105
Build Tech layer 107
Build Tech layer 109
Build Tech layer 111
Build Tech layer 113
Build Tech layer 115
Build Tech layer 117
Build Tech layer 119
Build Tech layer 121
Build Tech layer 123
Build Tech layer 125
Build Tech layer 127
Simplifying copper layer polygons
Calculating plated copper
Simplify holes contours
Build BVH for holes and vias
Load Raytracing: board
Load Raytracing: layers
Loading 3D models...
Reload time 0.367 s
Rendering: 100 %
Rendering time 0.164 s
Successfully created 3D render image
2026-09-26T04:30:33.157+00:00 [NBP11_Xilinx_Spartan-III_BGA456_Rev1.01/render-zoe4hw46] Frame 41/72 finished in 1.533s
2026-09-26T04:30:33.157+00:00 [NBP11_Xilinx_Spartan-III_BGA456_Rev1.01/render-zoe4hw46] Frame 42/72 started; angle=205
2026-09-26T04:30:34.479+00:00 [NBP11_Xilinx_Spartan-III_BGA456_Rev1.01/render-zoe4hw46] Frame 42 stdout: Loading…
Build board outline

Create layers
Create tracks and vias
Create zones
Build Tech layers
Build Tech layer 11
Build Tech layer 9
Build Tech layer 15
Build Tech layer 13
Build Tech layer 7
Build Tech layer 5
Build Tech layer 3
Build Tech layer 1
Build Tech layer 17
Build Tech layer 19
Build Tech layer 21
Build Tech layer 23
Build Tech layer 39
Build Tech layer 41
Build Tech layer 43
Build Tech layer 45
Build Tech layer 47
Build Tech layer 49
Build Tech layer 51
Build Tech layer 53
Build Tech layer 55
Build Tech layer 57
Build Tech layer 59
Build Tech layer 61
Build Tech layer 63
Build Tech layer 65
Build Tech layer 67
Build Tech layer 69
Build Tech layer 71
Build Tech layer 73
Build Tech layer 75
Build Tech layer 77
Build Tech layer 79
Build Tech layer 81
Build Tech layer 83
Build Tech layer 85
Build Tech layer 87
Build Tech layer 89
Build Tech layer 91
Build Tech layer 93
Build Tech layer 95
Build Tech layer 97
Build Tech layer 99
Build Tech layer 101
Build Tech layer 103
Build Tech layer 105
Build Tech layer 107
Build Tech layer 109
Build Tech layer 111
Build Tech layer 113
Build Tech layer 115
Build Tech layer 117
Build Tech layer 119
Build Tech layer 121
Build Tech layer 123
Build Tech layer 125
Build Tech layer 127
Simplifying copper layer polygons
Calculating plated copper
Simplify holes contours
Build BVH for holes and vias
Load Raytracing: board
Load Raytracing: layers
Loading 3D models...
Reload time 0.331 s
Rendering: 100 %
Rendering time 0.151 s
Successfully created 3D render image
2026-09-26T04:30:34.489+00:00 [NBP11_Xilinx_Spartan-III_BGA456_Rev1.01/render-zoe4hw46] Frame 42/72 finished in 1.331s
2026-09-26T04:30:34.489+00:00 [NBP11_Xilinx_Spartan-III_BGA456_Rev1.01/render-zoe4hw46] Frame 43/72 started; angle=210
2026-09-26T04:30:35.889+00:00 [NBP11_Xilinx_Spartan-III_BGA456_Rev1.01/render-zoe4hw46] Frame 43 stdout: Loading…
Build board outline

Create layers
Create tracks and vias
Create zones
Build Tech layers
Build Tech layer 11
Build Tech layer 9
Build Tech layer 15
Build Tech layer 13
Build Tech layer 7
Build Tech layer 5
Build Tech layer 3
Build Tech layer 1
Build Tech layer 17
Build Tech layer 19
Build Tech layer 21
Build Tech layer 23
Build Tech layer 39
Build Tech layer 41
Build Tech layer 43
Build Tech layer 45
Build Tech layer 47
Build Tech layer 49
Build Tech layer 51
Build Tech layer 53
Build Tech layer 55
Build Tech layer 57
Build Tech layer 59
Build Tech layer 61
Build Tech layer 63
Build Tech layer 65
Build Tech layer 67
Build Tech layer 69
Build Tech layer 71
Build Tech layer 73
Build Tech layer 75
Build Tech layer 77
Build Tech layer 79
Build Tech layer 81
Build Tech layer 83
Build Tech layer 85
Build Tech layer 87
Build Tech layer 89
Build Tech layer 91
Build Tech layer 93
Build Tech layer 95
Build Tech layer 97
Build Tech layer 99
Build Tech layer 101
Build Tech layer 103
Build Tech layer 105
Build Tech layer 107
Build Tech layer 109
Build Tech layer 111
Build Tech layer 113
Build Tech layer 115
Build Tech layer 117
Build Tech layer 119
Build Tech layer 121
Build Tech layer 123
Build Tech layer 125
Build Tech layer 127
Simplifying copper layer polygons
Calculating plated copper
Simplify holes contours
Build BVH for holes and vias
Load Raytracing: board
Load Raytracing: layers
Loading 3D models...
Reload time 0.302 s
Rendering: 100 %
Rendering time 0.184 s
Successfully created 3D render image
2026-09-26T04:30:35.903+00:00 [NBP11_Xilinx_Spartan-III_BGA456_Rev1.01/render-zoe4hw46] Frame 43/72 finished in 1.415s
2026-09-26T04:30:35.904+00:00 [NBP11_Xilinx_Spartan-III_BGA456_Rev1.01/render-zoe4hw46] Frame 44/72 started; angle=215
2026-09-26T04:30:37.187+00:00 [NBP11_Xilinx_Spartan-III_BGA456_Rev1.01/render-zoe4hw46] Frame 44 stdout: Loading…
Build board outline

Create layers
Create tracks and vias
Create zones
Build Tech layers
Build Tech layer 11
Build Tech layer 9
Build Tech layer 15
Build Tech layer 13
Build Tech layer 7
Build Tech layer 5
Build Tech layer 3
Build Tech layer 1
Build Tech layer 17
Build Tech layer 19
Build Tech layer 21
Build Tech layer 23
Build Tech layer 39
Build Tech layer 41
Build Tech layer 43
Build Tech layer 45
Build Tech layer 47
Build Tech layer 49
Build Tech layer 51
Build Tech layer 53
Build Tech layer 55
Build Tech layer 57
Build Tech layer 59
Build Tech layer 61
Build Tech layer 63
Build Tech layer 65
Build Tech layer 67
Build Tech layer 69
Build Tech layer 71
Build Tech layer 73
Build Tech layer 75
Build Tech layer 77
Build Tech layer 79
Build Tech layer 81
Build Tech layer 83
Build Tech layer 85
Build Tech layer 87
Build Tech layer 89
Build Tech layer 91
Build Tech layer 93
Build Tech layer 95
Build Tech layer 97
Build Tech layer 99
Build Tech layer 101
Build Tech layer 103
Build Tech layer 105
Build Tech layer 107
Build Tech layer 109
Build Tech layer 111
Build Tech layer 113
Build Tech layer 115
Build Tech layer 117
Build Tech layer 119
Build Tech layer 121
Build Tech layer 123
Build Tech layer 125
Build Tech layer 127
Simplifying copper layer polygons
Calculating plated copper
Simplify holes contours
Build BVH for holes and vias
Load Raytracing: board
Load Raytracing: layers
Loading 3D models...
Reload time 0.339 s
Rendering: 100 %
Rendering time 0.145 s
Successfully created 3D render image
2026-09-26T04:30:37.196+00:00 [NBP11_Xilinx_Spartan-III_BGA456_Rev1.01/render-zoe4hw46] Frame 44/72 finished in 1.294s
2026-09-26T04:30:37.196+00:00 [NBP11_Xilinx_Spartan-III_BGA456_Rev1.01/render-zoe4hw46] Frame 45/72 started; angle=220
2026-09-26T04:30:38.398+00:00 [NBP11_Xilinx_Spartan-III_BGA456_Rev1.01/render-zoe4hw46] Frame 45 stdout: Loading…
Build board outline

Create layers
Create tracks and vias
Create zones
Build Tech layers
Build Tech layer 11
Build Tech layer 9
Build Tech layer 15
Build Tech layer 13
Build Tech layer 7
Build Tech layer 5
Build Tech layer 3
Build Tech layer 1
Build Tech layer 17
Build Tech layer 19
Build Tech layer 21
Build Tech layer 23
Build Tech layer 39
Build Tech layer 41
Build Tech layer 43
Build Tech layer 45
Build Tech layer 47
Build Tech layer 49
Build Tech layer 51
Build Tech layer 53
Build Tech layer 55
Build Tech layer 57
Build Tech layer 59
Build Tech layer 61
Build Tech layer 63
Build Tech layer 65
Build Tech layer 67
Build Tech layer 69
Build Tech layer 71
Build Tech layer 73
Build Tech layer 75
Build Tech layer 77
Build Tech layer 79
Build Tech layer 81
Build Tech layer 83
Build Tech layer 85
Build Tech layer 87
Build Tech layer 89
Build Tech layer 91
Build Tech layer 93
Build Tech layer 95
Build Tech layer 97
Build Tech layer 99
Build Tech layer 101
Build Tech layer 103
Build Tech layer 105
Build Tech layer 107
Build Tech layer 109
Build Tech layer 111
Build Tech layer 113
Build Tech layer 115
Build Tech layer 117
Build Tech layer 119
Build Tech layer 121
Build Tech layer 123
Build Tech layer 125
Build Tech layer 127
Simplifying copper layer polygons
Calculating plated copper
Simplify holes contours
Build BVH for holes and vias
Load Raytracing: board
Load Raytracing: layers
Loading 3D models...
Reload time 0.334 s
Rendering: 100 %
Rendering time 0.145 s
Successfully created 3D render image
2026-09-26T04:30:38.406+00:00 [NBP11_Xilinx_Spartan-III_BGA456_Rev1.01/render-zoe4hw46] Frame 45/72 finished in 1.210s
2026-09-26T04:30:38.406+00:00 [NBP11_Xilinx_Spartan-III_BGA456_Rev1.01/render-zoe4hw46] Frame 46/72 started; angle=225
2026-09-26T04:30:39.906+00:00 [NBP11_Xilinx_Spartan-III_BGA456_Rev1.01/render-zoe4hw46] Frame 46 stdout: Loading…
Build board outline

Create layers
Create tracks and vias
Create zones
Build Tech layers
Build Tech layer 11
Build Tech layer 9
Build Tech layer 15
Build Tech layer 13
Build Tech layer 7
Build Tech layer 5
Build Tech layer 3
Build Tech layer 1
Build Tech layer 17
Build Tech layer 19
Build Tech layer 21
Build Tech layer 23
Build Tech layer 39
Build Tech layer 41
Build Tech layer 43
Build Tech layer 45
Build Tech layer 47
Build Tech layer 49
Build Tech layer 51
Build Tech layer 53
Build Tech layer 55
Build Tech layer 57
Build Tech layer 59
Build Tech layer 61
Build Tech layer 63
Build Tech layer 65
Build Tech layer 67
Build Tech layer 69
Build Tech layer 71
Build Tech layer 73
Build Tech layer 75
Build Tech layer 77
Build Tech layer 79
Build Tech layer 81
Build Tech layer 83
Build Tech layer 85
Build Tech layer 87
Build Tech layer 89
Build Tech layer 91
Build Tech layer 93
Build Tech layer 95
Build Tech layer 97
Build Tech layer 99
Build Tech layer 101
Build Tech layer 103
Build Tech layer 105
Build Tech layer 107
Build Tech layer 109
Build Tech layer 111
Build Tech layer 113
Build Tech layer 115
Build Tech layer 117
Build Tech layer 119
Build Tech layer 121
Build Tech layer 123
Build Tech layer 125
Build Tech layer 127
Simplifying copper layer polygons
Calculating plated copper
Simplify holes contours
Build BVH for holes and vias
Load Raytracing: board
Load Raytracing: layers
Loading 3D models...
Reload time 0.368 s
Rendering: 100 %
Rendering time 0.166 s
Successfully created 3D render image
2026-09-26T04:30:39.915+00:00 [NBP11_Xilinx_Spartan-III_BGA456_Rev1.01/render-zoe4hw46] Frame 46/72 finished in 1.509s
2026-09-26T04:30:39.915+00:00 [NBP11_Xilinx_Spartan-III_BGA456_Rev1.01/render-zoe4hw46] Frame 47/72 started; angle=230
2026-09-26T04:30:41.061+00:00 [NBP11_Xilinx_Spartan-III_BGA456_Rev1.01/render-zoe4hw46] Frame 47 stdout: Loading…
Build board outline

Create layers
Create tracks and vias
Create zones
Build Tech layers
Build Tech layer 11
Build Tech layer 9
Build Tech layer 15
Build Tech layer 13
Build Tech layer 7
Build Tech layer 5
Build Tech layer 3
Build Tech layer 1
Build Tech layer 17
Build Tech layer 19
Build Tech layer 21
Build Tech layer 23
Build Tech layer 39
Build Tech layer 41
Build Tech layer 43
Build Tech layer 45
Build Tech layer 47
Build Tech layer 49
Build Tech layer 51
Build Tech layer 53
Build Tech layer 55
Build Tech layer 57
Build Tech layer 59
Build Tech layer 61
Build Tech layer 63
Build Tech layer 65
Build Tech layer 67
Build Tech layer 69
Build Tech layer 71
Build Tech layer 73
Build Tech layer 75
Build Tech layer 77
Build Tech layer 79
Build Tech layer 81
Build Tech layer 83
Build Tech layer 85
Build Tech layer 87
Build Tech layer 89
Build Tech layer 91
Build Tech layer 93
Build Tech layer 95
Build Tech layer 97
Build Tech layer 99
Build Tech layer 101
Build Tech layer 103
Build Tech layer 105
Build Tech layer 107
Build Tech layer 109
Build Tech layer 111
Build Tech layer 113
Build Tech layer 115
Build Tech layer 117
Build Tech layer 119
Build Tech layer 121
Build Tech layer 123
Build Tech layer 125
Build Tech layer 127
Simplifying copper layer polygons
Calculating plated copper
Simplify holes contours
Build BVH for holes and vias
Load Raytracing: board
Load Raytracing: layers
Loading 3D models...
Reload time 0.351 s
Rendering: 100 %
Rendering time 0.135 s
Successfully created 3D render image
2026-09-26T04:30:41.068+00:00 [NBP11_Xilinx_Spartan-III_BGA456_Rev1.01/render-zoe4hw46] Frame 47/72 finished in 1.153s
2026-09-26T04:30:41.069+00:00 [NBP11_Xilinx_Spartan-III_BGA456_Rev1.01/render-zoe4hw46] Frame 48/72 started; angle=235
2026-09-26T04:30:42.479+00:00 [NBP11_Xilinx_Spartan-III_BGA456_Rev1.01/render-zoe4hw46] Frame 48 stdout: Loading…
Build board outline

Create layers
Create tracks and vias
Create zones
Build Tech layers
Build Tech layer 11
Build Tech layer 9
Build Tech layer 15
Build Tech layer 13
Build Tech layer 7
Build Tech layer 5
Build Tech layer 3
Build Tech layer 1
Build Tech layer 17
Build Tech layer 19
Build Tech layer 21
Build Tech layer 23
Build Tech layer 39
Build Tech layer 41
Build Tech layer 43
Build Tech layer 45
Build Tech layer 47
Build Tech layer 49
Build Tech layer 51
Build Tech layer 53
Build Tech layer 55
Build Tech layer 57
Build Tech layer 59
Build Tech layer 61
Build Tech layer 63
Build Tech layer 65
Build Tech layer 67
Build Tech layer 69
Build Tech layer 71
Build Tech layer 73
Build Tech layer 75
Build Tech layer 77
Build Tech layer 79
Build Tech layer 81
Build Tech layer 83
Build Tech layer 85
Build Tech layer 87
Build Tech layer 89
Build Tech layer 91
Build Tech layer 93
Build Tech layer 95
Build Tech layer 97
Build Tech layer 99
Build Tech layer 101
Build Tech layer 103
Build Tech layer 105
Build Tech layer 107
Build Tech layer 109
Build Tech layer 111
Build Tech layer 113
Build Tech layer 115
Build Tech layer 117
Build Tech layer 119
Build Tech layer 121
Build Tech layer 123
Build Tech layer 125
Build Tech layer 127
Simplifying copper layer polygons
Calculating plated copper
Simplify holes contours
Build BVH for holes and vias
Load Raytracing: board
Load Raytracing: layers
Loading 3D models...
Reload time 0.305 s
Rendering: 100 %
Rendering time 0.180 s
Successfully created 3D render image
2026-09-26T04:30:42.487+00:00 [NBP11_Xilinx_Spartan-III_BGA456_Rev1.01/render-zoe4hw46] Frame 48/72 finished in 1.418s
2026-09-26T04:30:42.487+00:00 [NBP11_Xilinx_Spartan-III_BGA456_Rev1.01/render-zoe4hw46] Frame 49/72 started; angle=240
2026-09-26T04:30:43.777+00:00 [NBP11_Xilinx_Spartan-III_BGA456_Rev1.01/render-zoe4hw46] Frame 49 stdout: Loading…
Build board outline

Create layers
Create tracks and vias
Create zones
Build Tech layers
Build Tech layer 11
Build Tech layer 9
Build Tech layer 15
Build Tech layer 13
Build Tech layer 7
Build Tech layer 5
Build Tech layer 3
Build Tech layer 1
Build Tech layer 17
Build Tech layer 19
Build Tech layer 21
Build Tech layer 23
Build Tech layer 39
Build Tech layer 41
Build Tech layer 43
Build Tech layer 45
Build Tech layer 47
Build Tech layer 49
Build Tech layer 51
Build Tech layer 53
Build Tech layer 55
Build Tech layer 57
Build Tech layer 59
Build Tech layer 61
Build Tech layer 63
Build Tech layer 65
Build Tech layer 67
Build Tech layer 69
Build Tech layer 71
Build Tech layer 73
Build Tech layer 75
Build Tech layer 77
Build Tech layer 79
Build Tech layer 81
Build Tech layer 83
Build Tech layer 85
Build Tech layer 87
Build Tech layer 89
Build Tech layer 91
Build Tech layer 93
Build Tech layer 95
Build Tech layer 97
Build Tech layer 99
Build Tech layer 101
Build Tech layer 103
Build Tech layer 105
Build Tech layer 107
Build Tech layer 109
Build Tech layer 111
Build Tech layer 113
Build Tech layer 115
Build Tech layer 117
Build Tech layer 119
Build Tech layer 121
Build Tech layer 123
Build Tech layer 125
Build Tech layer 127
Simplifying copper layer polygons
Calculating plated copper
Simplify holes contours
Build BVH for holes and vias
Load Raytracing: board
Load Raytracing: layers
Loading 3D models...
Reload time 0.307 s
Rendering: 100 %
Rendering time 0.105 s
Successfully created 3D render image
2026-09-26T04:30:43.787+00:00 [NBP11_Xilinx_Spartan-III_BGA456_Rev1.01/render-zoe4hw46] Frame 49/72 finished in 1.300s
2026-09-26T04:30:43.787+00:00 [NBP11_Xilinx_Spartan-III_BGA456_Rev1.01/render-zoe4hw46] Frame 50/72 started; angle=245
2026-09-26T04:30:45.226+00:00 [NBP11_Xilinx_Spartan-III_BGA456_Rev1.01/render-zoe4hw46] Frame 50 stdout: Loading…
Build board outline

Create layers
Create tracks and vias
Create zones
Build Tech layers
Build Tech layer 11
Build Tech layer 9
Build Tech layer 15
Build Tech layer 13
Build Tech layer 7
Build Tech layer 5
Build Tech layer 3
Build Tech layer 1
Build Tech layer 17
Build Tech layer 19
Build Tech layer 21
Build Tech layer 23
Build Tech layer 39
Build Tech layer 41
Build Tech layer 43
Build Tech layer 45
Build Tech layer 47
Build Tech layer 49
Build Tech layer 51
Build Tech layer 53
Build Tech layer 55
Build Tech layer 57
Build Tech layer 59
Build Tech layer 61
Build Tech layer 63
Build Tech layer 65
Build Tech layer 67
Build Tech layer 69
Build Tech layer 71
Build Tech layer 73
Build Tech layer 75
Build Tech layer 77
Build Tech layer 79
Build Tech layer 81
Build Tech layer 83
Build Tech layer 85
Build Tech layer 87
Build Tech layer 89
Build Tech layer 91
Build Tech layer 93
Build Tech layer 95
Build Tech layer 97
Build Tech layer 99
Build Tech layer 101
Build Tech layer 103
Build Tech layer 105
Build Tech layer 107
Build Tech layer 109
Build Tech layer 111
Build Tech layer 113
Build Tech layer 115
Build Tech layer 117
Build Tech layer 119
Build Tech layer 121
Build Tech layer 123
Build Tech layer 125
Build Tech layer 127
Simplifying copper layer polygons
Calculating plated copper
Simplify holes contours
Build BVH for holes and vias
Load Raytracing: board
Load Raytracing: layers
Loading 3D models...
Reload time 0.381 s
Rendering: 100 %
Rendering time 0.140 s
Successfully created 3D render image
2026-09-26T04:30:45.233+00:00 [NBP11_Xilinx_Spartan-III_BGA456_Rev1.01/render-zoe4hw46] Frame 50/72 finished in 1.446s
2026-09-26T04:30:45.233+00:00 [NBP11_Xilinx_Spartan-III_BGA456_Rev1.01/render-zoe4hw46] Frame 51/72 started; angle=250
2026-09-26T04:30:46.341+00:00 [NBP11_Xilinx_Spartan-III_BGA456_Rev1.01/render-zoe4hw46] Frame 51 stdout: Loading…
Build board outline

Create layers
Create tracks and vias
Create zones
Build Tech layers
Build Tech layer 11
Build Tech layer 9
Build Tech layer 15
Build Tech layer 13
Build Tech layer 7
Build Tech layer 5
Build Tech layer 3
Build Tech layer 1
Build Tech layer 17
Build Tech layer 19
Build Tech layer 21
Build Tech layer 23
Build Tech layer 39
Build Tech layer 41
Build Tech layer 43
Build Tech layer 45
Build Tech layer 47
Build Tech layer 49
Build Tech layer 51
Build Tech layer 53
Build Tech layer 55
Build Tech layer 57
Build Tech layer 59
Build Tech layer 61
Build Tech layer 63
Build Tech layer 65
Build Tech layer 67
Build Tech layer 69
Build Tech layer 71
Build Tech layer 73
Build Tech layer 75
Build Tech layer 77
Build Tech layer 79
Build Tech layer 81
Build Tech layer 83
Build Tech layer 85
Build Tech layer 87
Build Tech layer 89
Build Tech layer 91
Build Tech layer 93
Build Tech layer 95
Build Tech layer 97
Build Tech layer 99
Build Tech layer 101
Build Tech layer 103
Build Tech layer 105
Build Tech layer 107
Build Tech layer 109
Build Tech layer 111
Build Tech layer 113
Build Tech layer 115
Build Tech layer 117
Build Tech layer 119
Build Tech layer 121
Build Tech layer 123
Build Tech layer 125
Build Tech layer 127
Simplifying copper layer polygons
Calculating plated copper
Simplify holes contours
Build BVH for holes and vias
Load Raytracing: board
Load Raytracing: layers
Loading 3D models...
Reload time 0.323 s
Rendering: 100 %
Rendering time 0.081 s
Successfully created 3D render image
2026-09-26T04:30:46.348+00:00 [NBP11_Xilinx_Spartan-III_BGA456_Rev1.01/render-zoe4hw46] Frame 51/72 finished in 1.114s
2026-09-26T04:30:46.348+00:00 [NBP11_Xilinx_Spartan-III_BGA456_Rev1.01/render-zoe4hw46] Frame 52/72 started; angle=255
2026-09-26T04:30:47.748+00:00 [NBP11_Xilinx_Spartan-III_BGA456_Rev1.01/render-zoe4hw46] Frame 52 stdout: Loading…
Build board outline

Create layers
Create tracks and vias
Create zones
Build Tech layers
Build Tech layer 11
Build Tech layer 9
Build Tech layer 15
Build Tech layer 13
Build Tech layer 7
Build Tech layer 5
Build Tech layer 3
Build Tech layer 1
Build Tech layer 17
Build Tech layer 19
Build Tech layer 21
Build Tech layer 23
Build Tech layer 39
Build Tech layer 41
Build Tech layer 43
Build Tech layer 45
Build Tech layer 47
Build Tech layer 49
Build Tech layer 51
Build Tech layer 53
Build Tech layer 55
Build Tech layer 57
Build Tech layer 59
Build Tech layer 61
Build Tech layer 63
Build Tech layer 65
Build Tech layer 67
Build Tech layer 69
Build Tech layer 71
Build Tech layer 73
Build Tech layer 75
Build Tech layer 77
Build Tech layer 79
Build Tech layer 81
Build Tech layer 83
Build Tech layer 85
Build Tech layer 87
Build Tech layer 89
Build Tech layer 91
Build Tech layer 93
Build Tech layer 95
Build Tech layer 97
Build Tech layer 99
Build Tech layer 101
Build Tech layer 103
Build Tech layer 105
Build Tech layer 107
Build Tech layer 109
Build Tech layer 111
Build Tech layer 113
Build Tech layer 115
Build Tech layer 117
Build Tech layer 119
Build Tech layer 121
Build Tech layer 123
Build Tech layer 125
Build Tech layer 127
Simplifying copper layer polygons
Calculating plated copper
Simplify holes contours
Build BVH for holes and vias
Load Raytracing: board
Load Raytracing: layers
Loading 3D models...
Reload time 0.304 s
Rendering: 100 %
Rendering time 0.094 s
Successfully created 3D render image
2026-09-26T04:30:47.754+00:00 [NBP11_Xilinx_Spartan-III_BGA456_Rev1.01/render-zoe4hw46] Frame 52/72 finished in 1.407s
2026-09-26T04:30:47.754+00:00 [NBP11_Xilinx_Spartan-III_BGA456_Rev1.01/render-zoe4hw46] Frame 53/72 started; angle=260
2026-09-26T04:30:48.959+00:00 [NBP11_Xilinx_Spartan-III_BGA456_Rev1.01/render-zoe4hw46] Frame 53 stdout: Loading…
Build board outline

Create layers
Create tracks and vias
Create zones
Build Tech layers
Build Tech layer 11
Build Tech layer 9
Build Tech layer 15
Build Tech layer 13
Build Tech layer 7
Build Tech layer 5
Build Tech layer 3
Build Tech layer 1
Build Tech layer 17
Build Tech layer 19
Build Tech layer 21
Build Tech layer 23
Build Tech layer 39
Build Tech layer 41
Build Tech layer 43
Build Tech layer 45
Build Tech layer 47
Build Tech layer 49
Build Tech layer 51
Build Tech layer 53
Build Tech layer 55
Build Tech layer 57
Build Tech layer 59
Build Tech layer 61
Build Tech layer 63
Build Tech layer 65
Build Tech layer 67
Build Tech layer 69
Build Tech layer 71
Build Tech layer 73
Build Tech layer 75
Build Tech layer 77
Build Tech layer 79
Build Tech layer 81
Build Tech layer 83
Build Tech layer 85
Build Tech layer 87
Build Tech layer 89
Build Tech layer 91
Build Tech layer 93
Build Tech layer 95
Build Tech layer 97
Build Tech layer 99
Build Tech layer 101
Build Tech layer 103
Build Tech layer 105
Build Tech layer 107
Build Tech layer 109
Build Tech layer 111
Build Tech layer 113
Build Tech layer 115
Build Tech layer 117
Build Tech layer 119
Build Tech layer 121
Build Tech layer 123
Build Tech layer 125
Build Tech layer 127
Simplifying copper layer polygons
Calculating plated copper
Simplify holes contours
Build BVH for holes and vias
Load Raytracing: board
Load Raytracing: layers
Loading 3D models...
Reload time 0.318 s
Rendering: 100 %
Rendering time 0.059 s
Successfully created 3D render image
2026-09-26T04:30:48.964+00:00 [NBP11_Xilinx_Spartan-III_BGA456_Rev1.01/render-zoe4hw46] Frame 53/72 finished in 1.210s
2026-09-26T04:30:48.964+00:00 [NBP11_Xilinx_Spartan-III_BGA456_Rev1.01/render-zoe4hw46] Frame 54/72 started; angle=265
2026-09-26T04:30:50.252+00:00 [NBP11_Xilinx_Spartan-III_BGA456_Rev1.01/render-zoe4hw46] Frame 54 stdout: Loading…
Build board outline

Create layers
Create tracks and vias
Create zones
Build Tech layers
Build Tech layer 11
Build Tech layer 9
Build Tech layer 15
Build Tech layer 13
Build Tech layer 7
Build Tech layer 5
Build Tech layer 3
Build Tech layer 1
Build Tech layer 17
Build Tech layer 19
Build Tech layer 21
Build Tech layer 23
Build Tech layer 39
Build Tech layer 41
Build Tech layer 43
Build Tech layer 45
Build Tech layer 47
Build Tech layer 49
Build Tech layer 51
Build Tech layer 53
Build Tech layer 55
Build Tech layer 57
Build Tech layer 59
Build Tech layer 61
Build Tech layer 63
Build Tech layer 65
Build Tech layer 67
Build Tech layer 69
Build Tech layer 71
Build Tech layer 73
Build Tech layer 75
Build Tech layer 77
Build Tech layer 79
Build Tech layer 81
Build Tech layer 83
Build Tech layer 85
Build Tech layer 87
Build Tech layer 89
Build Tech layer 91
Build Tech layer 93
Build Tech layer 95
Build Tech layer 97
Build Tech layer 99
Build Tech layer 101
Build Tech layer 103
Build Tech layer 105
Build Tech layer 107
Build Tech layer 109
Build Tech layer 111
Build Tech layer 113
Build Tech layer 115
Build Tech layer 117
Build Tech layer 119
Build Tech layer 121
Build Tech layer 123
Build Tech layer 125
Build Tech layer 127
Simplifying copper layer polygons
Calculating plated copper
Simplify holes contours
Build BVH for holes and vias
Load Raytracing: board
Load Raytracing: layers
Loading 3D models...
Reload time 0.336 s
Rendering: 100 %
Rendering time 0.042 s
Successfully created 3D render image
2026-09-26T04:30:50.273+00:00 [NBP11_Xilinx_Spartan-III_BGA456_Rev1.01/render-zoe4hw46] Frame 54/72 finished in 1.309s
2026-09-26T04:30:50.273+00:00 [NBP11_Xilinx_Spartan-III_BGA456_Rev1.01/render-zoe4hw46] Frame 55/72 started; angle=270
2026-09-26T04:30:51.429+00:00 [NBP11_Xilinx_Spartan-III_BGA456_Rev1.01/render-zoe4hw46] Frame 55 stdout: Loading…
Build board outline

Create layers
Create tracks and vias
Create zones
Build Tech layers
Build Tech layer 11
Build Tech layer 9
Build Tech layer 15
Build Tech layer 13
Build Tech layer 7
Build Tech layer 5
Build Tech layer 3
Build Tech layer 1
Build Tech layer 17
Build Tech layer 19
Build Tech layer 21
Build Tech layer 23
Build Tech layer 39
Build Tech layer 41
Build Tech layer 43
Build Tech layer 45
Build Tech layer 47
Build Tech layer 49
Build Tech layer 51
Build Tech layer 53
Build Tech layer 55
Build Tech layer 57
Build Tech layer 59
Build Tech layer 61
Build Tech layer 63
Build Tech layer 65
Build Tech layer 67
Build Tech layer 69
Build Tech layer 71
Build Tech layer 73
Build Tech layer 75
Build Tech layer 77
Build Tech layer 79
Build Tech layer 81
Build Tech layer 83
Build Tech layer 85
Build Tech layer 87
Build Tech layer 89
Build Tech layer 91
Build Tech layer 93
Build Tech layer 95
Build Tech layer 97
Build Tech layer 99
Build Tech layer 101
Build Tech layer 103
Build Tech layer 105
Build Tech layer 107
Build Tech layer 109
Build Tech layer 111
Build Tech layer 113
Build Tech layer 115
Build Tech layer 117
Build Tech layer 119
Build Tech layer 121
Build Tech layer 123
Build Tech layer 125
Build Tech layer 127
Simplifying copper layer polygons
Calculating plated copper
Simplify holes contours
Build BVH for holes and vias
Load Raytracing: board
Load Raytracing: layers
Loading 3D models...
Reload time 0.292 s
Rendering: 100 %
Rendering time 0.022 s
Successfully created 3D render image
2026-09-26T04:30:51.434+00:00 [NBP11_Xilinx_Spartan-III_BGA456_Rev1.01/render-zoe4hw46] Frame 55/72 finished in 1.161s
2026-09-26T04:30:51.434+00:00 [NBP11_Xilinx_Spartan-III_BGA456_Rev1.01/render-zoe4hw46] Frame 56/72 started; angle=275
2026-09-26T04:30:52.578+00:00 [NBP11_Xilinx_Spartan-III_BGA456_Rev1.01/render-zoe4hw46] Frame 56 stdout: Loading…
Build board outline

Create layers
Create tracks and vias
Create zones
Build Tech layers
Build Tech layer 11
Build Tech layer 9
Build Tech layer 15
Build Tech layer 13
Build Tech layer 7
Build Tech layer 5
Build Tech layer 3
Build Tech layer 1
Build Tech layer 17
Build Tech layer 19
Build Tech layer 21
Build Tech layer 23
Build Tech layer 39
Build Tech layer 41
Build Tech layer 43
Build Tech layer 45
Build Tech layer 47
Build Tech layer 49
Build Tech layer 51
Build Tech layer 53
Build Tech layer 55
Build Tech layer 57
Build Tech layer 59
Build Tech layer 61
Build Tech layer 63
Build Tech layer 65
Build Tech layer 67
Build Tech layer 69
Build Tech layer 71
Build Tech layer 73
Build Tech layer 75
Build Tech layer 77
Build Tech layer 79
Build Tech layer 81
Build Tech layer 83
Build Tech layer 85
Build Tech layer 87
Build Tech layer 89
Build Tech layer 91
Build Tech layer 93
Build Tech layer 95
Build Tech layer 97
Build Tech layer 99
Build Tech layer 101
Build Tech layer 103
Build Tech layer 105
Build Tech layer 107
Build Tech layer 109
Build Tech layer 111
Build Tech layer 113
Build Tech layer 115
Build Tech layer 117
Build Tech layer 119
Build Tech layer 121
Build Tech layer 123
Build Tech layer 125
Build Tech layer 127
Simplifying copper layer polygons
Calculating plated copper
Simplify holes contours
Build BVH for holes and vias
Load Raytracing: board
Load Raytracing: layers
Loading 3D models...
Reload time 0.301 s
Rendering: 100 %
Rendering time 0.080 s
Successfully created 3D render image
2026-09-26T04:30:52.584+00:00 [NBP11_Xilinx_Spartan-III_BGA456_Rev1.01/render-zoe4hw46] Frame 56/72 finished in 1.150s
2026-09-26T04:30:52.584+00:00 [NBP11_Xilinx_Spartan-III_BGA456_Rev1.01/render-zoe4hw46] Frame 57/72 started; angle=280
2026-09-26T04:30:53.911+00:00 [NBP11_Xilinx_Spartan-III_BGA456_Rev1.01/render-zoe4hw46] Frame 57 stdout: Loading…
Build board outline

Create layers
Create tracks and vias
Create zones
Build Tech layers
Build Tech layer 11
Build Tech layer 9
Build Tech layer 15
Build Tech layer 13
Build Tech layer 7
Build Tech layer 5
Build Tech layer 3
Build Tech layer 1
Build Tech layer 17
Build Tech layer 19
Build Tech layer 21
Build Tech layer 23
Build Tech layer 39
Build Tech layer 41
Build Tech layer 43
Build Tech layer 45
Build Tech layer 47
Build Tech layer 49
Build Tech layer 51
Build Tech layer 53
Build Tech layer 55
Build Tech layer 57
Build Tech layer 59
Build Tech layer 61
Build Tech layer 63
Build Tech layer 65
Build Tech layer 67
Build Tech layer 69
Build Tech layer 71
Build Tech layer 73
Build Tech layer 75
Build Tech layer 77
Build Tech layer 79
Build Tech layer 81
Build Tech layer 83
Build Tech layer 85
Build Tech layer 87
Build Tech layer 89
Build Tech layer 91
Build Tech layer 93
Build Tech layer 95
Build Tech layer 97
Build Tech layer 99
Build Tech layer 101
Build Tech layer 103
Build Tech layer 105
Build Tech layer 107
Build Tech layer 109
Build Tech layer 111
Build Tech layer 113
Build Tech layer 115
Build Tech layer 117
Build Tech layer 119
Build Tech layer 121
Build Tech layer 123
Build Tech layer 125
Build Tech layer 127
Simplifying copper layer polygons
Calculating plated copper
Simplify holes contours
Build BVH for holes and vias
Load Raytracing: board
Load Raytracing: layers
Loading 3D models...
Reload time 0.353 s
Rendering: 100 %
Rendering time 0.135 s
Successfully created 3D render image
2026-09-26T04:30:53.917+00:00 [NBP11_Xilinx_Spartan-III_BGA456_Rev1.01/render-zoe4hw46] Frame 57/72 finished in 1.333s
2026-09-26T04:30:53.918+00:00 [NBP11_Xilinx_Spartan-III_BGA456_Rev1.01/render-zoe4hw46] Frame 58/72 started; angle=285
2026-09-26T04:30:55.146+00:00 [NBP11_Xilinx_Spartan-III_BGA456_Rev1.01/render-zoe4hw46] Frame 58 stdout: Loading…
Build board outline

Create layers
Create tracks and vias
Create zones
Build Tech layers
Build Tech layer 11
Build Tech layer 9
Build Tech layer 15
Build Tech layer 13
Build Tech layer 7
Build Tech layer 5
Build Tech layer 3
Build Tech layer 1
Build Tech layer 17
Build Tech layer 19
Build Tech layer 21
Build Tech layer 23
Build Tech layer 39
Build Tech layer 41
Build Tech layer 43
Build Tech layer 45
Build Tech layer 47
Build Tech layer 49
Build Tech layer 51
Build Tech layer 53
Build Tech layer 55
Build Tech layer 57
Build Tech layer 59
Build Tech layer 61
Build Tech layer 63
Build Tech layer 65
Build Tech layer 67
Build Tech layer 69
Build Tech layer 71
Build Tech layer 73
Build Tech layer 75
Build Tech layer 77
Build Tech layer 79
Build Tech layer 81
Build Tech layer 83
Build Tech layer 85
Build Tech layer 87
Build Tech layer 89
Build Tech layer 91
Build Tech layer 93
Build Tech layer 95
Build Tech layer 97
Build Tech layer 99
Build Tech layer 101
Build Tech layer 103
Build Tech layer 105
Build Tech layer 107
Build Tech layer 109
Build Tech layer 111
Build Tech layer 113
Build Tech layer 115
Build Tech layer 117
Build Tech layer 119
Build Tech layer 121
Build Tech layer 123
Build Tech layer 125
Build Tech layer 127
Simplifying copper layer polygons
Calculating plated copper
Simplify holes contours
Build BVH for holes and vias
Load Raytracing: board
Load Raytracing: layers
Loading 3D models...
Reload time 0.344 s
Rendering: 100 %
Rendering time 0.127 s
Successfully created 3D render image
2026-09-26T04:30:55.152+00:00 [NBP11_Xilinx_Spartan-III_BGA456_Rev1.01/render-zoe4hw46] Frame 58/72 finished in 1.235s
2026-09-26T04:30:55.152+00:00 [NBP11_Xilinx_Spartan-III_BGA456_Rev1.01/render-zoe4hw46] Frame 59/72 started; angle=290
2026-09-26T04:30:56.649+00:00 [NBP11_Xilinx_Spartan-III_BGA456_Rev1.01/render-zoe4hw46] Frame 59 stdout: Loading…
Build board outline

Create layers
Create tracks and vias
Create zones
Build Tech layers
Build Tech layer 11
Build Tech layer 9
Build Tech layer 15
Build Tech layer 13
Build Tech layer 7
Build Tech layer 5
Build Tech layer 3
Build Tech layer 1
Build Tech layer 17
Build Tech layer 19
Build Tech layer 21
Build Tech layer 23
Build Tech layer 39
Build Tech layer 41
Build Tech layer 43
Build Tech layer 45
Build Tech layer 47
Build Tech layer 49
Build Tech layer 51
Build Tech layer 53
Build Tech layer 55
Build Tech layer 57
Build Tech layer 59
Build Tech layer 61
Build Tech layer 63
Build Tech layer 65
Build Tech layer 67
Build Tech layer 69
Build Tech layer 71
Build Tech layer 73
Build Tech layer 75
Build Tech layer 77
Build Tech layer 79
Build Tech layer 81
Build Tech layer 83
Build Tech layer 85
Build Tech layer 87
Build Tech layer 89
Build Tech layer 91
Build Tech layer 93
Build Tech layer 95
Build Tech layer 97
Build Tech layer 99
Build Tech layer 101
Build Tech layer 103
Build Tech layer 105
Build Tech layer 107
Build Tech layer 109
Build Tech layer 111
Build Tech layer 113
Build Tech layer 115
Build Tech layer 117
Build Tech layer 119
Build Tech layer 121
Build Tech layer 123
Build Tech layer 125
Build Tech layer 127
Simplifying copper layer polygons
Calculating plated copper
Simplify holes contours
Build BVH for holes and vias
Load Raytracing: board
Load Raytracing: layers
Loading 3D models...
Reload time 0.459 s
Rendering: 100 %
Rendering time 0.092 s
Successfully created 3D render image
2026-09-26T04:30:56.655+00:00 [NBP11_Xilinx_Spartan-III_BGA456_Rev1.01/render-zoe4hw46] Frame 59/72 finished in 1.503s
2026-09-26T04:30:56.655+00:00 [NBP11_Xilinx_Spartan-III_BGA456_Rev1.01/render-zoe4hw46] Frame 60/72 started; angle=295
2026-09-26T04:30:57.860+00:00 [NBP11_Xilinx_Spartan-III_BGA456_Rev1.01/render-zoe4hw46] Frame 60 stdout: Loading…
Build board outline

Create layers
Create tracks and vias
Create zones
Build Tech layers
Build Tech layer 11
Build Tech layer 9
Build Tech layer 15
Build Tech layer 13
Build Tech layer 7
Build Tech layer 5
Build Tech layer 3
Build Tech layer 1
Build Tech layer 17
Build Tech layer 19
Build Tech layer 21
Build Tech layer 23
Build Tech layer 39
Build Tech layer 41
Build Tech layer 43
Build Tech layer 45
Build Tech layer 47
Build Tech layer 49
Build Tech layer 51
Build Tech layer 53
Build Tech layer 55
Build Tech layer 57
Build Tech layer 59
Build Tech layer 61
Build Tech layer 63
Build Tech layer 65
Build Tech layer 67
Build Tech layer 69
Build Tech layer 71
Build Tech layer 73
Build Tech layer 75
Build Tech layer 77
Build Tech layer 79
Build Tech layer 81
Build Tech layer 83
Build Tech layer 85
Build Tech layer 87
Build Tech layer 89
Build Tech layer 91
Build Tech layer 93
Build Tech layer 95
Build Tech layer 97
Build Tech layer 99
Build Tech layer 101
Build Tech layer 103
Build Tech layer 105
Build Tech layer 107
Build Tech layer 109
Build Tech layer 111
Build Tech layer 113
Build Tech layer 115
Build Tech layer 117
Build Tech layer 119
Build Tech layer 121
Build Tech layer 123
Build Tech layer 125
Build Tech layer 127
Simplifying copper layer polygons
Calculating plated copper
Simplify holes contours
Build BVH for holes and vias
Load Raytracing: board
Load Raytracing: layers
Loading 3D models...
Reload time 0.363 s
Rendering: 100 %
Rendering time 0.101 s
Successfully created 3D render image
2026-09-26T04:30:57.868+00:00 [NBP11_Xilinx_Spartan-III_BGA456_Rev1.01/render-zoe4hw46] Frame 60/72 finished in 1.212s
2026-09-26T04:30:57.868+00:00 [NBP11_Xilinx_Spartan-III_BGA456_Rev1.01/render-zoe4hw46] Frame 61/72 started; angle=300
2026-09-26T04:30:59.085+00:00 [NBP11_Xilinx_Spartan-III_BGA456_Rev1.01/render-zoe4hw46] Frame 61 stdout: Loading…
Build board outline

Create layers
Create tracks and vias
Create zones
Build Tech layers
Build Tech layer 11
Build Tech layer 9
Build Tech layer 15
Build Tech layer 13
Build Tech layer 7
Build Tech layer 5
Build Tech layer 3
Build Tech layer 1
Build Tech layer 17
Build Tech layer 19
Build Tech layer 21
Build Tech layer 23
Build Tech layer 39
Build Tech layer 41
Build Tech layer 43
Build Tech layer 45
Build Tech layer 47
Build Tech layer 49
Build Tech layer 51
Build Tech layer 53
Build Tech layer 55
Build Tech layer 57
Build Tech layer 59
Build Tech layer 61
Build Tech layer 63
Build Tech layer 65
Build Tech layer 67
Build Tech layer 69
Build Tech layer 71
Build Tech layer 73
Build Tech layer 75
Build Tech layer 77
Build Tech layer 79
Build Tech layer 81
Build Tech layer 83
Build Tech layer 85
Build Tech layer 87
Build Tech layer 89
Build Tech layer 91
Build Tech layer 93
Build Tech layer 95
Build Tech layer 97
Build Tech layer 99
Build Tech layer 101
Build Tech layer 103
Build Tech layer 105
Build Tech layer 107
Build Tech layer 109
Build Tech layer 111
Build Tech layer 113
Build Tech layer 115
Build Tech layer 117
Build Tech layer 119
Build Tech layer 121
Build Tech layer 123
Build Tech layer 125
Build Tech layer 127
Simplifying copper layer polygons
Calculating plated copper
Simplify holes contours
Build BVH for holes and vias
Load Raytracing: board
Load Raytracing: layers
Loading 3D models...
Reload time 0.408 s
Rendering: 100 %
Rendering time 0.105 s
Successfully created 3D render image
2026-09-26T04:30:59.092+00:00 [NBP11_Xilinx_Spartan-III_BGA456_Rev1.01/render-zoe4hw46] Frame 61/72 finished in 1.225s
2026-09-26T04:30:59.092+00:00 [NBP11_Xilinx_Spartan-III_BGA456_Rev1.01/render-zoe4hw46] Frame 62/72 started; angle=305
2026-09-26T04:31:00.367+00:00 [NBP11_Xilinx_Spartan-III_BGA456_Rev1.01/render-zoe4hw46] Frame 62 stdout: Loading…
Build board outline

Create layers
Create tracks and vias
Create zones
Build Tech layers
Build Tech layer 11
Build Tech layer 9
Build Tech layer 15
Build Tech layer 13
Build Tech layer 7
Build Tech layer 5
Build Tech layer 3
Build Tech layer 1
Build Tech layer 17
Build Tech layer 19
Build Tech layer 21
Build Tech layer 23
Build Tech layer 39
Build Tech layer 41
Build Tech layer 43
Build Tech layer 45
Build Tech layer 47
Build Tech layer 49
Build Tech layer 51
Build Tech layer 53
Build Tech layer 55
Build Tech layer 57
Build Tech layer 59
Build Tech layer 61
Build Tech layer 63
Build Tech layer 65
Build Tech layer 67
Build Tech layer 69
Build Tech layer 71
Build Tech layer 73
Build Tech layer 75
Build Tech layer 77
Build Tech layer 79
Build Tech layer 81
Build Tech layer 83
Build Tech layer 85
Build Tech layer 87
Build Tech layer 89
Build Tech layer 91
Build Tech layer 93
Build Tech layer 95
Build Tech layer 97
Build Tech layer 99
Build Tech layer 101
Build Tech layer 103
Build Tech layer 105
Build Tech layer 107
Build Tech layer 109
Build Tech layer 111
Build Tech layer 113
Build Tech layer 115
Build Tech layer 117
Build Tech layer 119
Build Tech layer 121
Build Tech layer 123
Build Tech layer 125
Build Tech layer 127
Simplifying copper layer polygons
Calculating plated copper
Simplify holes contours
Build BVH for holes and vias
Load Raytracing: board
Load Raytracing: layers
Loading 3D models...
Reload time 0.302 s
Rendering: 100 %
Rendering time 0.138 s
Successfully created 3D render image
2026-09-26T04:31:00.379+00:00 [NBP11_Xilinx_Spartan-III_BGA456_Rev1.01/render-zoe4hw46] Frame 62/72 finished in 1.286s
2026-09-26T04:31:00.379+00:00 [NBP11_Xilinx_Spartan-III_BGA456_Rev1.01/render-zoe4hw46] Frame 63/72 started; angle=310
2026-09-26T04:31:01.915+00:00 [NBP11_Xilinx_Spartan-III_BGA456_Rev1.01/render-zoe4hw46] Frame 63 stdout: Loading…
Build board outline

Create layers
Create tracks and vias
Create zones
Build Tech layers
Build Tech layer 11
Build Tech layer 9
Build Tech layer 15
Build Tech layer 13
Build Tech layer 7
Build Tech layer 5
Build Tech layer 3
Build Tech layer 1
Build Tech layer 17
Build Tech layer 19
Build Tech layer 21
Build Tech layer 23
Build Tech layer 39
Build Tech layer 41
Build Tech layer 43
Build Tech layer 45
Build Tech layer 47
Build Tech layer 49
Build Tech layer 51
Build Tech layer 53
Build Tech layer 55
Build Tech layer 57
Build Tech layer 59
Build Tech layer 61
Build Tech layer 63
Build Tech layer 65
Build Tech layer 67
Build Tech layer 69
Build Tech layer 71
Build Tech layer 73
Build Tech layer 75
Build Tech layer 77
Build Tech layer 79
Build Tech layer 81
Build Tech layer 83
Build Tech layer 85
Build Tech layer 87
Build Tech layer 89
Build Tech layer 91
Build Tech layer 93
Build Tech layer 95
Build Tech layer 97
Build Tech layer 99
Build Tech layer 101
Build Tech layer 103
Build Tech layer 105
Build Tech layer 107
Build Tech layer 109
Build Tech layer 111
Build Tech layer 113
Build Tech layer 115
Build Tech layer 117
Build Tech layer 119
Build Tech layer 121
Build Tech layer 123
Build Tech layer 125
Build Tech layer 127
Simplifying copper layer polygons
Calculating plated copper
Simplify holes contours
Build BVH for holes and vias
Load Raytracing: board
Load Raytracing: layers
Loading 3D models...
Reload time 0.381 s
Rendering: 100 %
Rendering time 0.221 s
Successfully created 3D render image
2026-09-26T04:31:01.923+00:00 [NBP11_Xilinx_Spartan-III_BGA456_Rev1.01/render-zoe4hw46] Frame 63/72 finished in 1.544s
2026-09-26T04:31:01.923+00:00 [NBP11_Xilinx_Spartan-III_BGA456_Rev1.01/render-zoe4hw46] Frame 64/72 started; angle=315
2026-09-26T04:31:03.297+00:00 [NBP11_Xilinx_Spartan-III_BGA456_Rev1.01/render-zoe4hw46] Frame 64 stdout: Loading…
Build board outline

Create layers
Create tracks and vias
Create zones
Build Tech layers
Build Tech layer 11
Build Tech layer 9
Build Tech layer 15
Build Tech layer 13
Build Tech layer 7
Build Tech layer 5
Build Tech layer 3
Build Tech layer 1
Build Tech layer 17
Build Tech layer 19
Build Tech layer 21
Build Tech layer 23
Build Tech layer 39
Build Tech layer 41
Build Tech layer 43
Build Tech layer 45
Build Tech layer 47
Build Tech layer 49
Build Tech layer 51
Build Tech layer 53
Build Tech layer 55
Build Tech layer 57
Build Tech layer 59
Build Tech layer 61
Build Tech layer 63
Build Tech layer 65
Build Tech layer 67
Build Tech layer 69
Build Tech layer 71
Build Tech layer 73
Build Tech layer 75
Build Tech layer 77
Build Tech layer 79
Build Tech layer 81
Build Tech layer 83
Build Tech layer 85
Build Tech layer 87
Build Tech layer 89
Build Tech layer 91
Build Tech layer 93
Build Tech layer 95
Build Tech layer 97
Build Tech layer 99
Build Tech layer 101
Build Tech layer 103
Build Tech layer 105
Build Tech layer 107
Build Tech layer 109
Build Tech layer 111
Build Tech layer 113
Build Tech layer 115
Build Tech layer 117
Build Tech layer 119
Build Tech layer 121
Build Tech layer 123
Build Tech layer 125
Build Tech layer 127
Simplifying copper layer polygons
Calculating plated copper
Simplify holes contours
Build BVH for holes and vias
Load Raytracing: board
Load Raytracing: layers
Loading 3D models...
Reload time 0.320 s
Rendering: 100 %
Rendering time 0.150 s
Successfully created 3D render image
2026-09-26T04:31:03.312+00:00 [NBP11_Xilinx_Spartan-III_BGA456_Rev1.01/render-zoe4hw46] Frame 64/72 finished in 1.390s
2026-09-26T04:31:03.312+00:00 [NBP11_Xilinx_Spartan-III_BGA456_Rev1.01/render-zoe4hw46] Frame 65/72 started; angle=320
2026-09-26T04:31:04.877+00:00 [NBP11_Xilinx_Spartan-III_BGA456_Rev1.01/render-zoe4hw46] Frame 65 stdout: Loading…
Build board outline

Create layers
Create tracks and vias
Create zones
Build Tech layers
Build Tech layer 11
Build Tech layer 9
Build Tech layer 15
Build Tech layer 13
Build Tech layer 7
Build Tech layer 5
Build Tech layer 3
Build Tech layer 1
Build Tech layer 17
Build Tech layer 19
Build Tech layer 21
Build Tech layer 23
Build Tech layer 39
Build Tech layer 41
Build Tech layer 43
Build Tech layer 45
Build Tech layer 47
Build Tech layer 49
Build Tech layer 51
Build Tech layer 53
Build Tech layer 55
Build Tech layer 57
Build Tech layer 59
Build Tech layer 61
Build Tech layer 63
Build Tech layer 65
Build Tech layer 67
Build Tech layer 69
Build Tech layer 71
Build Tech layer 73
Build Tech layer 75
Build Tech layer 77
Build Tech layer 79
Build Tech layer 81
Build Tech layer 83
Build Tech layer 85
Build Tech layer 87
Build Tech layer 89
Build Tech layer 91
Build Tech layer 93
Build Tech layer 95
Build Tech layer 97
Build Tech layer 99
Build Tech layer 101
Build Tech layer 103
Build Tech layer 105
Build Tech layer 107
Build Tech layer 109
Build Tech layer 111
Build Tech layer 113
Build Tech layer 115
Build Tech layer 117
Build Tech layer 119
Build Tech layer 121
Build Tech layer 123
Build Tech layer 125
Build Tech layer 127
Simplifying copper layer polygons
Calculating plated copper
Simplify holes contours
Build BVH for holes and vias
Load Raytracing: board
Load Raytracing: layers
Loading 3D models...
Reload time 0.342 s
Rendering: 100 %
Rendering time 0.333 s
Successfully created 3D render image
2026-09-26T04:31:04.888+00:00 [NBP11_Xilinx_Spartan-III_BGA456_Rev1.01/render-zoe4hw46] Frame 65/72 finished in 1.576s
2026-09-26T04:31:04.888+00:00 [NBP11_Xilinx_Spartan-III_BGA456_Rev1.01/render-zoe4hw46] Frame 66/72 started; angle=325
2026-09-26T04:31:06.278+00:00 [NBP11_Xilinx_Spartan-III_BGA456_Rev1.01/render-zoe4hw46] Frame 66 stdout: Loading…
Build board outline

Create layers
Create tracks and vias
Create zones
Build Tech layers
Build Tech layer 11
Build Tech layer 9
Build Tech layer 15
Build Tech layer 13
Build Tech layer 7
Build Tech layer 5
Build Tech layer 3
Build Tech layer 1
Build Tech layer 17
Build Tech layer 19
Build Tech layer 21
Build Tech layer 23
Build Tech layer 39
Build Tech layer 41
Build Tech layer 43
Build Tech layer 45
Build Tech layer 47
Build Tech layer 49
Build Tech layer 51
Build Tech layer 53
Build Tech layer 55
Build Tech layer 57
Build Tech layer 59
Build Tech layer 61
Build Tech layer 63
Build Tech layer 65
Build Tech layer 67
Build Tech layer 69
Build Tech layer 71
Build Tech layer 73
Build Tech layer 75
Build Tech layer 77
Build Tech layer 79
Build Tech layer 81
Build Tech layer 83
Build Tech layer 85
Build Tech layer 87
Build Tech layer 89
Build Tech layer 91
Build Tech layer 93
Build Tech layer 95
Build Tech layer 97
Build Tech layer 99
Build Tech layer 101
Build Tech layer 103
Build Tech layer 105
Build Tech layer 107
Build Tech layer 109
Build Tech layer 111
Build Tech layer 113
Build Tech layer 115
Build Tech layer 117
Build Tech layer 119
Build Tech layer 121
Build Tech layer 123
Build Tech layer 125
Build Tech layer 127
Simplifying copper layer polygons
Calculating plated copper
Simplify holes contours
Build BVH for holes and vias
Load Raytracing: board
Load Raytracing: layers
Loading 3D models...
Reload time 0.319 s
Rendering: 100 %
Rendering time 0.167 s
Successfully created 3D render image
2026-09-26T04:31:06.291+00:00 [NBP11_Xilinx_Spartan-III_BGA456_Rev1.01/render-zoe4hw46] Frame 66/72 finished in 1.404s
2026-09-26T04:31:06.291+00:00 [NBP11_Xilinx_Spartan-III_BGA456_Rev1.01/render-zoe4hw46] Frame 67/72 started; angle=330
2026-09-26T04:31:07.805+00:00 [NBP11_Xilinx_Spartan-III_BGA456_Rev1.01/render-zoe4hw46] Frame 67 stdout: Loading…
Build board outline

Create layers
Create tracks and vias
Create zones
Build Tech layers
Build Tech layer 11
Build Tech layer 9
Build Tech layer 15
Build Tech layer 13
Build Tech layer 7
Build Tech layer 5
Build Tech layer 3
Build Tech layer 1
Build Tech layer 17
Build Tech layer 19
Build Tech layer 21
Build Tech layer 23
Build Tech layer 39
Build Tech layer 41
Build Tech layer 43
Build Tech layer 45
Build Tech layer 47
Build Tech layer 49
Build Tech layer 51
Build Tech layer 53
Build Tech layer 55
Build Tech layer 57
Build Tech layer 59
Build Tech layer 61
Build Tech layer 63
Build Tech layer 65
Build Tech layer 67
Build Tech layer 69
Build Tech layer 71
Build Tech layer 73
Build Tech layer 75
Build Tech layer 77
Build Tech layer 79
Build Tech layer 81
Build Tech layer 83
Build Tech layer 85
Build Tech layer 87
Build Tech layer 89
Build Tech layer 91
Build Tech layer 93
Build Tech layer 95
Build Tech layer 97
Build Tech layer 99
Build Tech layer 101
Build Tech layer 103
Build Tech layer 105
Build Tech layer 107
Build Tech layer 109
Build Tech layer 111
Build Tech layer 113
Build Tech layer 115
Build Tech layer 117
Build Tech layer 119
Build Tech layer 121
Build Tech layer 123
Build Tech layer 125
Build Tech layer 127
Simplifying copper layer polygons
Calculating plated copper
Simplify holes contours
Build BVH for holes and vias
Load Raytracing: board
Load Raytracing: layers
Loading 3D models...
Reload time 0.481 s
Rendering: 100 %
Rendering time 0.168 s
Successfully created 3D render image
2026-09-26T04:31:07.816+00:00 [NBP11_Xilinx_Spartan-III_BGA456_Rev1.01/render-zoe4hw46] Frame 67/72 finished in 1.525s
2026-09-26T04:31:07.816+00:00 [NBP11_Xilinx_Spartan-III_BGA456_Rev1.01/render-zoe4hw46] Frame 68/72 started; angle=335
2026-09-26T04:31:08.979+00:00 [NBP11_Xilinx_Spartan-III_BGA456_Rev1.01/render-zoe4hw46] Frame 68 stdout: Loading…
Build board outline

Create layers
Create tracks and vias
Create zones
Build Tech layers
Build Tech layer 11
Build Tech layer 9
Build Tech layer 15
Build Tech layer 13
Build Tech layer 7
Build Tech layer 5
Build Tech layer 3
Build Tech layer 1
Build Tech layer 17
Build Tech layer 19
Build Tech layer 21
Build Tech layer 23
Build Tech layer 39
Build Tech layer 41
Build Tech layer 43
Build Tech layer 45
Build Tech layer 47
Build Tech layer 49
Build Tech layer 51
Build Tech layer 53
Build Tech layer 55
Build Tech layer 57
Build Tech layer 59
Build Tech layer 61
Build Tech layer 63
Build Tech layer 65
Build Tech layer 67
Build Tech layer 69
Build Tech layer 71
Build Tech layer 73
Build Tech layer 75
Build Tech layer 77
Build Tech layer 79
Build Tech layer 81
Build Tech layer 83
Build Tech layer 85
Build Tech layer 87
Build Tech layer 89
Build Tech layer 91
Build Tech layer 93
Build Tech layer 95
Build Tech layer 97
Build Tech layer 99
Build Tech layer 101
Build Tech layer 103
Build Tech layer 105
Build Tech layer 107
Build Tech layer 109
Build Tech layer 111
Build Tech layer 113
Build Tech layer 115
Build Tech layer 117
Build Tech layer 119
Build Tech layer 121
Build Tech layer 123
Build Tech layer 125
Build Tech layer 127
Simplifying copper layer polygons
Calculating plated copper
Simplify holes contours
Build BVH for holes and vias
Load Raytracing: board
Load Raytracing: layers
Loading 3D models...
Reload time 0.305 s
Rendering: 100 %
Rendering time 0.175 s
Successfully created 3D render image
2026-09-26T04:31:08.990+00:00 [NBP11_Xilinx_Spartan-III_BGA456_Rev1.01/render-zoe4hw46] Frame 68/72 finished in 1.174s
2026-09-26T04:31:08.990+00:00 [NBP11_Xilinx_Spartan-III_BGA456_Rev1.01/render-zoe4hw46] Frame 69/72 started; angle=340
2026-09-26T04:31:10.545+00:00 [NBP11_Xilinx_Spartan-III_BGA456_Rev1.01/render-zoe4hw46] Frame 69 stdout: Loading…
Build board outline

Create layers
Create tracks and vias
Create zones
Build Tech layers
Build Tech layer 11
Build Tech layer 9
Build Tech layer 15
Build Tech layer 13
Build Tech layer 7
Build Tech layer 5
Build Tech layer 3
Build Tech layer 1
Build Tech layer 17
Build Tech layer 19
Build Tech layer 21
Build Tech layer 23
Build Tech layer 39
Build Tech layer 41
Build Tech layer 43
Build Tech layer 45
Build Tech layer 47
Build Tech layer 49
Build Tech layer 51
Build Tech layer 53
Build Tech layer 55
Build Tech layer 57
Build Tech layer 59
Build Tech layer 61
Build Tech layer 63
Build Tech layer 65
Build Tech layer 67
Build Tech layer 69
Build Tech layer 71
Build Tech layer 73
Build Tech layer 75
Build Tech layer 77
Build Tech layer 79
Build Tech layer 81
Build Tech layer 83
Build Tech layer 85
Build Tech layer 87
Build Tech layer 89
Build Tech layer 91
Build Tech layer 93
Build Tech layer 95
Build Tech layer 97
Build Tech layer 99
Build Tech layer 101
Build Tech layer 103
Build Tech layer 105
Build Tech layer 107
Build Tech layer 109
Build Tech layer 111
Build Tech layer 113
Build Tech layer 115
Build Tech layer 117
Build Tech layer 119
Build Tech layer 121
Build Tech layer 123
Build Tech layer 125
Build Tech layer 127
Simplifying copper layer polygons
Calculating plated copper
Simplify holes contours
Build BVH for holes and vias
Load Raytracing: board
Load Raytracing: layers
Loading 3D models...
Reload time 0.366 s
Rendering: 100 %
Rendering time 0.177 s
Successfully created 3D render image
2026-09-26T04:31:10.565+00:00 [NBP11_Xilinx_Spartan-III_BGA456_Rev1.01/render-zoe4hw46] Frame 69/72 finished in 1.575s
2026-09-26T04:31:10.565+00:00 [NBP11_Xilinx_Spartan-III_BGA456_Rev1.01/render-zoe4hw46] Frame 70/72 started; angle=345
2026-09-26T04:31:11.890+00:00 [NBP11_Xilinx_Spartan-III_BGA456_Rev1.01/render-zoe4hw46] Frame 70 stdout: Loading…
Build board outline

Create layers
Create tracks and vias
Create zones
Build Tech layers
Build Tech layer 11
Build Tech layer 9
Build Tech layer 15
Build Tech layer 13
Build Tech layer 7
Build Tech layer 5
Build Tech layer 3
Build Tech layer 1
Build Tech layer 17
Build Tech layer 19
Build Tech layer 21
Build Tech layer 23
Build Tech layer 39
Build Tech layer 41
Build Tech layer 43
Build Tech layer 45
Build Tech layer 47
Build Tech layer 49
Build Tech layer 51
Build Tech layer 53
Build Tech layer 55
Build Tech layer 57
Build Tech layer 59
Build Tech layer 61
Build Tech layer 63
Build Tech layer 65
Build Tech layer 67
Build Tech layer 69
Build Tech layer 71
Build Tech layer 73
Build Tech layer 75
Build Tech layer 77
Build Tech layer 79
Build Tech layer 81
Build Tech layer 83
Build Tech layer 85
Build Tech layer 87
Build Tech layer 89
Build Tech layer 91
Build Tech layer 93
Build Tech layer 95
Build Tech layer 97
Build Tech layer 99
Build Tech layer 101
Build Tech layer 103
Build Tech layer 105
Build Tech layer 107
Build Tech layer 109
Build Tech layer 111
Build Tech layer 113
Build Tech layer 115
Build Tech layer 117
Build Tech layer 119
Build Tech layer 121
Build Tech layer 123
Build Tech layer 125
Build Tech layer 127
Simplifying copper layer polygons
Calculating plated copper
Simplify holes contours
Build BVH for holes and vias
Load Raytracing: board
Load Raytracing: layers
Loading 3D models...
Reload time 0.357 s
Rendering: 100 %
Rendering time 0.206 s
Successfully created 3D render image
2026-09-26T04:31:11.901+00:00 [NBP11_Xilinx_Spartan-III_BGA456_Rev1.01/render-zoe4hw46] Frame 70/72 finished in 1.336s
2026-09-26T04:31:11.901+00:00 [NBP11_Xilinx_Spartan-III_BGA456_Rev1.01/render-zoe4hw46] Frame 71/72 started; angle=350
2026-09-26T04:31:13.507+00:00 [NBP11_Xilinx_Spartan-III_BGA456_Rev1.01/render-zoe4hw46] Frame 71 stdout: Loading…
Build board outline

Create layers
Create tracks and vias
Create zones
Build Tech layers
Build Tech layer 11
Build Tech layer 9
Build Tech layer 15
Build Tech layer 13
Build Tech layer 7
Build Tech layer 5
Build Tech layer 3
Build Tech layer 1
Build Tech layer 17
Build Tech layer 19
Build Tech layer 21
Build Tech layer 23
Build Tech layer 39
Build Tech layer 41
Build Tech layer 43
Build Tech layer 45
Build Tech layer 47
Build Tech layer 49
Build Tech layer 51
Build Tech layer 53
Build Tech layer 55
Build Tech layer 57
Build Tech layer 59
Build Tech layer 61
Build Tech layer 63
Build Tech layer 65
Build Tech layer 67
Build Tech layer 69
Build Tech layer 71
Build Tech layer 73
Build Tech layer 75
Build Tech layer 77
Build Tech layer 79
Build Tech layer 81
Build Tech layer 83
Build Tech layer 85
Build Tech layer 87
Build Tech layer 89
Build Tech layer 91
Build Tech layer 93
Build Tech layer 95
Build Tech layer 97
Build Tech layer 99
Build Tech layer 101
Build Tech layer 103
Build Tech layer 105
Build Tech layer 107
Build Tech layer 109
Build Tech layer 111
Build Tech layer 113
Build Tech layer 115
Build Tech layer 117
Build Tech layer 119
Build Tech layer 121
Build Tech layer 123
Build Tech layer 125
Build Tech layer 127
Simplifying copper layer polygons
Calculating plated copper
Simplify holes contours
Build BVH for holes and vias
Load Raytracing: board
Load Raytracing: layers
Loading 3D models...
Reload time 0.504 s
Rendering: 100 %
Rendering time 0.171 s
Successfully created 3D render image
2026-09-26T04:31:13.518+00:00 [NBP11_Xilinx_Spartan-III_BGA456_Rev1.01/render-zoe4hw46] Frame 71/72 finished in 1.617s
2026-09-26T04:31:13.518+00:00 [NBP11_Xilinx_Spartan-III_BGA456_Rev1.01/render-zoe4hw46] Frame 72/72 started; angle=355
2026-09-26T04:31:14.717+00:00 [NBP11_Xilinx_Spartan-III_BGA456_Rev1.01/render-zoe4hw46] Frame 72 stdout: Loading…
Build board outline

Create layers
Create tracks and vias
Create zones
Build Tech layers
Build Tech layer 11
Build Tech layer 9
Build Tech layer 15
Build Tech layer 13
Build Tech layer 7
Build Tech layer 5
Build Tech layer 3
Build Tech layer 1
Build Tech layer 17
Build Tech layer 19
Build Tech layer 21
Build Tech layer 23
Build Tech layer 39
Build Tech layer 41
Build Tech layer 43
Build Tech layer 45
Build Tech layer 47
Build Tech layer 49
Build Tech layer 51
Build Tech layer 53
Build Tech layer 55
Build Tech layer 57
Build Tech layer 59
Build Tech layer 61
Build Tech layer 63
Build Tech layer 65
Build Tech layer 67
Build Tech layer 69
Build Tech layer 71
Build Tech layer 73
Build Tech layer 75
Build Tech layer 77
Build Tech layer 79
Build Tech layer 81
Build Tech layer 83
Build Tech layer 85
Build Tech layer 87
Build Tech layer 89
Build Tech layer 91
Build Tech layer 93
Build Tech layer 95
Build Tech layer 97
Build Tech layer 99
Build Tech layer 101
Build Tech layer 103
Build Tech layer 105
Build Tech layer 107
Build Tech layer 109
Build Tech layer 111
Build Tech layer 113
Build Tech layer 115
Build Tech layer 117
Build Tech layer 119
Build Tech layer 121
Build Tech layer 123
Build Tech layer 125
Build Tech layer 127
Simplifying copper layer polygons
Calculating plated copper
Simplify holes contours
Build BVH for holes and vias
Load Raytracing: board
Load Raytracing: layers
Loading 3D models...
Reload time 0.302 s
Rendering: 100 %
Rendering time 0.177 s
Successfully created 3D render image
2026-09-26T04:31:14.726+00:00 [NBP11_Xilinx_Spartan-III_BGA456_Rev1.01/render-zoe4hw46] Frame 72/72 finished in 1.208s
2026-09-26T04:31:15.214+00:00 [NBP11_Xilinx_Spartan-III_BGA456_Rev1.01/render-zoe4hw46] GIF assembly finished in 0.487s; 3583006 bytes
2026-09-26T04:31:15.282+00:00 [NBP11_Xilinx_Spartan-III_BGA456_Rev1.01/render-zoe4hw46] GIF uploaded to /boards/altium/NBP11_Xilinx_Spartan-III_BGA456_Rev1.01/updated_pcb_file_spin.gif in 0.068s
2026-09-26T04:31:15.282+00:00 [NBP11_Xilinx_Spartan-III_BGA456_Rev1.01/render-zoe4hw46] Elapsed 100.362s; publishing log to /boards/altium/NBP11_Xilinx_Spartan-III_BGA456_Rev1.01/updated_pcb_file_spin.log
