2026-09-26T04:39:06.713+00:00 [stm32_board_4_layer/render-nxjjm80k] Started 72 frames at 900x640; scratch=/tmp/autocuro-spin/stm32_board_4_layer/render-nxjjm80k
2026-09-26T04:39:06.737+00:00 [stm32_board_4_layer/render-nxjjm80k] Model unavailable, keeping reference: ${KIPRJMOD}/ul_BQ25185DLHR/WSON10_DLH_TEX.step
2026-09-26T04:39:06.738+00:00 [stm32_board_4_layer/render-nxjjm80k] Model unavailable, keeping reference: ${KIPRJMOD}/IS66WVS2M8BLL-104NLI/SOIC8_150MIL_N_ISI.step
2026-09-26T04:39:06.740+00:00 [stm32_board_4_layer/render-nxjjm80k] Model unavailable, keeping reference: ${KIPRJMOD}/MSD_1_A/CUI MSD-1-A DigiKey/Part Studio 1 - Part 1.step
2026-09-26T04:39:06.754+00:00 [stm32_board_4_layer/render-nxjjm80k] Staged board locally; copied 0 external model(s)
2026-09-26T04:39:06.754+00:00 [stm32_board_4_layer/render-nxjjm80k] Input staging took 0.041s
2026-09-26T04:39:06.754+00:00 [stm32_board_4_layer/render-nxjjm80k] Frame 1/72 started; angle=0
2026-09-26T04:39:10.729+00:00 [stm32_board_4_layer/render-nxjjm80k] Frame 1 stdout: Loading…
Build board outline

Create layers
Create tracks and vias
Create zones
Build Tech layers
Build Tech layer 11
Build Tech layer 9
Build Tech layer 15
Build Tech layer 13
Build Tech layer 7
Build Tech layer 5
Build Tech layer 3
Build Tech layer 1
Build Tech layer 17
Build Tech layer 19
Build Tech layer 21
Build Tech layer 23
Build Tech layer 39
Build Tech layer 41
Build Tech layer 43
Build Tech layer 45
Build Tech layer 47
Build Tech layer 49
Build Tech layer 51
Build Tech layer 53
Build Tech layer 55
Build Tech layer 57
Build Tech layer 59
Build Tech layer 61
Build Tech layer 63
Build Tech layer 65
Build Tech layer 67
Build Tech layer 69
Build Tech layer 71
Build Tech layer 73
Build Tech layer 75
Build Tech layer 77
Build Tech layer 79
Build Tech layer 81
Build Tech layer 83
Build Tech layer 85
Build Tech layer 87
Build Tech layer 89
Build Tech layer 91
Build Tech layer 93
Build Tech layer 95
Build Tech layer 97
Build Tech layer 99
Build Tech layer 101
Build Tech layer 103
Build Tech layer 105
Build Tech layer 107
Build Tech layer 109
Build Tech layer 111
Build Tech layer 113
Build Tech layer 115
Build Tech layer 117
Build Tech layer 119
Build Tech layer 121
Build Tech layer 123
Build Tech layer 125
Build Tech layer 127
Simplifying copper layer polygons
Calculating plated copper
Simplify holes contours
Build BVH for holes and vias
Load Raytracing: board
Load Raytracing: layers
Loading 3D models...
Reload time 3.039 s
Rendering: 100 %
Rendering time 0.164 s
Successfully created 3D render image
2026-09-26T04:39:10.739+00:00 [stm32_board_4_layer/render-nxjjm80k] Frame 1/72 finished in 3.985s
2026-09-26T04:39:10.739+00:00 [stm32_board_4_layer/render-nxjjm80k] Frame 2/72 started; angle=5
2026-09-26T04:39:12.132+00:00 [stm32_board_4_layer/render-nxjjm80k] Frame 2 stdout: Loading…
Build board outline

Create layers
Create tracks and vias
Create zones
Build Tech layers
Build Tech layer 11
Build Tech layer 9
Build Tech layer 15
Build Tech layer 13
Build Tech layer 7
Build Tech layer 5
Build Tech layer 3
Build Tech layer 1
Build Tech layer 17
Build Tech layer 19
Build Tech layer 21
Build Tech layer 23
Build Tech layer 39
Build Tech layer 41
Build Tech layer 43
Build Tech layer 45
Build Tech layer 47
Build Tech layer 49
Build Tech layer 51
Build Tech layer 53
Build Tech layer 55
Build Tech layer 57
Build Tech layer 59
Build Tech layer 61
Build Tech layer 63
Build Tech layer 65
Build Tech layer 67
Build Tech layer 69
Build Tech layer 71
Build Tech layer 73
Build Tech layer 75
Build Tech layer 77
Build Tech layer 79
Build Tech layer 81
Build Tech layer 83
Build Tech layer 85
Build Tech layer 87
Build Tech layer 89
Build Tech layer 91
Build Tech layer 93
Build Tech layer 95
Build Tech layer 97
Build Tech layer 99
Build Tech layer 101
Build Tech layer 103
Build Tech layer 105
Build Tech layer 107
Build Tech layer 109
Build Tech layer 111
Build Tech layer 113
Build Tech layer 115
Build Tech layer 117
Build Tech layer 119
Build Tech layer 121
Build Tech layer 123
Build Tech layer 125
Build Tech layer 127
Simplifying copper layer polygons
Calculating plated copper
Simplify holes contours
Build BVH for holes and vias
Load Raytracing: board
Load Raytracing: layers
Loading 3D models...
Reload time 0.499 s
Rendering: 100 %
Rendering time 0.162 s
Successfully created 3D render image
2026-09-26T04:39:12.142+00:00 [stm32_board_4_layer/render-nxjjm80k] Frame 2/72 finished in 1.403s
2026-09-26T04:39:12.142+00:00 [stm32_board_4_layer/render-nxjjm80k] Frame 3/72 started; angle=10
2026-09-26T04:39:13.743+00:00 [stm32_board_4_layer/render-nxjjm80k] Frame 3 stdout: Loading…
Build board outline

Create layers
Create tracks and vias
Create zones
Build Tech layers
Build Tech layer 11
Build Tech layer 9
Build Tech layer 15
Build Tech layer 13
Build Tech layer 7
Build Tech layer 5
Build Tech layer 3
Build Tech layer 1
Build Tech layer 17
Build Tech layer 19
Build Tech layer 21
Build Tech layer 23
Build Tech layer 39
Build Tech layer 41
Build Tech layer 43
Build Tech layer 45
Build Tech layer 47
Build Tech layer 49
Build Tech layer 51
Build Tech layer 53
Build Tech layer 55
Build Tech layer 57
Build Tech layer 59
Build Tech layer 61
Build Tech layer 63
Build Tech layer 65
Build Tech layer 67
Build Tech layer 69
Build Tech layer 71
Build Tech layer 73
Build Tech layer 75
Build Tech layer 77
Build Tech layer 79
Build Tech layer 81
Build Tech layer 83
Build Tech layer 85
Build Tech layer 87
Build Tech layer 89
Build Tech layer 91
Build Tech layer 93
Build Tech layer 95
Build Tech layer 97
Build Tech layer 99
Build Tech layer 101
Build Tech layer 103
Build Tech layer 105
Build Tech layer 107
Build Tech layer 109
Build Tech layer 111
Build Tech layer 113
Build Tech layer 115
Build Tech layer 117
Build Tech layer 119
Build Tech layer 121
Build Tech layer 123
Build Tech layer 125
Build Tech layer 127
Simplifying copper layer polygons
Calculating plated copper
Simplify holes contours
Build BVH for holes and vias
Load Raytracing: board
Load Raytracing: layers
Loading 3D models...
Reload time 0.460 s
Rendering: 100 %
Rendering time 0.186 s
Successfully created 3D render image
2026-09-26T04:39:13.761+00:00 [stm32_board_4_layer/render-nxjjm80k] Frame 3/72 finished in 1.619s
2026-09-26T04:39:13.761+00:00 [stm32_board_4_layer/render-nxjjm80k] Frame 4/72 started; angle=15
2026-09-26T04:39:15.057+00:00 [stm32_board_4_layer/render-nxjjm80k] Frame 4 stdout: Loading…
Build board outline

Create layers
Create tracks and vias
Create zones
Build Tech layers
Build Tech layer 11
Build Tech layer 9
Build Tech layer 15
Build Tech layer 13
Build Tech layer 7
Build Tech layer 5
Build Tech layer 3
Build Tech layer 1
Build Tech layer 17
Build Tech layer 19
Build Tech layer 21
Build Tech layer 23
Build Tech layer 39
Build Tech layer 41
Build Tech layer 43
Build Tech layer 45
Build Tech layer 47
Build Tech layer 49
Build Tech layer 51
Build Tech layer 53
Build Tech layer 55
Build Tech layer 57
Build Tech layer 59
Build Tech layer 61
Build Tech layer 63
Build Tech layer 65
Build Tech layer 67
Build Tech layer 69
Build Tech layer 71
Build Tech layer 73
Build Tech layer 75
Build Tech layer 77
Build Tech layer 79
Build Tech layer 81
Build Tech layer 83
Build Tech layer 85
Build Tech layer 87
Build Tech layer 89
Build Tech layer 91
Build Tech layer 93
Build Tech layer 95
Build Tech layer 97
Build Tech layer 99
Build Tech layer 101
Build Tech layer 103
Build Tech layer 105
Build Tech layer 107
Build Tech layer 109
Build Tech layer 111
Build Tech layer 113
Build Tech layer 115
Build Tech layer 117
Build Tech layer 119
Build Tech layer 121
Build Tech layer 123
Build Tech layer 125
Build Tech layer 127
Simplifying copper layer polygons
Calculating plated copper
Simplify holes contours
Build BVH for holes and vias
Load Raytracing: board
Load Raytracing: layers
Loading 3D models...
Reload time 0.524 s
Rendering: 100 %
Rendering time 0.183 s
Successfully created 3D render image
2026-09-26T04:39:15.067+00:00 [stm32_board_4_layer/render-nxjjm80k] Frame 4/72 finished in 1.306s
2026-09-26T04:39:15.067+00:00 [stm32_board_4_layer/render-nxjjm80k] Frame 5/72 started; angle=20
2026-09-26T04:39:16.336+00:00 [stm32_board_4_layer/render-nxjjm80k] Frame 5 stdout: Loading…
Build board outline

Create layers
Create tracks and vias
Create zones
Build Tech layers
Build Tech layer 11
Build Tech layer 9
Build Tech layer 15
Build Tech layer 13
Build Tech layer 7
Build Tech layer 5
Build Tech layer 3
Build Tech layer 1
Build Tech layer 17
Build Tech layer 19
Build Tech layer 21
Build Tech layer 23
Build Tech layer 39
Build Tech layer 41
Build Tech layer 43
Build Tech layer 45
Build Tech layer 47
Build Tech layer 49
Build Tech layer 51
Build Tech layer 53
Build Tech layer 55
Build Tech layer 57
Build Tech layer 59
Build Tech layer 61
Build Tech layer 63
Build Tech layer 65
Build Tech layer 67
Build Tech layer 69
Build Tech layer 71
Build Tech layer 73
Build Tech layer 75
Build Tech layer 77
Build Tech layer 79
Build Tech layer 81
Build Tech layer 83
Build Tech layer 85
Build Tech layer 87
Build Tech layer 89
Build Tech layer 91
Build Tech layer 93
Build Tech layer 95
Build Tech layer 97
Build Tech layer 99
Build Tech layer 101
Build Tech layer 103
Build Tech layer 105
Build Tech layer 107
Build Tech layer 109
Build Tech layer 111
Build Tech layer 113
Build Tech layer 115
Build Tech layer 117
Build Tech layer 119
Build Tech layer 121
Build Tech layer 123
Build Tech layer 125
Build Tech layer 127
Simplifying copper layer polygons
Calculating plated copper
Simplify holes contours
Build BVH for holes and vias
Load Raytracing: board
Load Raytracing: layers
Loading 3D models...
Reload time 0.483 s
Rendering: 100 %
Rendering time 0.159 s
Successfully created 3D render image
2026-09-26T04:39:16.347+00:00 [stm32_board_4_layer/render-nxjjm80k] Frame 5/72 finished in 1.280s
2026-09-26T04:39:16.347+00:00 [stm32_board_4_layer/render-nxjjm80k] Frame 6/72 started; angle=25
2026-09-26T04:39:17.838+00:00 [stm32_board_4_layer/render-nxjjm80k] Frame 6 stdout: Loading…
Build board outline

Create layers
Create tracks and vias
Create zones
Build Tech layers
Build Tech layer 11
Build Tech layer 9
Build Tech layer 15
Build Tech layer 13
Build Tech layer 7
Build Tech layer 5
Build Tech layer 3
Build Tech layer 1
Build Tech layer 17
Build Tech layer 19
Build Tech layer 21
Build Tech layer 23
Build Tech layer 39
Build Tech layer 41
Build Tech layer 43
Build Tech layer 45
Build Tech layer 47
Build Tech layer 49
Build Tech layer 51
Build Tech layer 53
Build Tech layer 55
Build Tech layer 57
Build Tech layer 59
Build Tech layer 61
Build Tech layer 63
Build Tech layer 65
Build Tech layer 67
Build Tech layer 69
Build Tech layer 71
Build Tech layer 73
Build Tech layer 75
Build Tech layer 77
Build Tech layer 79
Build Tech layer 81
Build Tech layer 83
Build Tech layer 85
Build Tech layer 87
Build Tech layer 89
Build Tech layer 91
Build Tech layer 93
Build Tech layer 95
Build Tech layer 97
Build Tech layer 99
Build Tech layer 101
Build Tech layer 103
Build Tech layer 105
Build Tech layer 107
Build Tech layer 109
Build Tech layer 111
Build Tech layer 113
Build Tech layer 115
Build Tech layer 117
Build Tech layer 119
Build Tech layer 121
Build Tech layer 123
Build Tech layer 125
Build Tech layer 127
Simplifying copper layer polygons
Calculating plated copper
Simplify holes contours
Build BVH for holes and vias
Load Raytracing: board
Load Raytracing: layers
Loading 3D models...
Reload time 0.541 s
Rendering: 100 %
Rendering time 0.152 s
Successfully created 3D render image
2026-09-26T04:39:17.848+00:00 [stm32_board_4_layer/render-nxjjm80k] Frame 6/72 finished in 1.502s
2026-09-26T04:39:17.849+00:00 [stm32_board_4_layer/render-nxjjm80k] Frame 7/72 started; angle=30
2026-09-26T04:39:19.138+00:00 [stm32_board_4_layer/render-nxjjm80k] Frame 7 stdout: Loading…
Build board outline

Create layers
Create tracks and vias
Create zones
Build Tech layers
Build Tech layer 11
Build Tech layer 9
Build Tech layer 15
Build Tech layer 13
Build Tech layer 7
Build Tech layer 5
Build Tech layer 3
Build Tech layer 1
Build Tech layer 17
Build Tech layer 19
Build Tech layer 21
Build Tech layer 23
Build Tech layer 39
Build Tech layer 41
Build Tech layer 43
Build Tech layer 45
Build Tech layer 47
Build Tech layer 49
Build Tech layer 51
Build Tech layer 53
Build Tech layer 55
Build Tech layer 57
Build Tech layer 59
Build Tech layer 61
Build Tech layer 63
Build Tech layer 65
Build Tech layer 67
Build Tech layer 69
Build Tech layer 71
Build Tech layer 73
Build Tech layer 75
Build Tech layer 77
Build Tech layer 79
Build Tech layer 81
Build Tech layer 83
Build Tech layer 85
Build Tech layer 87
Build Tech layer 89
Build Tech layer 91
Build Tech layer 93
Build Tech layer 95
Build Tech layer 97
Build Tech layer 99
Build Tech layer 101
Build Tech layer 103
Build Tech layer 105
Build Tech layer 107
Build Tech layer 109
Build Tech layer 111
Build Tech layer 113
Build Tech layer 115
Build Tech layer 117
Build Tech layer 119
Build Tech layer 121
Build Tech layer 123
Build Tech layer 125
Build Tech layer 127
Simplifying copper layer polygons
Calculating plated copper
Simplify holes contours
Build BVH for holes and vias
Load Raytracing: board
Load Raytracing: layers
Loading 3D models...
Reload time 0.528 s
Rendering: 100 %
Rendering time 0.152 s
Successfully created 3D render image
2026-09-26T04:39:19.148+00:00 [stm32_board_4_layer/render-nxjjm80k] Frame 7/72 finished in 1.300s
2026-09-26T04:39:19.148+00:00 [stm32_board_4_layer/render-nxjjm80k] Frame 8/72 started; angle=35
2026-09-26T04:39:20.468+00:00 [stm32_board_4_layer/render-nxjjm80k] Frame 8 stdout: Loading…
Build board outline

Create layers
Create tracks and vias
Create zones
Build Tech layers
Build Tech layer 11
Build Tech layer 9
Build Tech layer 15
Build Tech layer 13
Build Tech layer 7
Build Tech layer 5
Build Tech layer 3
Build Tech layer 1
Build Tech layer 17
Build Tech layer 19
Build Tech layer 21
Build Tech layer 23
Build Tech layer 39
Build Tech layer 41
Build Tech layer 43
Build Tech layer 45
Build Tech layer 47
Build Tech layer 49
Build Tech layer 51
Build Tech layer 53
Build Tech layer 55
Build Tech layer 57
Build Tech layer 59
Build Tech layer 61
Build Tech layer 63
Build Tech layer 65
Build Tech layer 67
Build Tech layer 69
Build Tech layer 71
Build Tech layer 73
Build Tech layer 75
Build Tech layer 77
Build Tech layer 79
Build Tech layer 81
Build Tech layer 83
Build Tech layer 85
Build Tech layer 87
Build Tech layer 89
Build Tech layer 91
Build Tech layer 93
Build Tech layer 95
Build Tech layer 97
Build Tech layer 99
Build Tech layer 101
Build Tech layer 103
Build Tech layer 105
Build Tech layer 107
Build Tech layer 109
Build Tech layer 111
Build Tech layer 113
Build Tech layer 115
Build Tech layer 117
Build Tech layer 119
Build Tech layer 121
Build Tech layer 123
Build Tech layer 125
Build Tech layer 127
Simplifying copper layer polygons
Calculating plated copper
Simplify holes contours
Build BVH for holes and vias
Load Raytracing: board
Load Raytracing: layers
Loading 3D models...
Reload time 0.479 s
Rendering: 100 %
Rendering time 0.137 s
Successfully created 3D render image
2026-09-26T04:39:20.481+00:00 [stm32_board_4_layer/render-nxjjm80k] Frame 8/72 finished in 1.333s
2026-09-26T04:39:20.481+00:00 [stm32_board_4_layer/render-nxjjm80k] Frame 9/72 started; angle=40
2026-09-26T04:39:21.867+00:00 [stm32_board_4_layer/render-nxjjm80k] Frame 9 stdout: Loading…
Build board outline

Create layers
Create tracks and vias
Create zones
Build Tech layers
Build Tech layer 11
Build Tech layer 9
Build Tech layer 15
Build Tech layer 13
Build Tech layer 7
Build Tech layer 5
Build Tech layer 3
Build Tech layer 1
Build Tech layer 17
Build Tech layer 19
Build Tech layer 21
Build Tech layer 23
Build Tech layer 39
Build Tech layer 41
Build Tech layer 43
Build Tech layer 45
Build Tech layer 47
Build Tech layer 49
Build Tech layer 51
Build Tech layer 53
Build Tech layer 55
Build Tech layer 57
Build Tech layer 59
Build Tech layer 61
Build Tech layer 63
Build Tech layer 65
Build Tech layer 67
Build Tech layer 69
Build Tech layer 71
Build Tech layer 73
Build Tech layer 75
Build Tech layer 77
Build Tech layer 79
Build Tech layer 81
Build Tech layer 83
Build Tech layer 85
Build Tech layer 87
Build Tech layer 89
Build Tech layer 91
Build Tech layer 93
Build Tech layer 95
Build Tech layer 97
Build Tech layer 99
Build Tech layer 101
Build Tech layer 103
Build Tech layer 105
Build Tech layer 107
Build Tech layer 109
Build Tech layer 111
Build Tech layer 113
Build Tech layer 115
Build Tech layer 117
Build Tech layer 119
Build Tech layer 121
Build Tech layer 123
Build Tech layer 125
Build Tech layer 127
Simplifying copper layer polygons
Calculating plated copper
Simplify holes contours
Build BVH for holes and vias
Load Raytracing: board
Load Raytracing: layers
Loading 3D models...
Reload time 0.472 s
Rendering: 100 %
Rendering time 0.167 s
Successfully created 3D render image
2026-09-26T04:39:21.876+00:00 [stm32_board_4_layer/render-nxjjm80k] Frame 9/72 finished in 1.396s
2026-09-26T04:39:21.877+00:00 [stm32_board_4_layer/render-nxjjm80k] Frame 10/72 started; angle=45
2026-09-26T04:39:23.092+00:00 [stm32_board_4_layer/render-nxjjm80k] Frame 10 stdout: Loading…
Build board outline

Create layers
Create tracks and vias
Create zones
Build Tech layers
Build Tech layer 11
Build Tech layer 9
Build Tech layer 15
Build Tech layer 13
Build Tech layer 7
Build Tech layer 5
Build Tech layer 3
Build Tech layer 1
Build Tech layer 17
Build Tech layer 19
Build Tech layer 21
Build Tech layer 23
Build Tech layer 39
Build Tech layer 41
Build Tech layer 43
Build Tech layer 45
Build Tech layer 47
Build Tech layer 49
Build Tech layer 51
Build Tech layer 53
Build Tech layer 55
Build Tech layer 57
Build Tech layer 59
Build Tech layer 61
Build Tech layer 63
Build Tech layer 65
Build Tech layer 67
Build Tech layer 69
Build Tech layer 71
Build Tech layer 73
Build Tech layer 75
Build Tech layer 77
Build Tech layer 79
Build Tech layer 81
Build Tech layer 83
Build Tech layer 85
Build Tech layer 87
Build Tech layer 89
Build Tech layer 91
Build Tech layer 93
Build Tech layer 95
Build Tech layer 97
Build Tech layer 99
Build Tech layer 101
Build Tech layer 103
Build Tech layer 105
Build Tech layer 107
Build Tech layer 109
Build Tech layer 111
Build Tech layer 113
Build Tech layer 115
Build Tech layer 117
Build Tech layer 119
Build Tech layer 121
Build Tech layer 123
Build Tech layer 125
Build Tech layer 127
Simplifying copper layer polygons
Calculating plated copper
Simplify holes contours
Build BVH for holes and vias
Load Raytracing: board
Load Raytracing: layers
Loading 3D models...
Reload time 0.513 s
Rendering: 100 %
Rendering time 0.127 s
Successfully created 3D render image
2026-09-26T04:39:23.100+00:00 [stm32_board_4_layer/render-nxjjm80k] Frame 10/72 finished in 1.224s
2026-09-26T04:39:23.100+00:00 [stm32_board_4_layer/render-nxjjm80k] Frame 11/72 started; angle=50
2026-09-26T04:39:24.346+00:00 [stm32_board_4_layer/render-nxjjm80k] Frame 11 stdout: Loading…
Build board outline

Create layers
Create tracks and vias
Create zones
Build Tech layers
Build Tech layer 11
Build Tech layer 9
Build Tech layer 15
Build Tech layer 13
Build Tech layer 7
Build Tech layer 5
Build Tech layer 3
Build Tech layer 1
Build Tech layer 17
Build Tech layer 19
Build Tech layer 21
Build Tech layer 23
Build Tech layer 39
Build Tech layer 41
Build Tech layer 43
Build Tech layer 45
Build Tech layer 47
Build Tech layer 49
Build Tech layer 51
Build Tech layer 53
Build Tech layer 55
Build Tech layer 57
Build Tech layer 59
Build Tech layer 61
Build Tech layer 63
Build Tech layer 65
Build Tech layer 67
Build Tech layer 69
Build Tech layer 71
Build Tech layer 73
Build Tech layer 75
Build Tech layer 77
Build Tech layer 79
Build Tech layer 81
Build Tech layer 83
Build Tech layer 85
Build Tech layer 87
Build Tech layer 89
Build Tech layer 91
Build Tech layer 93
Build Tech layer 95
Build Tech layer 97
Build Tech layer 99
Build Tech layer 101
Build Tech layer 103
Build Tech layer 105
Build Tech layer 107
Build Tech layer 109
Build Tech layer 111
Build Tech layer 113
Build Tech layer 115
Build Tech layer 117
Build Tech layer 119
Build Tech layer 121
Build Tech layer 123
Build Tech layer 125
Build Tech layer 127
Simplifying copper layer polygons
Calculating plated copper
Simplify holes contours
Build BVH for holes and vias
Load Raytracing: board
Load Raytracing: layers
Loading 3D models...
Reload time 0.475 s
Rendering: 100 %
Rendering time 0.143 s
Successfully created 3D render image
2026-09-26T04:39:24.355+00:00 [stm32_board_4_layer/render-nxjjm80k] Frame 11/72 finished in 1.255s
2026-09-26T04:39:24.355+00:00 [stm32_board_4_layer/render-nxjjm80k] Frame 12/72 started; angle=55
2026-09-26T04:39:25.676+00:00 [stm32_board_4_layer/render-nxjjm80k] Frame 12 stdout: Loading…
Build board outline

Create layers
Create tracks and vias
Create zones
Build Tech layers
Build Tech layer 11
Build Tech layer 9
Build Tech layer 15
Build Tech layer 13
Build Tech layer 7
Build Tech layer 5
Build Tech layer 3
Build Tech layer 1
Build Tech layer 17
Build Tech layer 19
Build Tech layer 21
Build Tech layer 23
Build Tech layer 39
Build Tech layer 41
Build Tech layer 43
Build Tech layer 45
Build Tech layer 47
Build Tech layer 49
Build Tech layer 51
Build Tech layer 53
Build Tech layer 55
Build Tech layer 57
Build Tech layer 59
Build Tech layer 61
Build Tech layer 63
Build Tech layer 65
Build Tech layer 67
Build Tech layer 69
Build Tech layer 71
Build Tech layer 73
Build Tech layer 75
Build Tech layer 77
Build Tech layer 79
Build Tech layer 81
Build Tech layer 83
Build Tech layer 85
Build Tech layer 87
Build Tech layer 89
Build Tech layer 91
Build Tech layer 93
Build Tech layer 95
Build Tech layer 97
Build Tech layer 99
Build Tech layer 101
Build Tech layer 103
Build Tech layer 105
Build Tech layer 107
Build Tech layer 109
Build Tech layer 111
Build Tech layer 113
Build Tech layer 115
Build Tech layer 117
Build Tech layer 119
Build Tech layer 121
Build Tech layer 123
Build Tech layer 125
Build Tech layer 127
Simplifying copper layer polygons
Calculating plated copper
Simplify holes contours
Build BVH for holes and vias
Load Raytracing: board
Load Raytracing: layers
Loading 3D models...
Reload time 0.465 s
Rendering: 100 %
Rendering time 0.215 s
Successfully created 3D render image
2026-09-26T04:39:25.684+00:00 [stm32_board_4_layer/render-nxjjm80k] Frame 12/72 finished in 1.329s
2026-09-26T04:39:25.684+00:00 [stm32_board_4_layer/render-nxjjm80k] Frame 13/72 started; angle=60
2026-09-26T04:39:26.795+00:00 [stm32_board_4_layer/render-nxjjm80k] Frame 13 stdout: Loading…
Build board outline

Create layers
Create tracks and vias
Create zones
Build Tech layers
Build Tech layer 11
Build Tech layer 9
Build Tech layer 15
Build Tech layer 13
Build Tech layer 7
Build Tech layer 5
Build Tech layer 3
Build Tech layer 1
Build Tech layer 17
Build Tech layer 19
Build Tech layer 21
Build Tech layer 23
Build Tech layer 39
Build Tech layer 41
Build Tech layer 43
Build Tech layer 45
Build Tech layer 47
Build Tech layer 49
Build Tech layer 51
Build Tech layer 53
Build Tech layer 55
Build Tech layer 57
Build Tech layer 59
Build Tech layer 61
Build Tech layer 63
Build Tech layer 65
Build Tech layer 67
Build Tech layer 69
Build Tech layer 71
Build Tech layer 73
Build Tech layer 75
Build Tech layer 77
Build Tech layer 79
Build Tech layer 81
Build Tech layer 83
Build Tech layer 85
Build Tech layer 87
Build Tech layer 89
Build Tech layer 91
Build Tech layer 93
Build Tech layer 95
Build Tech layer 97
Build Tech layer 99
Build Tech layer 101
Build Tech layer 103
Build Tech layer 105
Build Tech layer 107
Build Tech layer 109
Build Tech layer 111
Build Tech layer 113
Build Tech layer 115
Build Tech layer 117
Build Tech layer 119
Build Tech layer 121
Build Tech layer 123
Build Tech layer 125
Build Tech layer 127
Simplifying copper layer polygons
Calculating plated copper
Simplify holes contours
Build BVH for holes and vias
Load Raytracing: board
Load Raytracing: layers
Loading 3D models...
Reload time 0.439 s
Rendering: 100 %
Rendering time 0.104 s
Successfully created 3D render image
2026-09-26T04:39:26.809+00:00 [stm32_board_4_layer/render-nxjjm80k] Frame 13/72 finished in 1.125s
2026-09-26T04:39:26.809+00:00 [stm32_board_4_layer/render-nxjjm80k] Frame 14/72 started; angle=65
2026-09-26T04:39:28.090+00:00 [stm32_board_4_layer/render-nxjjm80k] Frame 14 stdout: Loading…
Build board outline

Create layers
Create tracks and vias
Create zones
Build Tech layers
Build Tech layer 11
Build Tech layer 9
Build Tech layer 15
Build Tech layer 13
Build Tech layer 7
Build Tech layer 5
Build Tech layer 3
Build Tech layer 1
Build Tech layer 17
Build Tech layer 19
Build Tech layer 21
Build Tech layer 23
Build Tech layer 39
Build Tech layer 41
Build Tech layer 43
Build Tech layer 45
Build Tech layer 47
Build Tech layer 49
Build Tech layer 51
Build Tech layer 53
Build Tech layer 55
Build Tech layer 57
Build Tech layer 59
Build Tech layer 61
Build Tech layer 63
Build Tech layer 65
Build Tech layer 67
Build Tech layer 69
Build Tech layer 71
Build Tech layer 73
Build Tech layer 75
Build Tech layer 77
Build Tech layer 79
Build Tech layer 81
Build Tech layer 83
Build Tech layer 85
Build Tech layer 87
Build Tech layer 89
Build Tech layer 91
Build Tech layer 93
Build Tech layer 95
Build Tech layer 97
Build Tech layer 99
Build Tech layer 101
Build Tech layer 103
Build Tech layer 105
Build Tech layer 107
Build Tech layer 109
Build Tech layer 111
Build Tech layer 113
Build Tech layer 115
Build Tech layer 117
Build Tech layer 119
Build Tech layer 121
Build Tech layer 123
Build Tech layer 125
Build Tech layer 127
Simplifying copper layer polygons
Calculating plated copper
Simplify holes contours
Build BVH for holes and vias
Load Raytracing: board
Load Raytracing: layers
Loading 3D models...
Reload time 0.448 s
Rendering: 100 %
Rendering time 0.091 s
Successfully created 3D render image
2026-09-26T04:39:28.098+00:00 [stm32_board_4_layer/render-nxjjm80k] Frame 14/72 finished in 1.289s
2026-09-26T04:39:28.098+00:00 [stm32_board_4_layer/render-nxjjm80k] Frame 15/72 started; angle=70
2026-09-26T04:39:29.244+00:00 [stm32_board_4_layer/render-nxjjm80k] Frame 15 stdout: Loading…
Build board outline

Create layers
Create tracks and vias
Create zones
Build Tech layers
Build Tech layer 11
Build Tech layer 9
Build Tech layer 15
Build Tech layer 13
Build Tech layer 7
Build Tech layer 5
Build Tech layer 3
Build Tech layer 1
Build Tech layer 17
Build Tech layer 19
Build Tech layer 21
Build Tech layer 23
Build Tech layer 39
Build Tech layer 41
Build Tech layer 43
Build Tech layer 45
Build Tech layer 47
Build Tech layer 49
Build Tech layer 51
Build Tech layer 53
Build Tech layer 55
Build Tech layer 57
Build Tech layer 59
Build Tech layer 61
Build Tech layer 63
Build Tech layer 65
Build Tech layer 67
Build Tech layer 69
Build Tech layer 71
Build Tech layer 73
Build Tech layer 75
Build Tech layer 77
Build Tech layer 79
Build Tech layer 81
Build Tech layer 83
Build Tech layer 85
Build Tech layer 87
Build Tech layer 89
Build Tech layer 91
Build Tech layer 93
Build Tech layer 95
Build Tech layer 97
Build Tech layer 99
Build Tech layer 101
Build Tech layer 103
Build Tech layer 105
Build Tech layer 107
Build Tech layer 109
Build Tech layer 111
Build Tech layer 113
Build Tech layer 115
Build Tech layer 117
Build Tech layer 119
Build Tech layer 121
Build Tech layer 123
Build Tech layer 125
Build Tech layer 127
Simplifying copper layer polygons
Calculating plated copper
Simplify holes contours
Build BVH for holes and vias
Load Raytracing: board
Load Raytracing: layers
Loading 3D models...
Reload time 0.419 s
Rendering: 100 %
Rendering time 0.080 s
Successfully created 3D render image
2026-09-26T04:39:29.251+00:00 [stm32_board_4_layer/render-nxjjm80k] Frame 15/72 finished in 1.153s
2026-09-26T04:39:29.251+00:00 [stm32_board_4_layer/render-nxjjm80k] Frame 16/72 started; angle=75
2026-09-26T04:39:30.322+00:00 [stm32_board_4_layer/render-nxjjm80k] Frame 16 stdout: Loading…
Build board outline

Create layers
Create tracks and vias
Create zones
Build Tech layers
Build Tech layer 11
Build Tech layer 9
Build Tech layer 15
Build Tech layer 13
Build Tech layer 7
Build Tech layer 5
Build Tech layer 3
Build Tech layer 1
Build Tech layer 17
Build Tech layer 19
Build Tech layer 21
Build Tech layer 23
Build Tech layer 39
Build Tech layer 41
Build Tech layer 43
Build Tech layer 45
Build Tech layer 47
Build Tech layer 49
Build Tech layer 51
Build Tech layer 53
Build Tech layer 55
Build Tech layer 57
Build Tech layer 59
Build Tech layer 61
Build Tech layer 63
Build Tech layer 65
Build Tech layer 67
Build Tech layer 69
Build Tech layer 71
Build Tech layer 73
Build Tech layer 75
Build Tech layer 77
Build Tech layer 79
Build Tech layer 81
Build Tech layer 83
Build Tech layer 85
Build Tech layer 87
Build Tech layer 89
Build Tech layer 91
Build Tech layer 93
Build Tech layer 95
Build Tech layer 97
Build Tech layer 99
Build Tech layer 101
Build Tech layer 103
Build Tech layer 105
Build Tech layer 107
Build Tech layer 109
Build Tech layer 111
Build Tech layer 113
Build Tech layer 115
Build Tech layer 117
Build Tech layer 119
Build Tech layer 121
Build Tech layer 123
Build Tech layer 125
Build Tech layer 127
Simplifying copper layer polygons
Calculating plated copper
Simplify holes contours
Build BVH for holes and vias
Load Raytracing: board
Load Raytracing: layers
Loading 3D models...
Reload time 0.421 s
Rendering: 100 %
Rendering time 0.070 s
Successfully created 3D render image
2026-09-26T04:39:30.329+00:00 [stm32_board_4_layer/render-nxjjm80k] Frame 16/72 finished in 1.078s
2026-09-26T04:39:30.329+00:00 [stm32_board_4_layer/render-nxjjm80k] Frame 17/72 started; angle=80
2026-09-26T04:39:31.457+00:00 [stm32_board_4_layer/render-nxjjm80k] Frame 17 stdout: Loading…
Build board outline

Create layers
Create tracks and vias
Create zones
Build Tech layers
Build Tech layer 11
Build Tech layer 9
Build Tech layer 15
Build Tech layer 13
Build Tech layer 7
Build Tech layer 5
Build Tech layer 3
Build Tech layer 1
Build Tech layer 17
Build Tech layer 19
Build Tech layer 21
Build Tech layer 23
Build Tech layer 39
Build Tech layer 41
Build Tech layer 43
Build Tech layer 45
Build Tech layer 47
Build Tech layer 49
Build Tech layer 51
Build Tech layer 53
Build Tech layer 55
Build Tech layer 57
Build Tech layer 59
Build Tech layer 61
Build Tech layer 63
Build Tech layer 65
Build Tech layer 67
Build Tech layer 69
Build Tech layer 71
Build Tech layer 73
Build Tech layer 75
Build Tech layer 77
Build Tech layer 79
Build Tech layer 81
Build Tech layer 83
Build Tech layer 85
Build Tech layer 87
Build Tech layer 89
Build Tech layer 91
Build Tech layer 93
Build Tech layer 95
Build Tech layer 97
Build Tech layer 99
Build Tech layer 101
Build Tech layer 103
Build Tech layer 105
Build Tech layer 107
Build Tech layer 109
Build Tech layer 111
Build Tech layer 113
Build Tech layer 115
Build Tech layer 117
Build Tech layer 119
Build Tech layer 121
Build Tech layer 123
Build Tech layer 125
Build Tech layer 127
Simplifying copper layer polygons
Calculating plated copper
Simplify holes contours
Build BVH for holes and vias
Load Raytracing: board
Load Raytracing: layers
Loading 3D models...
Reload time 0.428 s
Rendering: 100 %
Rendering time 0.060 s
Successfully created 3D render image
2026-09-26T04:39:31.464+00:00 [stm32_board_4_layer/render-nxjjm80k] Frame 17/72 finished in 1.135s
2026-09-26T04:39:31.464+00:00 [stm32_board_4_layer/render-nxjjm80k] Frame 18/72 started; angle=85
2026-09-26T04:39:32.609+00:00 [stm32_board_4_layer/render-nxjjm80k] Frame 18 stdout: Loading…
Build board outline

Create layers
Create tracks and vias
Create zones
Build Tech layers
Build Tech layer 11
Build Tech layer 9
Build Tech layer 15
Build Tech layer 13
Build Tech layer 7
Build Tech layer 5
Build Tech layer 3
Build Tech layer 1
Build Tech layer 17
Build Tech layer 19
Build Tech layer 21
Build Tech layer 23
Build Tech layer 39
Build Tech layer 41
Build Tech layer 43
Build Tech layer 45
Build Tech layer 47
Build Tech layer 49
Build Tech layer 51
Build Tech layer 53
Build Tech layer 55
Build Tech layer 57
Build Tech layer 59
Build Tech layer 61
Build Tech layer 63
Build Tech layer 65
Build Tech layer 67
Build Tech layer 69
Build Tech layer 71
Build Tech layer 73
Build Tech layer 75
Build Tech layer 77
Build Tech layer 79
Build Tech layer 81
Build Tech layer 83
Build Tech layer 85
Build Tech layer 87
Build Tech layer 89
Build Tech layer 91
Build Tech layer 93
Build Tech layer 95
Build Tech layer 97
Build Tech layer 99
Build Tech layer 101
Build Tech layer 103
Build Tech layer 105
Build Tech layer 107
Build Tech layer 109
Build Tech layer 111
Build Tech layer 113
Build Tech layer 115
Build Tech layer 117
Build Tech layer 119
Build Tech layer 121
Build Tech layer 123
Build Tech layer 125
Build Tech layer 127
Simplifying copper layer polygons
Calculating plated copper
Simplify holes contours
Build BVH for holes and vias
Load Raytracing: board
Load Raytracing: layers
Loading 3D models...
Reload time 0.425 s
Rendering: 100 %
Rendering time 0.050 s
Successfully created 3D render image
2026-09-26T04:39:32.615+00:00 [stm32_board_4_layer/render-nxjjm80k] Frame 18/72 finished in 1.151s
2026-09-26T04:39:32.615+00:00 [stm32_board_4_layer/render-nxjjm80k] Frame 19/72 started; angle=90
2026-09-26T04:39:33.737+00:00 [stm32_board_4_layer/render-nxjjm80k] Frame 19 stdout: Loading…
Build board outline

Create layers
Create tracks and vias
Create zones
Build Tech layers
Build Tech layer 11
Build Tech layer 9
Build Tech layer 15
Build Tech layer 13
Build Tech layer 7
Build Tech layer 5
Build Tech layer 3
Build Tech layer 1
Build Tech layer 17
Build Tech layer 19
Build Tech layer 21
Build Tech layer 23
Build Tech layer 39
Build Tech layer 41
Build Tech layer 43
Build Tech layer 45
Build Tech layer 47
Build Tech layer 49
Build Tech layer 51
Build Tech layer 53
Build Tech layer 55
Build Tech layer 57
Build Tech layer 59
Build Tech layer 61
Build Tech layer 63
Build Tech layer 65
Build Tech layer 67
Build Tech layer 69
Build Tech layer 71
Build Tech layer 73
Build Tech layer 75
Build Tech layer 77
Build Tech layer 79
Build Tech layer 81
Build Tech layer 83
Build Tech layer 85
Build Tech layer 87
Build Tech layer 89
Build Tech layer 91
Build Tech layer 93
Build Tech layer 95
Build Tech layer 97
Build Tech layer 99
Build Tech layer 101
Build Tech layer 103
Build Tech layer 105
Build Tech layer 107
Build Tech layer 109
Build Tech layer 111
Build Tech layer 113
Build Tech layer 115
Build Tech layer 117
Build Tech layer 119
Build Tech layer 121
Build Tech layer 123
Build Tech layer 125
Build Tech layer 127
Simplifying copper layer polygons
Calculating plated copper
Simplify holes contours
Build BVH for holes and vias
Load Raytracing: board
Load Raytracing: layers
Loading 3D models...
Reload time 0.426 s
Rendering: 100 %
Rendering time 0.040 s
Successfully created 3D render image
2026-09-26T04:39:33.742+00:00 [stm32_board_4_layer/render-nxjjm80k] Frame 19/72 finished in 1.127s
2026-09-26T04:39:33.742+00:00 [stm32_board_4_layer/render-nxjjm80k] Frame 20/72 started; angle=95
2026-09-26T04:39:34.905+00:00 [stm32_board_4_layer/render-nxjjm80k] Frame 20 stdout: Loading…
Build board outline

Create layers
Create tracks and vias
Create zones
Build Tech layers
Build Tech layer 11
Build Tech layer 9
Build Tech layer 15
Build Tech layer 13
Build Tech layer 7
Build Tech layer 5
Build Tech layer 3
Build Tech layer 1
Build Tech layer 17
Build Tech layer 19
Build Tech layer 21
Build Tech layer 23
Build Tech layer 39
Build Tech layer 41
Build Tech layer 43
Build Tech layer 45
Build Tech layer 47
Build Tech layer 49
Build Tech layer 51
Build Tech layer 53
Build Tech layer 55
Build Tech layer 57
Build Tech layer 59
Build Tech layer 61
Build Tech layer 63
Build Tech layer 65
Build Tech layer 67
Build Tech layer 69
Build Tech layer 71
Build Tech layer 73
Build Tech layer 75
Build Tech layer 77
Build Tech layer 79
Build Tech layer 81
Build Tech layer 83
Build Tech layer 85
Build Tech layer 87
Build Tech layer 89
Build Tech layer 91
Build Tech layer 93
Build Tech layer 95
Build Tech layer 97
Build Tech layer 99
Build Tech layer 101
Build Tech layer 103
Build Tech layer 105
Build Tech layer 107
Build Tech layer 109
Build Tech layer 111
Build Tech layer 113
Build Tech layer 115
Build Tech layer 117
Build Tech layer 119
Build Tech layer 121
Build Tech layer 123
Build Tech layer 125
Build Tech layer 127
Simplifying copper layer polygons
Calculating plated copper
Simplify holes contours
Build BVH for holes and vias
Load Raytracing: board
Load Raytracing: layers
Loading 3D models...
Reload time 0.420 s
Rendering: 100 %
Rendering time 0.061 s
Successfully created 3D render image
2026-09-26T04:39:34.911+00:00 [stm32_board_4_layer/render-nxjjm80k] Frame 20/72 finished in 1.169s
2026-09-26T04:39:34.911+00:00 [stm32_board_4_layer/render-nxjjm80k] Frame 21/72 started; angle=100
2026-09-26T04:39:36.027+00:00 [stm32_board_4_layer/render-nxjjm80k] Frame 21 stdout: Loading…
Build board outline

Create layers
Create tracks and vias
Create zones
Build Tech layers
Build Tech layer 11
Build Tech layer 9
Build Tech layer 15
Build Tech layer 13
Build Tech layer 7
Build Tech layer 5
Build Tech layer 3
Build Tech layer 1
Build Tech layer 17
Build Tech layer 19
Build Tech layer 21
Build Tech layer 23
Build Tech layer 39
Build Tech layer 41
Build Tech layer 43
Build Tech layer 45
Build Tech layer 47
Build Tech layer 49
Build Tech layer 51
Build Tech layer 53
Build Tech layer 55
Build Tech layer 57
Build Tech layer 59
Build Tech layer 61
Build Tech layer 63
Build Tech layer 65
Build Tech layer 67
Build Tech layer 69
Build Tech layer 71
Build Tech layer 73
Build Tech layer 75
Build Tech layer 77
Build Tech layer 79
Build Tech layer 81
Build Tech layer 83
Build Tech layer 85
Build Tech layer 87
Build Tech layer 89
Build Tech layer 91
Build Tech layer 93
Build Tech layer 95
Build Tech layer 97
Build Tech layer 99
Build Tech layer 101
Build Tech layer 103
Build Tech layer 105
Build Tech layer 107
Build Tech layer 109
Build Tech layer 111
Build Tech layer 113
Build Tech layer 115
Build Tech layer 117
Build Tech layer 119
Build Tech layer 121
Build Tech layer 123
Build Tech layer 125
Build Tech layer 127
Simplifying copper layer polygons
Calculating plated copper
Simplify holes contours
Build BVH for holes and vias
Load Raytracing: board
Load Raytracing: layers
Loading 3D models...
Reload time 0.418 s
Rendering: 100 %
Rendering time 0.075 s
Successfully created 3D render image
2026-09-26T04:39:36.034+00:00 [stm32_board_4_layer/render-nxjjm80k] Frame 21/72 finished in 1.125s
2026-09-26T04:39:36.034+00:00 [stm32_board_4_layer/render-nxjjm80k] Frame 22/72 started; angle=105
2026-09-26T04:39:37.178+00:00 [stm32_board_4_layer/render-nxjjm80k] Frame 22 stdout: Loading…
Build board outline

Create layers
Create tracks and vias
Create zones
Build Tech layers
Build Tech layer 11
Build Tech layer 9
Build Tech layer 15
Build Tech layer 13
Build Tech layer 7
Build Tech layer 5
Build Tech layer 3
Build Tech layer 1
Build Tech layer 17
Build Tech layer 19
Build Tech layer 21
Build Tech layer 23
Build Tech layer 39
Build Tech layer 41
Build Tech layer 43
Build Tech layer 45
Build Tech layer 47
Build Tech layer 49
Build Tech layer 51
Build Tech layer 53
Build Tech layer 55
Build Tech layer 57
Build Tech layer 59
Build Tech layer 61
Build Tech layer 63
Build Tech layer 65
Build Tech layer 67
Build Tech layer 69
Build Tech layer 71
Build Tech layer 73
Build Tech layer 75
Build Tech layer 77
Build Tech layer 79
Build Tech layer 81
Build Tech layer 83
Build Tech layer 85
Build Tech layer 87
Build Tech layer 89
Build Tech layer 91
Build Tech layer 93
Build Tech layer 95
Build Tech layer 97
Build Tech layer 99
Build Tech layer 101
Build Tech layer 103
Build Tech layer 105
Build Tech layer 107
Build Tech layer 109
Build Tech layer 111
Build Tech layer 113
Build Tech layer 115
Build Tech layer 117
Build Tech layer 119
Build Tech layer 121
Build Tech layer 123
Build Tech layer 125
Build Tech layer 127
Simplifying copper layer polygons
Calculating plated copper
Simplify holes contours
Build BVH for holes and vias
Load Raytracing: board
Load Raytracing: layers
Loading 3D models...
Reload time 0.406 s
Rendering: 100 %
Rendering time 0.090 s
Successfully created 3D render image
2026-09-26T04:39:37.185+00:00 [stm32_board_4_layer/render-nxjjm80k] Frame 22/72 finished in 1.151s
2026-09-26T04:39:37.185+00:00 [stm32_board_4_layer/render-nxjjm80k] Frame 23/72 started; angle=110
2026-09-26T04:39:38.347+00:00 [stm32_board_4_layer/render-nxjjm80k] Frame 23 stdout: Loading…
Build board outline

Create layers
Create tracks and vias
Create zones
Build Tech layers
Build Tech layer 11
Build Tech layer 9
Build Tech layer 15
Build Tech layer 13
Build Tech layer 7
Build Tech layer 5
Build Tech layer 3
Build Tech layer 1
Build Tech layer 17
Build Tech layer 19
Build Tech layer 21
Build Tech layer 23
Build Tech layer 39
Build Tech layer 41
Build Tech layer 43
Build Tech layer 45
Build Tech layer 47
Build Tech layer 49
Build Tech layer 51
Build Tech layer 53
Build Tech layer 55
Build Tech layer 57
Build Tech layer 59
Build Tech layer 61
Build Tech layer 63
Build Tech layer 65
Build Tech layer 67
Build Tech layer 69
Build Tech layer 71
Build Tech layer 73
Build Tech layer 75
Build Tech layer 77
Build Tech layer 79
Build Tech layer 81
Build Tech layer 83
Build Tech layer 85
Build Tech layer 87
Build Tech layer 89
Build Tech layer 91
Build Tech layer 93
Build Tech layer 95
Build Tech layer 97
Build Tech layer 99
Build Tech layer 101
Build Tech layer 103
Build Tech layer 105
Build Tech layer 107
Build Tech layer 109
Build Tech layer 111
Build Tech layer 113
Build Tech layer 115
Build Tech layer 117
Build Tech layer 119
Build Tech layer 121
Build Tech layer 123
Build Tech layer 125
Build Tech layer 127
Simplifying copper layer polygons
Calculating plated copper
Simplify holes contours
Build BVH for holes and vias
Load Raytracing: board
Load Raytracing: layers
Loading 3D models...
Reload time 0.412 s
Rendering: 100 %
Rendering time 0.102 s
Successfully created 3D render image
2026-09-26T04:39:38.354+00:00 [stm32_board_4_layer/render-nxjjm80k] Frame 23/72 finished in 1.169s
2026-09-26T04:39:38.354+00:00 [stm32_board_4_layer/render-nxjjm80k] Frame 24/72 started; angle=115
2026-09-26T04:39:39.504+00:00 [stm32_board_4_layer/render-nxjjm80k] Frame 24 stdout: Loading…
Build board outline

Create layers
Create tracks and vias
Create zones
Build Tech layers
Build Tech layer 11
Build Tech layer 9
Build Tech layer 15
Build Tech layer 13
Build Tech layer 7
Build Tech layer 5
Build Tech layer 3
Build Tech layer 1
Build Tech layer 17
Build Tech layer 19
Build Tech layer 21
Build Tech layer 23
Build Tech layer 39
Build Tech layer 41
Build Tech layer 43
Build Tech layer 45
Build Tech layer 47
Build Tech layer 49
Build Tech layer 51
Build Tech layer 53
Build Tech layer 55
Build Tech layer 57
Build Tech layer 59
Build Tech layer 61
Build Tech layer 63
Build Tech layer 65
Build Tech layer 67
Build Tech layer 69
Build Tech layer 71
Build Tech layer 73
Build Tech layer 75
Build Tech layer 77
Build Tech layer 79
Build Tech layer 81
Build Tech layer 83
Build Tech layer 85
Build Tech layer 87
Build Tech layer 89
Build Tech layer 91
Build Tech layer 93
Build Tech layer 95
Build Tech layer 97
Build Tech layer 99
Build Tech layer 101
Build Tech layer 103
Build Tech layer 105
Build Tech layer 107
Build Tech layer 109
Build Tech layer 111
Build Tech layer 113
Build Tech layer 115
Build Tech layer 117
Build Tech layer 119
Build Tech layer 121
Build Tech layer 123
Build Tech layer 125
Build Tech layer 127
Simplifying copper layer polygons
Calculating plated copper
Simplify holes contours
Build BVH for holes and vias
Load Raytracing: board
Load Raytracing: layers
Loading 3D models...
Reload time 0.419 s
Rendering: 100 %
Rendering time 0.104 s
Successfully created 3D render image
2026-09-26T04:39:39.512+00:00 [stm32_board_4_layer/render-nxjjm80k] Frame 24/72 finished in 1.158s
2026-09-26T04:39:39.512+00:00 [stm32_board_4_layer/render-nxjjm80k] Frame 25/72 started; angle=120
2026-09-26T04:39:40.582+00:00 [stm32_board_4_layer/render-nxjjm80k] Frame 25 stdout: Loading…
Build board outline

Create layers
Create tracks and vias
Create zones
Build Tech layers
Build Tech layer 11
Build Tech layer 9
Build Tech layer 15
Build Tech layer 13
Build Tech layer 7
Build Tech layer 5
Build Tech layer 3
Build Tech layer 1
Build Tech layer 17
Build Tech layer 19
Build Tech layer 21
Build Tech layer 23
Build Tech layer 39
Build Tech layer 41
Build Tech layer 43
Build Tech layer 45
Build Tech layer 47
Build Tech layer 49
Build Tech layer 51
Build Tech layer 53
Build Tech layer 55
Build Tech layer 57
Build Tech layer 59
Build Tech layer 61
Build Tech layer 63
Build Tech layer 65
Build Tech layer 67
Build Tech layer 69
Build Tech layer 71
Build Tech layer 73
Build Tech layer 75
Build Tech layer 77
Build Tech layer 79
Build Tech layer 81
Build Tech layer 83
Build Tech layer 85
Build Tech layer 87
Build Tech layer 89
Build Tech layer 91
Build Tech layer 93
Build Tech layer 95
Build Tech layer 97
Build Tech layer 99
Build Tech layer 101
Build Tech layer 103
Build Tech layer 105
Build Tech layer 107
Build Tech layer 109
Build Tech layer 111
Build Tech layer 113
Build Tech layer 115
Build Tech layer 117
Build Tech layer 119
Build Tech layer 121
Build Tech layer 123
Build Tech layer 125
Build Tech layer 127
Simplifying copper layer polygons
Calculating plated copper
Simplify holes contours
Build BVH for holes and vias
Load Raytracing: board
Load Raytracing: layers
Loading 3D models...
Reload time 0.395 s
Rendering: 100 %
Rendering time 0.115 s
Successfully created 3D render image
2026-09-26T04:39:40.589+00:00 [stm32_board_4_layer/render-nxjjm80k] Frame 25/72 finished in 1.077s
2026-09-26T04:39:40.589+00:00 [stm32_board_4_layer/render-nxjjm80k] Frame 26/72 started; angle=125
2026-09-26T04:39:41.707+00:00 [stm32_board_4_layer/render-nxjjm80k] Frame 26 stdout: Loading…
Build board outline

Create layers
Create tracks and vias
Create zones
Build Tech layers
Build Tech layer 11
Build Tech layer 9
Build Tech layer 15
Build Tech layer 13
Build Tech layer 7
Build Tech layer 5
Build Tech layer 3
Build Tech layer 1
Build Tech layer 17
Build Tech layer 19
Build Tech layer 21
Build Tech layer 23
Build Tech layer 39
Build Tech layer 41
Build Tech layer 43
Build Tech layer 45
Build Tech layer 47
Build Tech layer 49
Build Tech layer 51
Build Tech layer 53
Build Tech layer 55
Build Tech layer 57
Build Tech layer 59
Build Tech layer 61
Build Tech layer 63
Build Tech layer 65
Build Tech layer 67
Build Tech layer 69
Build Tech layer 71
Build Tech layer 73
Build Tech layer 75
Build Tech layer 77
Build Tech layer 79
Build Tech layer 81
Build Tech layer 83
Build Tech layer 85
Build Tech layer 87
Build Tech layer 89
Build Tech layer 91
Build Tech layer 93
Build Tech layer 95
Build Tech layer 97
Build Tech layer 99
Build Tech layer 101
Build Tech layer 103
Build Tech layer 105
Build Tech layer 107
Build Tech layer 109
Build Tech layer 111
Build Tech layer 113
Build Tech layer 115
Build Tech layer 117
Build Tech layer 119
Build Tech layer 121
Build Tech layer 123
Build Tech layer 125
Build Tech layer 127
Simplifying copper layer polygons
Calculating plated copper
Simplify holes contours
Build BVH for holes and vias
Load Raytracing: board
Load Raytracing: layers
Loading 3D models...
Reload time 0.390 s
Rendering: 100 %
Rendering time 0.123 s
Successfully created 3D render image
2026-09-26T04:39:41.714+00:00 [stm32_board_4_layer/render-nxjjm80k] Frame 26/72 finished in 1.125s
2026-09-26T04:39:41.714+00:00 [stm32_board_4_layer/render-nxjjm80k] Frame 27/72 started; angle=130
2026-09-26T04:39:42.958+00:00 [stm32_board_4_layer/render-nxjjm80k] Frame 27 stdout: Loading…
Build board outline

Create layers
Create tracks and vias
Create zones
Build Tech layers
Build Tech layer 11
Build Tech layer 9
Build Tech layer 15
Build Tech layer 13
Build Tech layer 7
Build Tech layer 5
Build Tech layer 3
Build Tech layer 1
Build Tech layer 17
Build Tech layer 19
Build Tech layer 21
Build Tech layer 23
Build Tech layer 39
Build Tech layer 41
Build Tech layer 43
Build Tech layer 45
Build Tech layer 47
Build Tech layer 49
Build Tech layer 51
Build Tech layer 53
Build Tech layer 55
Build Tech layer 57
Build Tech layer 59
Build Tech layer 61
Build Tech layer 63
Build Tech layer 65
Build Tech layer 67
Build Tech layer 69
Build Tech layer 71
Build Tech layer 73
Build Tech layer 75
Build Tech layer 77
Build Tech layer 79
Build Tech layer 81
Build Tech layer 83
Build Tech layer 85
Build Tech layer 87
Build Tech layer 89
Build Tech layer 91
Build Tech layer 93
Build Tech layer 95
Build Tech layer 97
Build Tech layer 99
Build Tech layer 101
Build Tech layer 103
Build Tech layer 105
Build Tech layer 107
Build Tech layer 109
Build Tech layer 111
Build Tech layer 113
Build Tech layer 115
Build Tech layer 117
Build Tech layer 119
Build Tech layer 121
Build Tech layer 123
Build Tech layer 125
Build Tech layer 127
Simplifying copper layer polygons
Calculating plated copper
Simplify holes contours
Build BVH for holes and vias
Load Raytracing: board
Load Raytracing: layers
Loading 3D models...
Reload time 0.420 s
Rendering: 100 %
Rendering time 0.139 s
Successfully created 3D render image
2026-09-26T04:39:42.966+00:00 [stm32_board_4_layer/render-nxjjm80k] Frame 27/72 finished in 1.252s
2026-09-26T04:39:42.966+00:00 [stm32_board_4_layer/render-nxjjm80k] Frame 28/72 started; angle=135
2026-09-26T04:39:44.187+00:00 [stm32_board_4_layer/render-nxjjm80k] Frame 28 stdout: Loading…
Build board outline

Create layers
Create tracks and vias
Create zones
Build Tech layers
Build Tech layer 11
Build Tech layer 9
Build Tech layer 15
Build Tech layer 13
Build Tech layer 7
Build Tech layer 5
Build Tech layer 3
Build Tech layer 1
Build Tech layer 17
Build Tech layer 19
Build Tech layer 21
Build Tech layer 23
Build Tech layer 39
Build Tech layer 41
Build Tech layer 43
Build Tech layer 45
Build Tech layer 47
Build Tech layer 49
Build Tech layer 51
Build Tech layer 53
Build Tech layer 55
Build Tech layer 57
Build Tech layer 59
Build Tech layer 61
Build Tech layer 63
Build Tech layer 65
Build Tech layer 67
Build Tech layer 69
Build Tech layer 71
Build Tech layer 73
Build Tech layer 75
Build Tech layer 77
Build Tech layer 79
Build Tech layer 81
Build Tech layer 83
Build Tech layer 85
Build Tech layer 87
Build Tech layer 89
Build Tech layer 91
Build Tech layer 93
Build Tech layer 95
Build Tech layer 97
Build Tech layer 99
Build Tech layer 101
Build Tech layer 103
Build Tech layer 105
Build Tech layer 107
Build Tech layer 109
Build Tech layer 111
Build Tech layer 113
Build Tech layer 115
Build Tech layer 117
Build Tech layer 119
Build Tech layer 121
Build Tech layer 123
Build Tech layer 125
Build Tech layer 127
Simplifying copper layer polygons
Calculating plated copper
Simplify holes contours
Build BVH for holes and vias
Load Raytracing: board
Load Raytracing: layers
Loading 3D models...
Reload time 0.389 s
Rendering: 100 %
Rendering time 0.134 s
Successfully created 3D render image
2026-09-26T04:39:44.195+00:00 [stm32_board_4_layer/render-nxjjm80k] Frame 28/72 finished in 1.229s
2026-09-26T04:39:44.195+00:00 [stm32_board_4_layer/render-nxjjm80k] Frame 29/72 started; angle=140
2026-09-26T04:39:45.420+00:00 [stm32_board_4_layer/render-nxjjm80k] Frame 29 stdout: Loading…
Build board outline

Create layers
Create tracks and vias
Create zones
Build Tech layers
Build Tech layer 11
Build Tech layer 9
Build Tech layer 15
Build Tech layer 13
Build Tech layer 7
Build Tech layer 5
Build Tech layer 3
Build Tech layer 1
Build Tech layer 17
Build Tech layer 19
Build Tech layer 21
Build Tech layer 23
Build Tech layer 39
Build Tech layer 41
Build Tech layer 43
Build Tech layer 45
Build Tech layer 47
Build Tech layer 49
Build Tech layer 51
Build Tech layer 53
Build Tech layer 55
Build Tech layer 57
Build Tech layer 59
Build Tech layer 61
Build Tech layer 63
Build Tech layer 65
Build Tech layer 67
Build Tech layer 69
Build Tech layer 71
Build Tech layer 73
Build Tech layer 75
Build Tech layer 77
Build Tech layer 79
Build Tech layer 81
Build Tech layer 83
Build Tech layer 85
Build Tech layer 87
Build Tech layer 89
Build Tech layer 91
Build Tech layer 93
Build Tech layer 95
Build Tech layer 97
Build Tech layer 99
Build Tech layer 101
Build Tech layer 103
Build Tech layer 105
Build Tech layer 107
Build Tech layer 109
Build Tech layer 111
Build Tech layer 113
Build Tech layer 115
Build Tech layer 117
Build Tech layer 119
Build Tech layer 121
Build Tech layer 123
Build Tech layer 125
Build Tech layer 127
Simplifying copper layer polygons
Calculating plated copper
Simplify holes contours
Build BVH for holes and vias
Load Raytracing: board
Load Raytracing: layers
Loading 3D models...
Reload time 0.372 s
Rendering: 100 %
Rendering time 0.139 s
Successfully created 3D render image
2026-09-26T04:39:45.428+00:00 [stm32_board_4_layer/render-nxjjm80k] Frame 29/72 finished in 1.233s
2026-09-26T04:39:45.428+00:00 [stm32_board_4_layer/render-nxjjm80k] Frame 30/72 started; angle=145
2026-09-26T04:39:46.672+00:00 [stm32_board_4_layer/render-nxjjm80k] Frame 30 stdout: Loading…
Build board outline

Create layers
Create tracks and vias
Create zones
Build Tech layers
Build Tech layer 11
Build Tech layer 9
Build Tech layer 15
Build Tech layer 13
Build Tech layer 7
Build Tech layer 5
Build Tech layer 3
Build Tech layer 1
Build Tech layer 17
Build Tech layer 19
Build Tech layer 21
Build Tech layer 23
Build Tech layer 39
Build Tech layer 41
Build Tech layer 43
Build Tech layer 45
Build Tech layer 47
Build Tech layer 49
Build Tech layer 51
Build Tech layer 53
Build Tech layer 55
Build Tech layer 57
Build Tech layer 59
Build Tech layer 61
Build Tech layer 63
Build Tech layer 65
Build Tech layer 67
Build Tech layer 69
Build Tech layer 71
Build Tech layer 73
Build Tech layer 75
Build Tech layer 77
Build Tech layer 79
Build Tech layer 81
Build Tech layer 83
Build Tech layer 85
Build Tech layer 87
Build Tech layer 89
Build Tech layer 91
Build Tech layer 93
Build Tech layer 95
Build Tech layer 97
Build Tech layer 99
Build Tech layer 101
Build Tech layer 103
Build Tech layer 105
Build Tech layer 107
Build Tech layer 109
Build Tech layer 111
Build Tech layer 113
Build Tech layer 115
Build Tech layer 117
Build Tech layer 119
Build Tech layer 121
Build Tech layer 123
Build Tech layer 125
Build Tech layer 127
Simplifying copper layer polygons
Calculating plated copper
Simplify holes contours
Build BVH for holes and vias
Load Raytracing: board
Load Raytracing: layers
Loading 3D models...
Reload time 0.396 s
Rendering: 100 %
Rendering time 0.155 s
Successfully created 3D render image
2026-09-26T04:39:46.680+00:00 [stm32_board_4_layer/render-nxjjm80k] Frame 30/72 finished in 1.252s
2026-09-26T04:39:46.680+00:00 [stm32_board_4_layer/render-nxjjm80k] Frame 31/72 started; angle=150
2026-09-26T04:39:47.875+00:00 [stm32_board_4_layer/render-nxjjm80k] Frame 31 stdout: Loading…
Build board outline

Create layers
Create tracks and vias
Create zones
Build Tech layers
Build Tech layer 11
Build Tech layer 9
Build Tech layer 15
Build Tech layer 13
Build Tech layer 7
Build Tech layer 5
Build Tech layer 3
Build Tech layer 1
Build Tech layer 17
Build Tech layer 19
Build Tech layer 21
Build Tech layer 23
Build Tech layer 39
Build Tech layer 41
Build Tech layer 43
Build Tech layer 45
Build Tech layer 47
Build Tech layer 49
Build Tech layer 51
Build Tech layer 53
Build Tech layer 55
Build Tech layer 57
Build Tech layer 59
Build Tech layer 61
Build Tech layer 63
Build Tech layer 65
Build Tech layer 67
Build Tech layer 69
Build Tech layer 71
Build Tech layer 73
Build Tech layer 75
Build Tech layer 77
Build Tech layer 79
Build Tech layer 81
Build Tech layer 83
Build Tech layer 85
Build Tech layer 87
Build Tech layer 89
Build Tech layer 91
Build Tech layer 93
Build Tech layer 95
Build Tech layer 97
Build Tech layer 99
Build Tech layer 101
Build Tech layer 103
Build Tech layer 105
Build Tech layer 107
Build Tech layer 109
Build Tech layer 111
Build Tech layer 113
Build Tech layer 115
Build Tech layer 117
Build Tech layer 119
Build Tech layer 121
Build Tech layer 123
Build Tech layer 125
Build Tech layer 127
Simplifying copper layer polygons
Calculating plated copper
Simplify holes contours
Build BVH for holes and vias
Load Raytracing: board
Load Raytracing: layers
Loading 3D models...
Reload time 0.386 s
Rendering: 100 %
Rendering time 0.153 s
Successfully created 3D render image
2026-09-26T04:39:47.884+00:00 [stm32_board_4_layer/render-nxjjm80k] Frame 31/72 finished in 1.203s
2026-09-26T04:39:47.884+00:00 [stm32_board_4_layer/render-nxjjm80k] Frame 32/72 started; angle=155
2026-09-26T04:39:49.134+00:00 [stm32_board_4_layer/render-nxjjm80k] Frame 32 stdout: Loading…
Build board outline

Create layers
Create tracks and vias
Create zones
Build Tech layers
Build Tech layer 11
Build Tech layer 9
Build Tech layer 15
Build Tech layer 13
Build Tech layer 7
Build Tech layer 5
Build Tech layer 3
Build Tech layer 1
Build Tech layer 17
Build Tech layer 19
Build Tech layer 21
Build Tech layer 23
Build Tech layer 39
Build Tech layer 41
Build Tech layer 43
Build Tech layer 45
Build Tech layer 47
Build Tech layer 49
Build Tech layer 51
Build Tech layer 53
Build Tech layer 55
Build Tech layer 57
Build Tech layer 59
Build Tech layer 61
Build Tech layer 63
Build Tech layer 65
Build Tech layer 67
Build Tech layer 69
Build Tech layer 71
Build Tech layer 73
Build Tech layer 75
Build Tech layer 77
Build Tech layer 79
Build Tech layer 81
Build Tech layer 83
Build Tech layer 85
Build Tech layer 87
Build Tech layer 89
Build Tech layer 91
Build Tech layer 93
Build Tech layer 95
Build Tech layer 97
Build Tech layer 99
Build Tech layer 101
Build Tech layer 103
Build Tech layer 105
Build Tech layer 107
Build Tech layer 109
Build Tech layer 111
Build Tech layer 113
Build Tech layer 115
Build Tech layer 117
Build Tech layer 119
Build Tech layer 121
Build Tech layer 123
Build Tech layer 125
Build Tech layer 127
Simplifying copper layer polygons
Calculating plated copper
Simplify holes contours
Build BVH for holes and vias
Load Raytracing: board
Load Raytracing: layers
Loading 3D models...
Reload time 0.378 s
Rendering: 100 %
Rendering time 0.157 s
Successfully created 3D render image
2026-09-26T04:39:49.151+00:00 [stm32_board_4_layer/render-nxjjm80k] Frame 32/72 finished in 1.268s
2026-09-26T04:39:49.151+00:00 [stm32_board_4_layer/render-nxjjm80k] Frame 33/72 started; angle=160
2026-09-26T04:39:50.348+00:00 [stm32_board_4_layer/render-nxjjm80k] Frame 33 stdout: Loading…
Build board outline

Create layers
Create tracks and vias
Create zones
Build Tech layers
Build Tech layer 11
Build Tech layer 9
Build Tech layer 15
Build Tech layer 13
Build Tech layer 7
Build Tech layer 5
Build Tech layer 3
Build Tech layer 1
Build Tech layer 17
Build Tech layer 19
Build Tech layer 21
Build Tech layer 23
Build Tech layer 39
Build Tech layer 41
Build Tech layer 43
Build Tech layer 45
Build Tech layer 47
Build Tech layer 49
Build Tech layer 51
Build Tech layer 53
Build Tech layer 55
Build Tech layer 57
Build Tech layer 59
Build Tech layer 61
Build Tech layer 63
Build Tech layer 65
Build Tech layer 67
Build Tech layer 69
Build Tech layer 71
Build Tech layer 73
Build Tech layer 75
Build Tech layer 77
Build Tech layer 79
Build Tech layer 81
Build Tech layer 83
Build Tech layer 85
Build Tech layer 87
Build Tech layer 89
Build Tech layer 91
Build Tech layer 93
Build Tech layer 95
Build Tech layer 97
Build Tech layer 99
Build Tech layer 101
Build Tech layer 103
Build Tech layer 105
Build Tech layer 107
Build Tech layer 109
Build Tech layer 111
Build Tech layer 113
Build Tech layer 115
Build Tech layer 117
Build Tech layer 119
Build Tech layer 121
Build Tech layer 123
Build Tech layer 125
Build Tech layer 127
Simplifying copper layer polygons
Calculating plated copper
Simplify holes contours
Build BVH for holes and vias
Load Raytracing: board
Load Raytracing: layers
Loading 3D models...
Reload time 0.373 s
Rendering: 100 %
Rendering time 0.163 s
Successfully created 3D render image
2026-09-26T04:39:50.357+00:00 [stm32_board_4_layer/render-nxjjm80k] Frame 33/72 finished in 1.206s
2026-09-26T04:39:50.357+00:00 [stm32_board_4_layer/render-nxjjm80k] Frame 34/72 started; angle=165
2026-09-26T04:39:51.537+00:00 [stm32_board_4_layer/render-nxjjm80k] Frame 34 stdout: Loading…
Build board outline

Create layers
Create tracks and vias
Create zones
Build Tech layers
Build Tech layer 11
Build Tech layer 9
Build Tech layer 15
Build Tech layer 13
Build Tech layer 7
Build Tech layer 5
Build Tech layer 3
Build Tech layer 1
Build Tech layer 17
Build Tech layer 19
Build Tech layer 21
Build Tech layer 23
Build Tech layer 39
Build Tech layer 41
Build Tech layer 43
Build Tech layer 45
Build Tech layer 47
Build Tech layer 49
Build Tech layer 51
Build Tech layer 53
Build Tech layer 55
Build Tech layer 57
Build Tech layer 59
Build Tech layer 61
Build Tech layer 63
Build Tech layer 65
Build Tech layer 67
Build Tech layer 69
Build Tech layer 71
Build Tech layer 73
Build Tech layer 75
Build Tech layer 77
Build Tech layer 79
Build Tech layer 81
Build Tech layer 83
Build Tech layer 85
Build Tech layer 87
Build Tech layer 89
Build Tech layer 91
Build Tech layer 93
Build Tech layer 95
Build Tech layer 97
Build Tech layer 99
Build Tech layer 101
Build Tech layer 103
Build Tech layer 105
Build Tech layer 107
Build Tech layer 109
Build Tech layer 111
Build Tech layer 113
Build Tech layer 115
Build Tech layer 117
Build Tech layer 119
Build Tech layer 121
Build Tech layer 123
Build Tech layer 125
Build Tech layer 127
Simplifying copper layer polygons
Calculating plated copper
Simplify holes contours
Build BVH for holes and vias
Load Raytracing: board
Load Raytracing: layers
Loading 3D models...
Reload time 0.415 s
Rendering: 100 %
Rendering time 0.167 s
Successfully created 3D render image
2026-09-26T04:39:51.545+00:00 [stm32_board_4_layer/render-nxjjm80k] Frame 34/72 finished in 1.188s
2026-09-26T04:39:51.546+00:00 [stm32_board_4_layer/render-nxjjm80k] Frame 35/72 started; angle=170
2026-09-26T04:39:52.815+00:00 [stm32_board_4_layer/render-nxjjm80k] Frame 35 stdout: Loading…
Build board outline

Create layers
Create tracks and vias
Create zones
Build Tech layers
Build Tech layer 11
Build Tech layer 9
Build Tech layer 15
Build Tech layer 13
Build Tech layer 7
Build Tech layer 5
Build Tech layer 3
Build Tech layer 1
Build Tech layer 17
Build Tech layer 19
Build Tech layer 21
Build Tech layer 23
Build Tech layer 39
Build Tech layer 41
Build Tech layer 43
Build Tech layer 45
Build Tech layer 47
Build Tech layer 49
Build Tech layer 51
Build Tech layer 53
Build Tech layer 55
Build Tech layer 57
Build Tech layer 59
Build Tech layer 61
Build Tech layer 63
Build Tech layer 65
Build Tech layer 67
Build Tech layer 69
Build Tech layer 71
Build Tech layer 73
Build Tech layer 75
Build Tech layer 77
Build Tech layer 79
Build Tech layer 81
Build Tech layer 83
Build Tech layer 85
Build Tech layer 87
Build Tech layer 89
Build Tech layer 91
Build Tech layer 93
Build Tech layer 95
Build Tech layer 97
Build Tech layer 99
Build Tech layer 101
Build Tech layer 103
Build Tech layer 105
Build Tech layer 107
Build Tech layer 109
Build Tech layer 111
Build Tech layer 113
Build Tech layer 115
Build Tech layer 117
Build Tech layer 119
Build Tech layer 121
Build Tech layer 123
Build Tech layer 125
Build Tech layer 127
Simplifying copper layer polygons
Calculating plated copper
Simplify holes contours
Build BVH for holes and vias
Load Raytracing: board
Load Raytracing: layers
Loading 3D models...
Reload time 0.422 s
Rendering: 100 %
Rendering time 0.173 s
Successfully created 3D render image
2026-09-26T04:39:52.823+00:00 [stm32_board_4_layer/render-nxjjm80k] Frame 35/72 finished in 1.278s
2026-09-26T04:39:52.823+00:00 [stm32_board_4_layer/render-nxjjm80k] Frame 36/72 started; angle=175
2026-09-26T04:39:54.046+00:00 [stm32_board_4_layer/render-nxjjm80k] Frame 36 stdout: Loading…
Build board outline

Create layers
Create tracks and vias
Create zones
Build Tech layers
Build Tech layer 11
Build Tech layer 9
Build Tech layer 15
Build Tech layer 13
Build Tech layer 7
Build Tech layer 5
Build Tech layer 3
Build Tech layer 1
Build Tech layer 17
Build Tech layer 19
Build Tech layer 21
Build Tech layer 23
Build Tech layer 39
Build Tech layer 41
Build Tech layer 43
Build Tech layer 45
Build Tech layer 47
Build Tech layer 49
Build Tech layer 51
Build Tech layer 53
Build Tech layer 55
Build Tech layer 57
Build Tech layer 59
Build Tech layer 61
Build Tech layer 63
Build Tech layer 65
Build Tech layer 67
Build Tech layer 69
Build Tech layer 71
Build Tech layer 73
Build Tech layer 75
Build Tech layer 77
Build Tech layer 79
Build Tech layer 81
Build Tech layer 83
Build Tech layer 85
Build Tech layer 87
Build Tech layer 89
Build Tech layer 91
Build Tech layer 93
Build Tech layer 95
Build Tech layer 97
Build Tech layer 99
Build Tech layer 101
Build Tech layer 103
Build Tech layer 105
Build Tech layer 107
Build Tech layer 109
Build Tech layer 111
Build Tech layer 113
Build Tech layer 115
Build Tech layer 117
Build Tech layer 119
Build Tech layer 121
Build Tech layer 123
Build Tech layer 125
Build Tech layer 127
Simplifying copper layer polygons
Calculating plated copper
Simplify holes contours
Build BVH for holes and vias
Load Raytracing: board
Load Raytracing: layers
Loading 3D models...
Reload time 0.388 s
Rendering: 100 %
Rendering time 0.160 s
Successfully created 3D render image
2026-09-26T04:39:54.054+00:00 [stm32_board_4_layer/render-nxjjm80k] Frame 36/72 finished in 1.231s
2026-09-26T04:39:54.055+00:00 [stm32_board_4_layer/render-nxjjm80k] Frame 37/72 started; angle=180
2026-09-26T04:39:55.318+00:00 [stm32_board_4_layer/render-nxjjm80k] Frame 37 stdout: Loading…
Build board outline

Create layers
Create tracks and vias
Create zones
Build Tech layers
Build Tech layer 11
Build Tech layer 9
Build Tech layer 15
Build Tech layer 13
Build Tech layer 7
Build Tech layer 5
Build Tech layer 3
Build Tech layer 1
Build Tech layer 17
Build Tech layer 19
Build Tech layer 21
Build Tech layer 23
Build Tech layer 39
Build Tech layer 41
Build Tech layer 43
Build Tech layer 45
Build Tech layer 47
Build Tech layer 49
Build Tech layer 51
Build Tech layer 53
Build Tech layer 55
Build Tech layer 57
Build Tech layer 59
Build Tech layer 61
Build Tech layer 63
Build Tech layer 65
Build Tech layer 67
Build Tech layer 69
Build Tech layer 71
Build Tech layer 73
Build Tech layer 75
Build Tech layer 77
Build Tech layer 79
Build Tech layer 81
Build Tech layer 83
Build Tech layer 85
Build Tech layer 87
Build Tech layer 89
Build Tech layer 91
Build Tech layer 93
Build Tech layer 95
Build Tech layer 97
Build Tech layer 99
Build Tech layer 101
Build Tech layer 103
Build Tech layer 105
Build Tech layer 107
Build Tech layer 109
Build Tech layer 111
Build Tech layer 113
Build Tech layer 115
Build Tech layer 117
Build Tech layer 119
Build Tech layer 121
Build Tech layer 123
Build Tech layer 125
Build Tech layer 127
Simplifying copper layer polygons
Calculating plated copper
Simplify holes contours
Build BVH for holes and vias
Load Raytracing: board
Load Raytracing: layers
Loading 3D models...
Reload time 0.377 s
Rendering: 100 %
Rendering time 0.165 s
Successfully created 3D render image
2026-09-26T04:39:55.326+00:00 [stm32_board_4_layer/render-nxjjm80k] Frame 37/72 finished in 1.272s
2026-09-26T04:39:55.327+00:00 [stm32_board_4_layer/render-nxjjm80k] Frame 38/72 started; angle=185
2026-09-26T04:39:56.586+00:00 [stm32_board_4_layer/render-nxjjm80k] Frame 38 stdout: Loading…
Build board outline

Create layers
Create tracks and vias
Create zones
Build Tech layers
Build Tech layer 11
Build Tech layer 9
Build Tech layer 15
Build Tech layer 13
Build Tech layer 7
Build Tech layer 5
Build Tech layer 3
Build Tech layer 1
Build Tech layer 17
Build Tech layer 19
Build Tech layer 21
Build Tech layer 23
Build Tech layer 39
Build Tech layer 41
Build Tech layer 43
Build Tech layer 45
Build Tech layer 47
Build Tech layer 49
Build Tech layer 51
Build Tech layer 53
Build Tech layer 55
Build Tech layer 57
Build Tech layer 59
Build Tech layer 61
Build Tech layer 63
Build Tech layer 65
Build Tech layer 67
Build Tech layer 69
Build Tech layer 71
Build Tech layer 73
Build Tech layer 75
Build Tech layer 77
Build Tech layer 79
Build Tech layer 81
Build Tech layer 83
Build Tech layer 85
Build Tech layer 87
Build Tech layer 89
Build Tech layer 91
Build Tech layer 93
Build Tech layer 95
Build Tech layer 97
Build Tech layer 99
Build Tech layer 101
Build Tech layer 103
Build Tech layer 105
Build Tech layer 107
Build Tech layer 109
Build Tech layer 111
Build Tech layer 113
Build Tech layer 115
Build Tech layer 117
Build Tech layer 119
Build Tech layer 121
Build Tech layer 123
Build Tech layer 125
Build Tech layer 127
Simplifying copper layer polygons
Calculating plated copper
Simplify holes contours
Build BVH for holes and vias
Load Raytracing: board
Load Raytracing: layers
Loading 3D models...
Reload time 0.385 s
Rendering: 100 %
Rendering time 0.164 s
Successfully created 3D render image
2026-09-26T04:39:56.598+00:00 [stm32_board_4_layer/render-nxjjm80k] Frame 38/72 finished in 1.271s
2026-09-26T04:39:56.598+00:00 [stm32_board_4_layer/render-nxjjm80k] Frame 39/72 started; angle=190
2026-09-26T04:39:57.761+00:00 [stm32_board_4_layer/render-nxjjm80k] Frame 39 stdout: Loading…
Build board outline

Create layers
Create tracks and vias
Create zones
Build Tech layers
Build Tech layer 11
Build Tech layer 9
Build Tech layer 15
Build Tech layer 13
Build Tech layer 7
Build Tech layer 5
Build Tech layer 3
Build Tech layer 1
Build Tech layer 17
Build Tech layer 19
Build Tech layer 21
Build Tech layer 23
Build Tech layer 39
Build Tech layer 41
Build Tech layer 43
Build Tech layer 45
Build Tech layer 47
Build Tech layer 49
Build Tech layer 51
Build Tech layer 53
Build Tech layer 55
Build Tech layer 57
Build Tech layer 59
Build Tech layer 61
Build Tech layer 63
Build Tech layer 65
Build Tech layer 67
Build Tech layer 69
Build Tech layer 71
Build Tech layer 73
Build Tech layer 75
Build Tech layer 77
Build Tech layer 79
Build Tech layer 81
Build Tech layer 83
Build Tech layer 85
Build Tech layer 87
Build Tech layer 89
Build Tech layer 91
Build Tech layer 93
Build Tech layer 95
Build Tech layer 97
Build Tech layer 99
Build Tech layer 101
Build Tech layer 103
Build Tech layer 105
Build Tech layer 107
Build Tech layer 109
Build Tech layer 111
Build Tech layer 113
Build Tech layer 115
Build Tech layer 117
Build Tech layer 119
Build Tech layer 121
Build Tech layer 123
Build Tech layer 125
Build Tech layer 127
Simplifying copper layer polygons
Calculating plated copper
Simplify holes contours
Build BVH for holes and vias
Load Raytracing: board
Load Raytracing: layers
Loading 3D models...
Reload time 0.394 s
Rendering: 100 %
Rendering time 0.159 s
Successfully created 3D render image
2026-09-26T04:39:57.770+00:00 [stm32_board_4_layer/render-nxjjm80k] Frame 39/72 finished in 1.172s
2026-09-26T04:39:57.770+00:00 [stm32_board_4_layer/render-nxjjm80k] Frame 40/72 started; angle=195
2026-09-26T04:39:59.003+00:00 [stm32_board_4_layer/render-nxjjm80k] Frame 40 stdout: Loading…
Build board outline

Create layers
Create tracks and vias
Create zones
Build Tech layers
Build Tech layer 11
Build Tech layer 9
Build Tech layer 15
Build Tech layer 13
Build Tech layer 7
Build Tech layer 5
Build Tech layer 3
Build Tech layer 1
Build Tech layer 17
Build Tech layer 19
Build Tech layer 21
Build Tech layer 23
Build Tech layer 39
Build Tech layer 41
Build Tech layer 43
Build Tech layer 45
Build Tech layer 47
Build Tech layer 49
Build Tech layer 51
Build Tech layer 53
Build Tech layer 55
Build Tech layer 57
Build Tech layer 59
Build Tech layer 61
Build Tech layer 63
Build Tech layer 65
Build Tech layer 67
Build Tech layer 69
Build Tech layer 71
Build Tech layer 73
Build Tech layer 75
Build Tech layer 77
Build Tech layer 79
Build Tech layer 81
Build Tech layer 83
Build Tech layer 85
Build Tech layer 87
Build Tech layer 89
Build Tech layer 91
Build Tech layer 93
Build Tech layer 95
Build Tech layer 97
Build Tech layer 99
Build Tech layer 101
Build Tech layer 103
Build Tech layer 105
Build Tech layer 107
Build Tech layer 109
Build Tech layer 111
Build Tech layer 113
Build Tech layer 115
Build Tech layer 117
Build Tech layer 119
Build Tech layer 121
Build Tech layer 123
Build Tech layer 125
Build Tech layer 127
Simplifying copper layer polygons
Calculating plated copper
Simplify holes contours
Build BVH for holes and vias
Load Raytracing: board
Load Raytracing: layers
Loading 3D models...
Reload time 0.409 s
Rendering: 100 %
Rendering time 0.158 s
Successfully created 3D render image
2026-09-26T04:39:59.011+00:00 [stm32_board_4_layer/render-nxjjm80k] Frame 40/72 finished in 1.242s
2026-09-26T04:39:59.011+00:00 [stm32_board_4_layer/render-nxjjm80k] Frame 41/72 started; angle=200
2026-09-26T04:40:00.275+00:00 [stm32_board_4_layer/render-nxjjm80k] Frame 41 stdout: Loading…
Build board outline

Create layers
Create tracks and vias
Create zones
Build Tech layers
Build Tech layer 11
Build Tech layer 9
Build Tech layer 15
Build Tech layer 13
Build Tech layer 7
Build Tech layer 5
Build Tech layer 3
Build Tech layer 1
Build Tech layer 17
Build Tech layer 19
Build Tech layer 21
Build Tech layer 23
Build Tech layer 39
Build Tech layer 41
Build Tech layer 43
Build Tech layer 45
Build Tech layer 47
Build Tech layer 49
Build Tech layer 51
Build Tech layer 53
Build Tech layer 55
Build Tech layer 57
Build Tech layer 59
Build Tech layer 61
Build Tech layer 63
Build Tech layer 65
Build Tech layer 67
Build Tech layer 69
Build Tech layer 71
Build Tech layer 73
Build Tech layer 75
Build Tech layer 77
Build Tech layer 79
Build Tech layer 81
Build Tech layer 83
Build Tech layer 85
Build Tech layer 87
Build Tech layer 89
Build Tech layer 91
Build Tech layer 93
Build Tech layer 95
Build Tech layer 97
Build Tech layer 99
Build Tech layer 101
Build Tech layer 103
Build Tech layer 105
Build Tech layer 107
Build Tech layer 109
Build Tech layer 111
Build Tech layer 113
Build Tech layer 115
Build Tech layer 117
Build Tech layer 119
Build Tech layer 121
Build Tech layer 123
Build Tech layer 125
Build Tech layer 127
Simplifying copper layer polygons
Calculating plated copper
Simplify holes contours
Build BVH for holes and vias
Load Raytracing: board
Load Raytracing: layers
Loading 3D models...
Reload time 0.398 s
Rendering: 100 %
Rendering time 0.159 s
Successfully created 3D render image
2026-09-26T04:40:00.283+00:00 [stm32_board_4_layer/render-nxjjm80k] Frame 41/72 finished in 1.272s
2026-09-26T04:40:00.283+00:00 [stm32_board_4_layer/render-nxjjm80k] Frame 42/72 started; angle=205
2026-09-26T04:40:01.484+00:00 [stm32_board_4_layer/render-nxjjm80k] Frame 42 stdout: Loading…
Build board outline

Create layers
Create tracks and vias
Create zones
Build Tech layers
Build Tech layer 11
Build Tech layer 9
Build Tech layer 15
Build Tech layer 13
Build Tech layer 7
Build Tech layer 5
Build Tech layer 3
Build Tech layer 1
Build Tech layer 17
Build Tech layer 19
Build Tech layer 21
Build Tech layer 23
Build Tech layer 39
Build Tech layer 41
Build Tech layer 43
Build Tech layer 45
Build Tech layer 47
Build Tech layer 49
Build Tech layer 51
Build Tech layer 53
Build Tech layer 55
Build Tech layer 57
Build Tech layer 59
Build Tech layer 61
Build Tech layer 63
Build Tech layer 65
Build Tech layer 67
Build Tech layer 69
Build Tech layer 71
Build Tech layer 73
Build Tech layer 75
Build Tech layer 77
Build Tech layer 79
Build Tech layer 81
Build Tech layer 83
Build Tech layer 85
Build Tech layer 87
Build Tech layer 89
Build Tech layer 91
Build Tech layer 93
Build Tech layer 95
Build Tech layer 97
Build Tech layer 99
Build Tech layer 101
Build Tech layer 103
Build Tech layer 105
Build Tech layer 107
Build Tech layer 109
Build Tech layer 111
Build Tech layer 113
Build Tech layer 115
Build Tech layer 117
Build Tech layer 119
Build Tech layer 121
Build Tech layer 123
Build Tech layer 125
Build Tech layer 127
Simplifying copper layer polygons
Calculating plated copper
Simplify holes contours
Build BVH for holes and vias
Load Raytracing: board
Load Raytracing: layers
Loading 3D models...
Reload time 0.384 s
Rendering: 100 %
Rendering time 0.151 s
Successfully created 3D render image
2026-09-26T04:40:01.493+00:00 [stm32_board_4_layer/render-nxjjm80k] Frame 42/72 finished in 1.209s
2026-09-26T04:40:01.493+00:00 [stm32_board_4_layer/render-nxjjm80k] Frame 43/72 started; angle=210
2026-09-26T04:40:02.652+00:00 [stm32_board_4_layer/render-nxjjm80k] Frame 43 stdout: Loading…
Build board outline

Create layers
Create tracks and vias
Create zones
Build Tech layers
Build Tech layer 11
Build Tech layer 9
Build Tech layer 15
Build Tech layer 13
Build Tech layer 7
Build Tech layer 5
Build Tech layer 3
Build Tech layer 1
Build Tech layer 17
Build Tech layer 19
Build Tech layer 21
Build Tech layer 23
Build Tech layer 39
Build Tech layer 41
Build Tech layer 43
Build Tech layer 45
Build Tech layer 47
Build Tech layer 49
Build Tech layer 51
Build Tech layer 53
Build Tech layer 55
Build Tech layer 57
Build Tech layer 59
Build Tech layer 61
Build Tech layer 63
Build Tech layer 65
Build Tech layer 67
Build Tech layer 69
Build Tech layer 71
Build Tech layer 73
Build Tech layer 75
Build Tech layer 77
Build Tech layer 79
Build Tech layer 81
Build Tech layer 83
Build Tech layer 85
Build Tech layer 87
Build Tech layer 89
Build Tech layer 91
Build Tech layer 93
Build Tech layer 95
Build Tech layer 97
Build Tech layer 99
Build Tech layer 101
Build Tech layer 103
Build Tech layer 105
Build Tech layer 107
Build Tech layer 109
Build Tech layer 111
Build Tech layer 113
Build Tech layer 115
Build Tech layer 117
Build Tech layer 119
Build Tech layer 121
Build Tech layer 123
Build Tech layer 125
Build Tech layer 127
Simplifying copper layer polygons
Calculating plated copper
Simplify holes contours
Build BVH for holes and vias
Load Raytracing: board
Load Raytracing: layers
Loading 3D models...
Reload time 0.386 s
Rendering: 100 %
Rendering time 0.150 s
Successfully created 3D render image
2026-09-26T04:40:02.665+00:00 [stm32_board_4_layer/render-nxjjm80k] Frame 43/72 finished in 1.172s
2026-09-26T04:40:02.665+00:00 [stm32_board_4_layer/render-nxjjm80k] Frame 44/72 started; angle=215
2026-09-26T04:40:03.839+00:00 [stm32_board_4_layer/render-nxjjm80k] Frame 44 stdout: Loading…
Build board outline

Create layers
Create tracks and vias
Create zones
Build Tech layers
Build Tech layer 11
Build Tech layer 9
Build Tech layer 15
Build Tech layer 13
Build Tech layer 7
Build Tech layer 5
Build Tech layer 3
Build Tech layer 1
Build Tech layer 17
Build Tech layer 19
Build Tech layer 21
Build Tech layer 23
Build Tech layer 39
Build Tech layer 41
Build Tech layer 43
Build Tech layer 45
Build Tech layer 47
Build Tech layer 49
Build Tech layer 51
Build Tech layer 53
Build Tech layer 55
Build Tech layer 57
Build Tech layer 59
Build Tech layer 61
Build Tech layer 63
Build Tech layer 65
Build Tech layer 67
Build Tech layer 69
Build Tech layer 71
Build Tech layer 73
Build Tech layer 75
Build Tech layer 77
Build Tech layer 79
Build Tech layer 81
Build Tech layer 83
Build Tech layer 85
Build Tech layer 87
Build Tech layer 89
Build Tech layer 91
Build Tech layer 93
Build Tech layer 95
Build Tech layer 97
Build Tech layer 99
Build Tech layer 101
Build Tech layer 103
Build Tech layer 105
Build Tech layer 107
Build Tech layer 109
Build Tech layer 111
Build Tech layer 113
Build Tech layer 115
Build Tech layer 117
Build Tech layer 119
Build Tech layer 121
Build Tech layer 123
Build Tech layer 125
Build Tech layer 127
Simplifying copper layer polygons
Calculating plated copper
Simplify holes contours
Build BVH for holes and vias
Load Raytracing: board
Load Raytracing: layers
Loading 3D models...
Reload time 0.380 s
Rendering: 100 %
Rendering time 0.146 s
Successfully created 3D render image
2026-09-26T04:40:03.847+00:00 [stm32_board_4_layer/render-nxjjm80k] Frame 44/72 finished in 1.183s
2026-09-26T04:40:03.848+00:00 [stm32_board_4_layer/render-nxjjm80k] Frame 45/72 started; angle=220
2026-09-26T04:40:05.067+00:00 [stm32_board_4_layer/render-nxjjm80k] Frame 45 stdout: Loading…
Build board outline

Create layers
Create tracks and vias
Create zones
Build Tech layers
Build Tech layer 11
Build Tech layer 9
Build Tech layer 15
Build Tech layer 13
Build Tech layer 7
Build Tech layer 5
Build Tech layer 3
Build Tech layer 1
Build Tech layer 17
Build Tech layer 19
Build Tech layer 21
Build Tech layer 23
Build Tech layer 39
Build Tech layer 41
Build Tech layer 43
Build Tech layer 45
Build Tech layer 47
Build Tech layer 49
Build Tech layer 51
Build Tech layer 53
Build Tech layer 55
Build Tech layer 57
Build Tech layer 59
Build Tech layer 61
Build Tech layer 63
Build Tech layer 65
Build Tech layer 67
Build Tech layer 69
Build Tech layer 71
Build Tech layer 73
Build Tech layer 75
Build Tech layer 77
Build Tech layer 79
Build Tech layer 81
Build Tech layer 83
Build Tech layer 85
Build Tech layer 87
Build Tech layer 89
Build Tech layer 91
Build Tech layer 93
Build Tech layer 95
Build Tech layer 97
Build Tech layer 99
Build Tech layer 101
Build Tech layer 103
Build Tech layer 105
Build Tech layer 107
Build Tech layer 109
Build Tech layer 111
Build Tech layer 113
Build Tech layer 115
Build Tech layer 117
Build Tech layer 119
Build Tech layer 121
Build Tech layer 123
Build Tech layer 125
Build Tech layer 127
Simplifying copper layer polygons
Calculating plated copper
Simplify holes contours
Build BVH for holes and vias
Load Raytracing: board
Load Raytracing: layers
Loading 3D models...
Reload time 0.377 s
Rendering: 100 %
Rendering time 0.150 s
Successfully created 3D render image
2026-09-26T04:40:05.075+00:00 [stm32_board_4_layer/render-nxjjm80k] Frame 45/72 finished in 1.228s
2026-09-26T04:40:05.075+00:00 [stm32_board_4_layer/render-nxjjm80k] Frame 46/72 started; angle=225
2026-09-26T04:40:06.361+00:00 [stm32_board_4_layer/render-nxjjm80k] Frame 46 stdout: Loading…
Build board outline

Create layers
Create tracks and vias
Create zones
Build Tech layers
Build Tech layer 11
Build Tech layer 9
Build Tech layer 15
Build Tech layer 13
Build Tech layer 7
Build Tech layer 5
Build Tech layer 3
Build Tech layer 1
Build Tech layer 17
Build Tech layer 19
Build Tech layer 21
Build Tech layer 23
Build Tech layer 39
Build Tech layer 41
Build Tech layer 43
Build Tech layer 45
Build Tech layer 47
Build Tech layer 49
Build Tech layer 51
Build Tech layer 53
Build Tech layer 55
Build Tech layer 57
Build Tech layer 59
Build Tech layer 61
Build Tech layer 63
Build Tech layer 65
Build Tech layer 67
Build Tech layer 69
Build Tech layer 71
Build Tech layer 73
Build Tech layer 75
Build Tech layer 77
Build Tech layer 79
Build Tech layer 81
Build Tech layer 83
Build Tech layer 85
Build Tech layer 87
Build Tech layer 89
Build Tech layer 91
Build Tech layer 93
Build Tech layer 95
Build Tech layer 97
Build Tech layer 99
Build Tech layer 101
Build Tech layer 103
Build Tech layer 105
Build Tech layer 107
Build Tech layer 109
Build Tech layer 111
Build Tech layer 113
Build Tech layer 115
Build Tech layer 117
Build Tech layer 119
Build Tech layer 121
Build Tech layer 123
Build Tech layer 125
Build Tech layer 127
Simplifying copper layer polygons
Calculating plated copper
Simplify holes contours
Build BVH for holes and vias
Load Raytracing: board
Load Raytracing: layers
Loading 3D models...
Reload time 0.417 s
Rendering: 100 %
Rendering time 0.130 s
Successfully created 3D render image
2026-09-26T04:40:06.368+00:00 [stm32_board_4_layer/render-nxjjm80k] Frame 46/72 finished in 1.295s
2026-09-26T04:40:06.368+00:00 [stm32_board_4_layer/render-nxjjm80k] Frame 47/72 started; angle=230
2026-09-26T04:40:07.572+00:00 [stm32_board_4_layer/render-nxjjm80k] Frame 47 stdout: Loading…
Build board outline

Create layers
Create tracks and vias
Create zones
Build Tech layers
Build Tech layer 11
Build Tech layer 9
Build Tech layer 15
Build Tech layer 13
Build Tech layer 7
Build Tech layer 5
Build Tech layer 3
Build Tech layer 1
Build Tech layer 17
Build Tech layer 19
Build Tech layer 21
Build Tech layer 23
Build Tech layer 39
Build Tech layer 41
Build Tech layer 43
Build Tech layer 45
Build Tech layer 47
Build Tech layer 49
Build Tech layer 51
Build Tech layer 53
Build Tech layer 55
Build Tech layer 57
Build Tech layer 59
Build Tech layer 61
Build Tech layer 63
Build Tech layer 65
Build Tech layer 67
Build Tech layer 69
Build Tech layer 71
Build Tech layer 73
Build Tech layer 75
Build Tech layer 77
Build Tech layer 79
Build Tech layer 81
Build Tech layer 83
Build Tech layer 85
Build Tech layer 87
Build Tech layer 89
Build Tech layer 91
Build Tech layer 93
Build Tech layer 95
Build Tech layer 97
Build Tech layer 99
Build Tech layer 101
Build Tech layer 103
Build Tech layer 105
Build Tech layer 107
Build Tech layer 109
Build Tech layer 111
Build Tech layer 113
Build Tech layer 115
Build Tech layer 117
Build Tech layer 119
Build Tech layer 121
Build Tech layer 123
Build Tech layer 125
Build Tech layer 127
Simplifying copper layer polygons
Calculating plated copper
Simplify holes contours
Build BVH for holes and vias
Load Raytracing: board
Load Raytracing: layers
Loading 3D models...
Reload time 0.384 s
Rendering: 100 %
Rendering time 0.121 s
Successfully created 3D render image
2026-09-26T04:40:07.579+00:00 [stm32_board_4_layer/render-nxjjm80k] Frame 47/72 finished in 1.210s
2026-09-26T04:40:07.579+00:00 [stm32_board_4_layer/render-nxjjm80k] Frame 48/72 started; angle=235
2026-09-26T04:40:08.826+00:00 [stm32_board_4_layer/render-nxjjm80k] Frame 48 stdout: Loading…
Build board outline

Create layers
Create tracks and vias
Create zones
Build Tech layers
Build Tech layer 11
Build Tech layer 9
Build Tech layer 15
Build Tech layer 13
Build Tech layer 7
Build Tech layer 5
Build Tech layer 3
Build Tech layer 1
Build Tech layer 17
Build Tech layer 19
Build Tech layer 21
Build Tech layer 23
Build Tech layer 39
Build Tech layer 41
Build Tech layer 43
Build Tech layer 45
Build Tech layer 47
Build Tech layer 49
Build Tech layer 51
Build Tech layer 53
Build Tech layer 55
Build Tech layer 57
Build Tech layer 59
Build Tech layer 61
Build Tech layer 63
Build Tech layer 65
Build Tech layer 67
Build Tech layer 69
Build Tech layer 71
Build Tech layer 73
Build Tech layer 75
Build Tech layer 77
Build Tech layer 79
Build Tech layer 81
Build Tech layer 83
Build Tech layer 85
Build Tech layer 87
Build Tech layer 89
Build Tech layer 91
Build Tech layer 93
Build Tech layer 95
Build Tech layer 97
Build Tech layer 99
Build Tech layer 101
Build Tech layer 103
Build Tech layer 105
Build Tech layer 107
Build Tech layer 109
Build Tech layer 111
Build Tech layer 113
Build Tech layer 115
Build Tech layer 117
Build Tech layer 119
Build Tech layer 121
Build Tech layer 123
Build Tech layer 125
Build Tech layer 127
Simplifying copper layer polygons
Calculating plated copper
Simplify holes contours
Build BVH for holes and vias
Load Raytracing: board
Load Raytracing: layers
Loading 3D models...
Reload time 0.379 s
Rendering: 100 %
Rendering time 0.156 s
Successfully created 3D render image
2026-09-26T04:40:08.833+00:00 [stm32_board_4_layer/render-nxjjm80k] Frame 48/72 finished in 1.254s
2026-09-26T04:40:08.833+00:00 [stm32_board_4_layer/render-nxjjm80k] Frame 49/72 started; angle=240
2026-09-26T04:40:10.042+00:00 [stm32_board_4_layer/render-nxjjm80k] Frame 49 stdout: Loading…
Build board outline

Create layers
Create tracks and vias
Create zones
Build Tech layers
Build Tech layer 11
Build Tech layer 9
Build Tech layer 15
Build Tech layer 13
Build Tech layer 7
Build Tech layer 5
Build Tech layer 3
Build Tech layer 1
Build Tech layer 17
Build Tech layer 19
Build Tech layer 21
Build Tech layer 23
Build Tech layer 39
Build Tech layer 41
Build Tech layer 43
Build Tech layer 45
Build Tech layer 47
Build Tech layer 49
Build Tech layer 51
Build Tech layer 53
Build Tech layer 55
Build Tech layer 57
Build Tech layer 59
Build Tech layer 61
Build Tech layer 63
Build Tech layer 65
Build Tech layer 67
Build Tech layer 69
Build Tech layer 71
Build Tech layer 73
Build Tech layer 75
Build Tech layer 77
Build Tech layer 79
Build Tech layer 81
Build Tech layer 83
Build Tech layer 85
Build Tech layer 87
Build Tech layer 89
Build Tech layer 91
Build Tech layer 93
Build Tech layer 95
Build Tech layer 97
Build Tech layer 99
Build Tech layer 101
Build Tech layer 103
Build Tech layer 105
Build Tech layer 107
Build Tech layer 109
Build Tech layer 111
Build Tech layer 113
Build Tech layer 115
Build Tech layer 117
Build Tech layer 119
Build Tech layer 121
Build Tech layer 123
Build Tech layer 125
Build Tech layer 127
Simplifying copper layer polygons
Calculating plated copper
Simplify holes contours
Build BVH for holes and vias
Load Raytracing: board
Load Raytracing: layers
Loading 3D models...
Reload time 0.402 s
Rendering: 100 %
Rendering time 0.178 s
Successfully created 3D render image
2026-09-26T04:40:10.049+00:00 [stm32_board_4_layer/render-nxjjm80k] Frame 49/72 finished in 1.216s
2026-09-26T04:40:10.049+00:00 [stm32_board_4_layer/render-nxjjm80k] Frame 50/72 started; angle=245
2026-09-26T04:40:11.167+00:00 [stm32_board_4_layer/render-nxjjm80k] Frame 50 stdout: Loading…
Build board outline

Create layers
Create tracks and vias
Create zones
Build Tech layers
Build Tech layer 11
Build Tech layer 9
Build Tech layer 15
Build Tech layer 13
Build Tech layer 7
Build Tech layer 5
Build Tech layer 3
Build Tech layer 1
Build Tech layer 17
Build Tech layer 19
Build Tech layer 21
Build Tech layer 23
Build Tech layer 39
Build Tech layer 41
Build Tech layer 43
Build Tech layer 45
Build Tech layer 47
Build Tech layer 49
Build Tech layer 51
Build Tech layer 53
Build Tech layer 55
Build Tech layer 57
Build Tech layer 59
Build Tech layer 61
Build Tech layer 63
Build Tech layer 65
Build Tech layer 67
Build Tech layer 69
Build Tech layer 71
Build Tech layer 73
Build Tech layer 75
Build Tech layer 77
Build Tech layer 79
Build Tech layer 81
Build Tech layer 83
Build Tech layer 85
Build Tech layer 87
Build Tech layer 89
Build Tech layer 91
Build Tech layer 93
Build Tech layer 95
Build Tech layer 97
Build Tech layer 99
Build Tech layer 101
Build Tech layer 103
Build Tech layer 105
Build Tech layer 107
Build Tech layer 109
Build Tech layer 111
Build Tech layer 113
Build Tech layer 115
Build Tech layer 117
Build Tech layer 119
Build Tech layer 121
Build Tech layer 123
Build Tech layer 125
Build Tech layer 127
Simplifying copper layer polygons
Calculating plated copper
Simplify holes contours
Build BVH for holes and vias
Load Raytracing: board
Load Raytracing: layers
Loading 3D models...
Reload time 0.412 s
Rendering: 100 %
Rendering time 0.091 s
Successfully created 3D render image
2026-09-26T04:40:11.174+00:00 [stm32_board_4_layer/render-nxjjm80k] Frame 50/72 finished in 1.125s
2026-09-26T04:40:11.174+00:00 [stm32_board_4_layer/render-nxjjm80k] Frame 51/72 started; angle=250
2026-09-26T04:40:12.196+00:00 [stm32_board_4_layer/render-nxjjm80k] Frame 51 stdout: Loading…
Build board outline

Create layers
Create tracks and vias
Create zones
Build Tech layers
Build Tech layer 11
Build Tech layer 9
Build Tech layer 15
Build Tech layer 13
Build Tech layer 7
Build Tech layer 5
Build Tech layer 3
Build Tech layer 1
Build Tech layer 17
Build Tech layer 19
Build Tech layer 21
Build Tech layer 23
Build Tech layer 39
Build Tech layer 41
Build Tech layer 43
Build Tech layer 45
Build Tech layer 47
Build Tech layer 49
Build Tech layer 51
Build Tech layer 53
Build Tech layer 55
Build Tech layer 57
Build Tech layer 59
Build Tech layer 61
Build Tech layer 63
Build Tech layer 65
Build Tech layer 67
Build Tech layer 69
Build Tech layer 71
Build Tech layer 73
Build Tech layer 75
Build Tech layer 77
Build Tech layer 79
Build Tech layer 81
Build Tech layer 83
Build Tech layer 85
Build Tech layer 87
Build Tech layer 89
Build Tech layer 91
Build Tech layer 93
Build Tech layer 95
Build Tech layer 97
Build Tech layer 99
Build Tech layer 101
Build Tech layer 103
Build Tech layer 105
Build Tech layer 107
Build Tech layer 109
Build Tech layer 111
Build Tech layer 113
Build Tech layer 115
Build Tech layer 117
Build Tech layer 119
Build Tech layer 121
Build Tech layer 123
Build Tech layer 125
Build Tech layer 127
Simplifying copper layer polygons
Calculating plated copper
Simplify holes contours
Build BVH for holes and vias
Load Raytracing: board
Load Raytracing: layers
Loading 3D models...
Reload time 0.410 s
Rendering: 100 %
Rendering time 0.079 s
Successfully created 3D render image
2026-09-26T04:40:12.203+00:00 [stm32_board_4_layer/render-nxjjm80k] Frame 51/72 finished in 1.029s
2026-09-26T04:40:12.203+00:00 [stm32_board_4_layer/render-nxjjm80k] Frame 52/72 started; angle=255
2026-09-26T04:40:13.374+00:00 [stm32_board_4_layer/render-nxjjm80k] Frame 52 stdout: Loading…
Build board outline

Create layers
Create tracks and vias
Create zones
Build Tech layers
Build Tech layer 11
Build Tech layer 9
Build Tech layer 15
Build Tech layer 13
Build Tech layer 7
Build Tech layer 5
Build Tech layer 3
Build Tech layer 1
Build Tech layer 17
Build Tech layer 19
Build Tech layer 21
Build Tech layer 23
Build Tech layer 39
Build Tech layer 41
Build Tech layer 43
Build Tech layer 45
Build Tech layer 47
Build Tech layer 49
Build Tech layer 51
Build Tech layer 53
Build Tech layer 55
Build Tech layer 57
Build Tech layer 59
Build Tech layer 61
Build Tech layer 63
Build Tech layer 65
Build Tech layer 67
Build Tech layer 69
Build Tech layer 71
Build Tech layer 73
Build Tech layer 75
Build Tech layer 77
Build Tech layer 79
Build Tech layer 81
Build Tech layer 83
Build Tech layer 85
Build Tech layer 87
Build Tech layer 89
Build Tech layer 91
Build Tech layer 93
Build Tech layer 95
Build Tech layer 97
Build Tech layer 99
Build Tech layer 101
Build Tech layer 103
Build Tech layer 105
Build Tech layer 107
Build Tech layer 109
Build Tech layer 111
Build Tech layer 113
Build Tech layer 115
Build Tech layer 117
Build Tech layer 119
Build Tech layer 121
Build Tech layer 123
Build Tech layer 125
Build Tech layer 127
Simplifying copper layer polygons
Calculating plated copper
Simplify holes contours
Build BVH for holes and vias
Load Raytracing: board
Load Raytracing: layers
Loading 3D models...
Reload time 0.431 s
Rendering: 100 %
Rendering time 0.070 s
Successfully created 3D render image
2026-09-26T04:40:13.380+00:00 [stm32_board_4_layer/render-nxjjm80k] Frame 52/72 finished in 1.177s
2026-09-26T04:40:13.380+00:00 [stm32_board_4_layer/render-nxjjm80k] Frame 53/72 started; angle=260
2026-09-26T04:40:14.449+00:00 [stm32_board_4_layer/render-nxjjm80k] Frame 53 stdout: Loading…
Build board outline

Create layers
Create tracks and vias
Create zones
Build Tech layers
Build Tech layer 11
Build Tech layer 9
Build Tech layer 15
Build Tech layer 13
Build Tech layer 7
Build Tech layer 5
Build Tech layer 3
Build Tech layer 1
Build Tech layer 17
Build Tech layer 19
Build Tech layer 21
Build Tech layer 23
Build Tech layer 39
Build Tech layer 41
Build Tech layer 43
Build Tech layer 45
Build Tech layer 47
Build Tech layer 49
Build Tech layer 51
Build Tech layer 53
Build Tech layer 55
Build Tech layer 57
Build Tech layer 59
Build Tech layer 61
Build Tech layer 63
Build Tech layer 65
Build Tech layer 67
Build Tech layer 69
Build Tech layer 71
Build Tech layer 73
Build Tech layer 75
Build Tech layer 77
Build Tech layer 79
Build Tech layer 81
Build Tech layer 83
Build Tech layer 85
Build Tech layer 87
Build Tech layer 89
Build Tech layer 91
Build Tech layer 93
Build Tech layer 95
Build Tech layer 97
Build Tech layer 99
Build Tech layer 101
Build Tech layer 103
Build Tech layer 105
Build Tech layer 107
Build Tech layer 109
Build Tech layer 111
Build Tech layer 113
Build Tech layer 115
Build Tech layer 117
Build Tech layer 119
Build Tech layer 121
Build Tech layer 123
Build Tech layer 125
Build Tech layer 127
Simplifying copper layer polygons
Calculating plated copper
Simplify holes contours
Build BVH for holes and vias
Load Raytracing: board
Load Raytracing: layers
Loading 3D models...
Reload time 0.414 s
Rendering: 100 %
Rendering time 0.059 s
Successfully created 3D render image
2026-09-26T04:40:14.454+00:00 [stm32_board_4_layer/render-nxjjm80k] Frame 53/72 finished in 1.074s
2026-09-26T04:40:14.454+00:00 [stm32_board_4_layer/render-nxjjm80k] Frame 54/72 started; angle=265
2026-09-26T04:40:15.620+00:00 [stm32_board_4_layer/render-nxjjm80k] Frame 54 stdout: Loading…
Build board outline

Create layers
Create tracks and vias
Create zones
Build Tech layers
Build Tech layer 11
Build Tech layer 9
Build Tech layer 15
Build Tech layer 13
Build Tech layer 7
Build Tech layer 5
Build Tech layer 3
Build Tech layer 1
Build Tech layer 17
Build Tech layer 19
Build Tech layer 21
Build Tech layer 23
Build Tech layer 39
Build Tech layer 41
Build Tech layer 43
Build Tech layer 45
Build Tech layer 47
Build Tech layer 49
Build Tech layer 51
Build Tech layer 53
Build Tech layer 55
Build Tech layer 57
Build Tech layer 59
Build Tech layer 61
Build Tech layer 63
Build Tech layer 65
Build Tech layer 67
Build Tech layer 69
Build Tech layer 71
Build Tech layer 73
Build Tech layer 75
Build Tech layer 77
Build Tech layer 79
Build Tech layer 81
Build Tech layer 83
Build Tech layer 85
Build Tech layer 87
Build Tech layer 89
Build Tech layer 91
Build Tech layer 93
Build Tech layer 95
Build Tech layer 97
Build Tech layer 99
Build Tech layer 101
Build Tech layer 103
Build Tech layer 105
Build Tech layer 107
Build Tech layer 109
Build Tech layer 111
Build Tech layer 113
Build Tech layer 115
Build Tech layer 117
Build Tech layer 119
Build Tech layer 121
Build Tech layer 123
Build Tech layer 125
Build Tech layer 127
Simplifying copper layer polygons
Calculating plated copper
Simplify holes contours
Build BVH for holes and vias
Load Raytracing: board
Load Raytracing: layers
Loading 3D models...
Reload time 0.419 s
Rendering: 100 %
Rendering time 0.046 s
Successfully created 3D render image
2026-09-26T04:40:15.626+00:00 [stm32_board_4_layer/render-nxjjm80k] Frame 54/72 finished in 1.171s
2026-09-26T04:40:15.626+00:00 [stm32_board_4_layer/render-nxjjm80k] Frame 55/72 started; angle=270
2026-09-26T04:40:16.671+00:00 [stm32_board_4_layer/render-nxjjm80k] Frame 55 stdout: Loading…
Build board outline

Create layers
Create tracks and vias
Create zones
Build Tech layers
Build Tech layer 11
Build Tech layer 9
Build Tech layer 15
Build Tech layer 13
Build Tech layer 7
Build Tech layer 5
Build Tech layer 3
Build Tech layer 1
Build Tech layer 17
Build Tech layer 19
Build Tech layer 21
Build Tech layer 23
Build Tech layer 39
Build Tech layer 41
Build Tech layer 43
Build Tech layer 45
Build Tech layer 47
Build Tech layer 49
Build Tech layer 51
Build Tech layer 53
Build Tech layer 55
Build Tech layer 57
Build Tech layer 59
Build Tech layer 61
Build Tech layer 63
Build Tech layer 65
Build Tech layer 67
Build Tech layer 69
Build Tech layer 71
Build Tech layer 73
Build Tech layer 75
Build Tech layer 77
Build Tech layer 79
Build Tech layer 81
Build Tech layer 83
Build Tech layer 85
Build Tech layer 87
Build Tech layer 89
Build Tech layer 91
Build Tech layer 93
Build Tech layer 95
Build Tech layer 97
Build Tech layer 99
Build Tech layer 101
Build Tech layer 103
Build Tech layer 105
Build Tech layer 107
Build Tech layer 109
Build Tech layer 111
Build Tech layer 113
Build Tech layer 115
Build Tech layer 117
Build Tech layer 119
Build Tech layer 121
Build Tech layer 123
Build Tech layer 125
Build Tech layer 127
Simplifying copper layer polygons
Calculating plated copper
Simplify holes contours
Build BVH for holes and vias
Load Raytracing: board
Load Raytracing: layers
Loading 3D models...
Reload time 0.375 s
Rendering: 100 %
Rendering time 0.027 s
Successfully created 3D render image
2026-09-26T04:40:16.677+00:00 [stm32_board_4_layer/render-nxjjm80k] Frame 55/72 finished in 1.051s
2026-09-26T04:40:16.677+00:00 [stm32_board_4_layer/render-nxjjm80k] Frame 56/72 started; angle=275
2026-09-26T04:40:17.744+00:00 [stm32_board_4_layer/render-nxjjm80k] Frame 56 stdout: Loading…
Build board outline

Create layers
Create tracks and vias
Create zones
Build Tech layers
Build Tech layer 11
Build Tech layer 9
Build Tech layer 15
Build Tech layer 13
Build Tech layer 7
Build Tech layer 5
Build Tech layer 3
Build Tech layer 1
Build Tech layer 17
Build Tech layer 19
Build Tech layer 21
Build Tech layer 23
Build Tech layer 39
Build Tech layer 41
Build Tech layer 43
Build Tech layer 45
Build Tech layer 47
Build Tech layer 49
Build Tech layer 51
Build Tech layer 53
Build Tech layer 55
Build Tech layer 57
Build Tech layer 59
Build Tech layer 61
Build Tech layer 63
Build Tech layer 65
Build Tech layer 67
Build Tech layer 69
Build Tech layer 71
Build Tech layer 73
Build Tech layer 75
Build Tech layer 77
Build Tech layer 79
Build Tech layer 81
Build Tech layer 83
Build Tech layer 85
Build Tech layer 87
Build Tech layer 89
Build Tech layer 91
Build Tech layer 93
Build Tech layer 95
Build Tech layer 97
Build Tech layer 99
Build Tech layer 101
Build Tech layer 103
Build Tech layer 105
Build Tech layer 107
Build Tech layer 109
Build Tech layer 111
Build Tech layer 113
Build Tech layer 115
Build Tech layer 117
Build Tech layer 119
Build Tech layer 121
Build Tech layer 123
Build Tech layer 125
Build Tech layer 127
Simplifying copper layer polygons
Calculating plated copper
Simplify holes contours
Build BVH for holes and vias
Load Raytracing: board
Load Raytracing: layers
Loading 3D models...
Reload time 0.383 s
Rendering: 100 %
Rendering time 0.040 s
Successfully created 3D render image
2026-09-26T04:40:17.751+00:00 [stm32_board_4_layer/render-nxjjm80k] Frame 56/72 finished in 1.074s
2026-09-26T04:40:17.751+00:00 [stm32_board_4_layer/render-nxjjm80k] Frame 57/72 started; angle=280
2026-09-26T04:40:18.852+00:00 [stm32_board_4_layer/render-nxjjm80k] Frame 57 stdout: Loading…
Build board outline

Create layers
Create tracks and vias
Create zones
Build Tech layers
Build Tech layer 11
Build Tech layer 9
Build Tech layer 15
Build Tech layer 13
Build Tech layer 7
Build Tech layer 5
Build Tech layer 3
Build Tech layer 1
Build Tech layer 17
Build Tech layer 19
Build Tech layer 21
Build Tech layer 23
Build Tech layer 39
Build Tech layer 41
Build Tech layer 43
Build Tech layer 45
Build Tech layer 47
Build Tech layer 49
Build Tech layer 51
Build Tech layer 53
Build Tech layer 55
Build Tech layer 57
Build Tech layer 59
Build Tech layer 61
Build Tech layer 63
Build Tech layer 65
Build Tech layer 67
Build Tech layer 69
Build Tech layer 71
Build Tech layer 73
Build Tech layer 75
Build Tech layer 77
Build Tech layer 79
Build Tech layer 81
Build Tech layer 83
Build Tech layer 85
Build Tech layer 87
Build Tech layer 89
Build Tech layer 91
Build Tech layer 93
Build Tech layer 95
Build Tech layer 97
Build Tech layer 99
Build Tech layer 101
Build Tech layer 103
Build Tech layer 105
Build Tech layer 107
Build Tech layer 109
Build Tech layer 111
Build Tech layer 113
Build Tech layer 115
Build Tech layer 117
Build Tech layer 119
Build Tech layer 121
Build Tech layer 123
Build Tech layer 125
Build Tech layer 127
Simplifying copper layer polygons
Calculating plated copper
Simplify holes contours
Build BVH for holes and vias
Load Raytracing: board
Load Raytracing: layers
Loading 3D models...
Reload time 0.383 s
Rendering: 100 %
Rendering time 0.054 s
Successfully created 3D render image
2026-09-26T04:40:18.859+00:00 [stm32_board_4_layer/render-nxjjm80k] Frame 57/72 finished in 1.108s
2026-09-26T04:40:18.859+00:00 [stm32_board_4_layer/render-nxjjm80k] Frame 58/72 started; angle=285
2026-09-26T04:40:20.060+00:00 [stm32_board_4_layer/render-nxjjm80k] Frame 58 stdout: Loading…
Build board outline

Create layers
Create tracks and vias
Create zones
Build Tech layers
Build Tech layer 11
Build Tech layer 9
Build Tech layer 15
Build Tech layer 13
Build Tech layer 7
Build Tech layer 5
Build Tech layer 3
Build Tech layer 1
Build Tech layer 17
Build Tech layer 19
Build Tech layer 21
Build Tech layer 23
Build Tech layer 39
Build Tech layer 41
Build Tech layer 43
Build Tech layer 45
Build Tech layer 47
Build Tech layer 49
Build Tech layer 51
Build Tech layer 53
Build Tech layer 55
Build Tech layer 57
Build Tech layer 59
Build Tech layer 61
Build Tech layer 63
Build Tech layer 65
Build Tech layer 67
Build Tech layer 69
Build Tech layer 71
Build Tech layer 73
Build Tech layer 75
Build Tech layer 77
Build Tech layer 79
Build Tech layer 81
Build Tech layer 83
Build Tech layer 85
Build Tech layer 87
Build Tech layer 89
Build Tech layer 91
Build Tech layer 93
Build Tech layer 95
Build Tech layer 97
Build Tech layer 99
Build Tech layer 101
Build Tech layer 103
Build Tech layer 105
Build Tech layer 107
Build Tech layer 109
Build Tech layer 111
Build Tech layer 113
Build Tech layer 115
Build Tech layer 117
Build Tech layer 119
Build Tech layer 121
Build Tech layer 123
Build Tech layer 125
Build Tech layer 127
Simplifying copper layer polygons
Calculating plated copper
Simplify holes contours
Build BVH for holes and vias
Load Raytracing: board
Load Raytracing: layers
Loading 3D models...
Reload time 0.423 s
Rendering: 100 %
Rendering time 0.065 s
Successfully created 3D render image
2026-09-26T04:40:20.067+00:00 [stm32_board_4_layer/render-nxjjm80k] Frame 58/72 finished in 1.209s
2026-09-26T04:40:20.068+00:00 [stm32_board_4_layer/render-nxjjm80k] Frame 59/72 started; angle=290
2026-09-26T04:40:21.192+00:00 [stm32_board_4_layer/render-nxjjm80k] Frame 59 stdout: Loading…
Build board outline

Create layers
Create tracks and vias
Create zones
Build Tech layers
Build Tech layer 11
Build Tech layer 9
Build Tech layer 15
Build Tech layer 13
Build Tech layer 7
Build Tech layer 5
Build Tech layer 3
Build Tech layer 1
Build Tech layer 17
Build Tech layer 19
Build Tech layer 21
Build Tech layer 23
Build Tech layer 39
Build Tech layer 41
Build Tech layer 43
Build Tech layer 45
Build Tech layer 47
Build Tech layer 49
Build Tech layer 51
Build Tech layer 53
Build Tech layer 55
Build Tech layer 57
Build Tech layer 59
Build Tech layer 61
Build Tech layer 63
Build Tech layer 65
Build Tech layer 67
Build Tech layer 69
Build Tech layer 71
Build Tech layer 73
Build Tech layer 75
Build Tech layer 77
Build Tech layer 79
Build Tech layer 81
Build Tech layer 83
Build Tech layer 85
Build Tech layer 87
Build Tech layer 89
Build Tech layer 91
Build Tech layer 93
Build Tech layer 95
Build Tech layer 97
Build Tech layer 99
Build Tech layer 101
Build Tech layer 103
Build Tech layer 105
Build Tech layer 107
Build Tech layer 109
Build Tech layer 111
Build Tech layer 113
Build Tech layer 115
Build Tech layer 117
Build Tech layer 119
Build Tech layer 121
Build Tech layer 123
Build Tech layer 125
Build Tech layer 127
Simplifying copper layer polygons
Calculating plated copper
Simplify holes contours
Build BVH for holes and vias
Load Raytracing: board
Load Raytracing: layers
Loading 3D models...
Reload time 0.386 s
Rendering: 100 %
Rendering time 0.074 s
Successfully created 3D render image
2026-09-26T04:40:21.200+00:00 [stm32_board_4_layer/render-nxjjm80k] Frame 59/72 finished in 1.132s
2026-09-26T04:40:21.200+00:00 [stm32_board_4_layer/render-nxjjm80k] Frame 60/72 started; angle=295
2026-09-26T04:40:22.313+00:00 [stm32_board_4_layer/render-nxjjm80k] Frame 60 stdout: Loading…
Build board outline

Create layers
Create tracks and vias
Create zones
Build Tech layers
Build Tech layer 11
Build Tech layer 9
Build Tech layer 15
Build Tech layer 13
Build Tech layer 7
Build Tech layer 5
Build Tech layer 3
Build Tech layer 1
Build Tech layer 17
Build Tech layer 19
Build Tech layer 21
Build Tech layer 23
Build Tech layer 39
Build Tech layer 41
Build Tech layer 43
Build Tech layer 45
Build Tech layer 47
Build Tech layer 49
Build Tech layer 51
Build Tech layer 53
Build Tech layer 55
Build Tech layer 57
Build Tech layer 59
Build Tech layer 61
Build Tech layer 63
Build Tech layer 65
Build Tech layer 67
Build Tech layer 69
Build Tech layer 71
Build Tech layer 73
Build Tech layer 75
Build Tech layer 77
Build Tech layer 79
Build Tech layer 81
Build Tech layer 83
Build Tech layer 85
Build Tech layer 87
Build Tech layer 89
Build Tech layer 91
Build Tech layer 93
Build Tech layer 95
Build Tech layer 97
Build Tech layer 99
Build Tech layer 101
Build Tech layer 103
Build Tech layer 105
Build Tech layer 107
Build Tech layer 109
Build Tech layer 111
Build Tech layer 113
Build Tech layer 115
Build Tech layer 117
Build Tech layer 119
Build Tech layer 121
Build Tech layer 123
Build Tech layer 125
Build Tech layer 127
Simplifying copper layer polygons
Calculating plated copper
Simplify holes contours
Build BVH for holes and vias
Load Raytracing: board
Load Raytracing: layers
Loading 3D models...
Reload time 0.376 s
Rendering: 100 %
Rendering time 0.081 s
Successfully created 3D render image
2026-09-26T04:40:22.322+00:00 [stm32_board_4_layer/render-nxjjm80k] Frame 60/72 finished in 1.122s
2026-09-26T04:40:22.322+00:00 [stm32_board_4_layer/render-nxjjm80k] Frame 61/72 started; angle=300
2026-09-26T04:40:23.441+00:00 [stm32_board_4_layer/render-nxjjm80k] Frame 61 stdout: Loading…
Build board outline

Create layers
Create tracks and vias
Create zones
Build Tech layers
Build Tech layer 11
Build Tech layer 9
Build Tech layer 15
Build Tech layer 13
Build Tech layer 7
Build Tech layer 5
Build Tech layer 3
Build Tech layer 1
Build Tech layer 17
Build Tech layer 19
Build Tech layer 21
Build Tech layer 23
Build Tech layer 39
Build Tech layer 41
Build Tech layer 43
Build Tech layer 45
Build Tech layer 47
Build Tech layer 49
Build Tech layer 51
Build Tech layer 53
Build Tech layer 55
Build Tech layer 57
Build Tech layer 59
Build Tech layer 61
Build Tech layer 63
Build Tech layer 65
Build Tech layer 67
Build Tech layer 69
Build Tech layer 71
Build Tech layer 73
Build Tech layer 75
Build Tech layer 77
Build Tech layer 79
Build Tech layer 81
Build Tech layer 83
Build Tech layer 85
Build Tech layer 87
Build Tech layer 89
Build Tech layer 91
Build Tech layer 93
Build Tech layer 95
Build Tech layer 97
Build Tech layer 99
Build Tech layer 101
Build Tech layer 103
Build Tech layer 105
Build Tech layer 107
Build Tech layer 109
Build Tech layer 111
Build Tech layer 113
Build Tech layer 115
Build Tech layer 117
Build Tech layer 119
Build Tech layer 121
Build Tech layer 123
Build Tech layer 125
Build Tech layer 127
Simplifying copper layer polygons
Calculating plated copper
Simplify holes contours
Build BVH for holes and vias
Load Raytracing: board
Load Raytracing: layers
Loading 3D models...
Reload time 0.371 s
Rendering: 100 %
Rendering time 0.091 s
Successfully created 3D render image
2026-09-26T04:40:23.450+00:00 [stm32_board_4_layer/render-nxjjm80k] Frame 61/72 finished in 1.128s
2026-09-26T04:40:23.450+00:00 [stm32_board_4_layer/render-nxjjm80k] Frame 62/72 started; angle=305
2026-09-26T04:40:24.534+00:00 [stm32_board_4_layer/render-nxjjm80k] Frame 62 stdout: Loading…
Build board outline

Create layers
Create tracks and vias
Create zones
Build Tech layers
Build Tech layer 11
Build Tech layer 9
Build Tech layer 15
Build Tech layer 13
Build Tech layer 7
Build Tech layer 5
Build Tech layer 3
Build Tech layer 1
Build Tech layer 17
Build Tech layer 19
Build Tech layer 21
Build Tech layer 23
Build Tech layer 39
Build Tech layer 41
Build Tech layer 43
Build Tech layer 45
Build Tech layer 47
Build Tech layer 49
Build Tech layer 51
Build Tech layer 53
Build Tech layer 55
Build Tech layer 57
Build Tech layer 59
Build Tech layer 61
Build Tech layer 63
Build Tech layer 65
Build Tech layer 67
Build Tech layer 69
Build Tech layer 71
Build Tech layer 73
Build Tech layer 75
Build Tech layer 77
Build Tech layer 79
Build Tech layer 81
Build Tech layer 83
Build Tech layer 85
Build Tech layer 87
Build Tech layer 89
Build Tech layer 91
Build Tech layer 93
Build Tech layer 95
Build Tech layer 97
Build Tech layer 99
Build Tech layer 101
Build Tech layer 103
Build Tech layer 105
Build Tech layer 107
Build Tech layer 109
Build Tech layer 111
Build Tech layer 113
Build Tech layer 115
Build Tech layer 117
Build Tech layer 119
Build Tech layer 121
Build Tech layer 123
Build Tech layer 125
Build Tech layer 127
Simplifying copper layer polygons
Calculating plated copper
Simplify holes contours
Build BVH for holes and vias
Load Raytracing: board
Load Raytracing: layers
Loading 3D models...
Reload time 0.365 s
Rendering: 100 %
Rendering time 0.104 s
Successfully created 3D render image
2026-09-26T04:40:24.542+00:00 [stm32_board_4_layer/render-nxjjm80k] Frame 62/72 finished in 1.092s
2026-09-26T04:40:24.543+00:00 [stm32_board_4_layer/render-nxjjm80k] Frame 63/72 started; angle=310
2026-09-26T04:40:25.646+00:00 [stm32_board_4_layer/render-nxjjm80k] Frame 63 stdout: Loading…
Build board outline

Create layers
Create tracks and vias
Create zones
Build Tech layers
Build Tech layer 11
Build Tech layer 9
Build Tech layer 15
Build Tech layer 13
Build Tech layer 7
Build Tech layer 5
Build Tech layer 3
Build Tech layer 1
Build Tech layer 17
Build Tech layer 19
Build Tech layer 21
Build Tech layer 23
Build Tech layer 39
Build Tech layer 41
Build Tech layer 43
Build Tech layer 45
Build Tech layer 47
Build Tech layer 49
Build Tech layer 51
Build Tech layer 53
Build Tech layer 55
Build Tech layer 57
Build Tech layer 59
Build Tech layer 61
Build Tech layer 63
Build Tech layer 65
Build Tech layer 67
Build Tech layer 69
Build Tech layer 71
Build Tech layer 73
Build Tech layer 75
Build Tech layer 77
Build Tech layer 79
Build Tech layer 81
Build Tech layer 83
Build Tech layer 85
Build Tech layer 87
Build Tech layer 89
Build Tech layer 91
Build Tech layer 93
Build Tech layer 95
Build Tech layer 97
Build Tech layer 99
Build Tech layer 101
Build Tech layer 103
Build Tech layer 105
Build Tech layer 107
Build Tech layer 109
Build Tech layer 111
Build Tech layer 113
Build Tech layer 115
Build Tech layer 117
Build Tech layer 119
Build Tech layer 121
Build Tech layer 123
Build Tech layer 125
Build Tech layer 127
Simplifying copper layer polygons
Calculating plated copper
Simplify holes contours
Build BVH for holes and vias
Load Raytracing: board
Load Raytracing: layers
Loading 3D models...
Reload time 0.387 s
Rendering: 100 %
Rendering time 0.108 s
Successfully created 3D render image
2026-09-26T04:40:25.656+00:00 [stm32_board_4_layer/render-nxjjm80k] Frame 63/72 finished in 1.113s
2026-09-26T04:40:25.656+00:00 [stm32_board_4_layer/render-nxjjm80k] Frame 64/72 started; angle=315
2026-09-26T04:40:26.813+00:00 [stm32_board_4_layer/render-nxjjm80k] Frame 64 stdout: Loading…
Build board outline

Create layers
Create tracks and vias
Create zones
Build Tech layers
Build Tech layer 11
Build Tech layer 9
Build Tech layer 15
Build Tech layer 13
Build Tech layer 7
Build Tech layer 5
Build Tech layer 3
Build Tech layer 1
Build Tech layer 17
Build Tech layer 19
Build Tech layer 21
Build Tech layer 23
Build Tech layer 39
Build Tech layer 41
Build Tech layer 43
Build Tech layer 45
Build Tech layer 47
Build Tech layer 49
Build Tech layer 51
Build Tech layer 53
Build Tech layer 55
Build Tech layer 57
Build Tech layer 59
Build Tech layer 61
Build Tech layer 63
Build Tech layer 65
Build Tech layer 67
Build Tech layer 69
Build Tech layer 71
Build Tech layer 73
Build Tech layer 75
Build Tech layer 77
Build Tech layer 79
Build Tech layer 81
Build Tech layer 83
Build Tech layer 85
Build Tech layer 87
Build Tech layer 89
Build Tech layer 91
Build Tech layer 93
Build Tech layer 95
Build Tech layer 97
Build Tech layer 99
Build Tech layer 101
Build Tech layer 103
Build Tech layer 105
Build Tech layer 107
Build Tech layer 109
Build Tech layer 111
Build Tech layer 113
Build Tech layer 115
Build Tech layer 117
Build Tech layer 119
Build Tech layer 121
Build Tech layer 123
Build Tech layer 125
Build Tech layer 127
Simplifying copper layer polygons
Calculating plated copper
Simplify holes contours
Build BVH for holes and vias
Load Raytracing: board
Load Raytracing: layers
Loading 3D models...
Reload time 0.386 s
Rendering: 100 %
Rendering time 0.123 s
Successfully created 3D render image
2026-09-26T04:40:26.822+00:00 [stm32_board_4_layer/render-nxjjm80k] Frame 64/72 finished in 1.167s
2026-09-26T04:40:26.822+00:00 [stm32_board_4_layer/render-nxjjm80k] Frame 65/72 started; angle=320
2026-09-26T04:40:27.983+00:00 [stm32_board_4_layer/render-nxjjm80k] Frame 65 stdout: Loading…
Build board outline

Create layers
Create tracks and vias
Create zones
Build Tech layers
Build Tech layer 11
Build Tech layer 9
Build Tech layer 15
Build Tech layer 13
Build Tech layer 7
Build Tech layer 5
Build Tech layer 3
Build Tech layer 1
Build Tech layer 17
Build Tech layer 19
Build Tech layer 21
Build Tech layer 23
Build Tech layer 39
Build Tech layer 41
Build Tech layer 43
Build Tech layer 45
Build Tech layer 47
Build Tech layer 49
Build Tech layer 51
Build Tech layer 53
Build Tech layer 55
Build Tech layer 57
Build Tech layer 59
Build Tech layer 61
Build Tech layer 63
Build Tech layer 65
Build Tech layer 67
Build Tech layer 69
Build Tech layer 71
Build Tech layer 73
Build Tech layer 75
Build Tech layer 77
Build Tech layer 79
Build Tech layer 81
Build Tech layer 83
Build Tech layer 85
Build Tech layer 87
Build Tech layer 89
Build Tech layer 91
Build Tech layer 93
Build Tech layer 95
Build Tech layer 97
Build Tech layer 99
Build Tech layer 101
Build Tech layer 103
Build Tech layer 105
Build Tech layer 107
Build Tech layer 109
Build Tech layer 111
Build Tech layer 113
Build Tech layer 115
Build Tech layer 117
Build Tech layer 119
Build Tech layer 121
Build Tech layer 123
Build Tech layer 125
Build Tech layer 127
Simplifying copper layer polygons
Calculating plated copper
Simplify holes contours
Build BVH for holes and vias
Load Raytracing: board
Load Raytracing: layers
Loading 3D models...
Reload time 0.396 s
Rendering: 100 %
Rendering time 0.126 s
Successfully created 3D render image
2026-09-26T04:40:27.993+00:00 [stm32_board_4_layer/render-nxjjm80k] Frame 65/72 finished in 1.171s
2026-09-26T04:40:27.993+00:00 [stm32_board_4_layer/render-nxjjm80k] Frame 66/72 started; angle=325
2026-09-26T04:40:29.147+00:00 [stm32_board_4_layer/render-nxjjm80k] Frame 66 stdout: Loading…
Build board outline

Create layers
Create tracks and vias
Create zones
Build Tech layers
Build Tech layer 11
Build Tech layer 9
Build Tech layer 15
Build Tech layer 13
Build Tech layer 7
Build Tech layer 5
Build Tech layer 3
Build Tech layer 1
Build Tech layer 17
Build Tech layer 19
Build Tech layer 21
Build Tech layer 23
Build Tech layer 39
Build Tech layer 41
Build Tech layer 43
Build Tech layer 45
Build Tech layer 47
Build Tech layer 49
Build Tech layer 51
Build Tech layer 53
Build Tech layer 55
Build Tech layer 57
Build Tech layer 59
Build Tech layer 61
Build Tech layer 63
Build Tech layer 65
Build Tech layer 67
Build Tech layer 69
Build Tech layer 71
Build Tech layer 73
Build Tech layer 75
Build Tech layer 77
Build Tech layer 79
Build Tech layer 81
Build Tech layer 83
Build Tech layer 85
Build Tech layer 87
Build Tech layer 89
Build Tech layer 91
Build Tech layer 93
Build Tech layer 95
Build Tech layer 97
Build Tech layer 99
Build Tech layer 101
Build Tech layer 103
Build Tech layer 105
Build Tech layer 107
Build Tech layer 109
Build Tech layer 111
Build Tech layer 113
Build Tech layer 115
Build Tech layer 117
Build Tech layer 119
Build Tech layer 121
Build Tech layer 123
Build Tech layer 125
Build Tech layer 127
Simplifying copper layer polygons
Calculating plated copper
Simplify holes contours
Build BVH for holes and vias
Load Raytracing: board
Load Raytracing: layers
Loading 3D models...
Reload time 0.382 s
Rendering: 100 %
Rendering time 0.125 s
Successfully created 3D render image
2026-09-26T04:40:29.158+00:00 [stm32_board_4_layer/render-nxjjm80k] Frame 66/72 finished in 1.165s
2026-09-26T04:40:29.158+00:00 [stm32_board_4_layer/render-nxjjm80k] Frame 67/72 started; angle=330
2026-09-26T04:40:30.289+00:00 [stm32_board_4_layer/render-nxjjm80k] Frame 67 stdout: Loading…
Build board outline

Create layers
Create tracks and vias
Create zones
Build Tech layers
Build Tech layer 11
Build Tech layer 9
Build Tech layer 15
Build Tech layer 13
Build Tech layer 7
Build Tech layer 5
Build Tech layer 3
Build Tech layer 1
Build Tech layer 17
Build Tech layer 19
Build Tech layer 21
Build Tech layer 23
Build Tech layer 39
Build Tech layer 41
Build Tech layer 43
Build Tech layer 45
Build Tech layer 47
Build Tech layer 49
Build Tech layer 51
Build Tech layer 53
Build Tech layer 55
Build Tech layer 57
Build Tech layer 59
Build Tech layer 61
Build Tech layer 63
Build Tech layer 65
Build Tech layer 67
Build Tech layer 69
Build Tech layer 71
Build Tech layer 73
Build Tech layer 75
Build Tech layer 77
Build Tech layer 79
Build Tech layer 81
Build Tech layer 83
Build Tech layer 85
Build Tech layer 87
Build Tech layer 89
Build Tech layer 91
Build Tech layer 93
Build Tech layer 95
Build Tech layer 97
Build Tech layer 99
Build Tech layer 101
Build Tech layer 103
Build Tech layer 105
Build Tech layer 107
Build Tech layer 109
Build Tech layer 111
Build Tech layer 113
Build Tech layer 115
Build Tech layer 117
Build Tech layer 119
Build Tech layer 121
Build Tech layer 123
Build Tech layer 125
Build Tech layer 127
Simplifying copper layer polygons
Calculating plated copper
Simplify holes contours
Build BVH for holes and vias
Load Raytracing: board
Load Raytracing: layers
Loading 3D models...
Reload time 0.373 s
Rendering: 100 %
Rendering time 0.129 s
Successfully created 3D render image
2026-09-26T04:40:30.299+00:00 [stm32_board_4_layer/render-nxjjm80k] Frame 67/72 finished in 1.141s
2026-09-26T04:40:30.299+00:00 [stm32_board_4_layer/render-nxjjm80k] Frame 68/72 started; angle=335
2026-09-26T04:40:31.435+00:00 [stm32_board_4_layer/render-nxjjm80k] Frame 68 stdout: Loading…
Build board outline

Create layers
Create tracks and vias
Create zones
Build Tech layers
Build Tech layer 11
Build Tech layer 9
Build Tech layer 15
Build Tech layer 13
Build Tech layer 7
Build Tech layer 5
Build Tech layer 3
Build Tech layer 1
Build Tech layer 17
Build Tech layer 19
Build Tech layer 21
Build Tech layer 23
Build Tech layer 39
Build Tech layer 41
Build Tech layer 43
Build Tech layer 45
Build Tech layer 47
Build Tech layer 49
Build Tech layer 51
Build Tech layer 53
Build Tech layer 55
Build Tech layer 57
Build Tech layer 59
Build Tech layer 61
Build Tech layer 63
Build Tech layer 65
Build Tech layer 67
Build Tech layer 69
Build Tech layer 71
Build Tech layer 73
Build Tech layer 75
Build Tech layer 77
Build Tech layer 79
Build Tech layer 81
Build Tech layer 83
Build Tech layer 85
Build Tech layer 87
Build Tech layer 89
Build Tech layer 91
Build Tech layer 93
Build Tech layer 95
Build Tech layer 97
Build Tech layer 99
Build Tech layer 101
Build Tech layer 103
Build Tech layer 105
Build Tech layer 107
Build Tech layer 109
Build Tech layer 111
Build Tech layer 113
Build Tech layer 115
Build Tech layer 117
Build Tech layer 119
Build Tech layer 121
Build Tech layer 123
Build Tech layer 125
Build Tech layer 127
Simplifying copper layer polygons
Calculating plated copper
Simplify holes contours
Build BVH for holes and vias
Load Raytracing: board
Load Raytracing: layers
Loading 3D models...
Reload time 0.369 s
Rendering: 100 %
Rendering time 0.134 s
Successfully created 3D render image
2026-09-26T04:40:31.444+00:00 [stm32_board_4_layer/render-nxjjm80k] Frame 68/72 finished in 1.145s
2026-09-26T04:40:31.444+00:00 [stm32_board_4_layer/render-nxjjm80k] Frame 69/72 started; angle=340
2026-09-26T04:40:32.581+00:00 [stm32_board_4_layer/render-nxjjm80k] Frame 69 stdout: Loading…
Build board outline

Create layers
Create tracks and vias
Create zones
Build Tech layers
Build Tech layer 11
Build Tech layer 9
Build Tech layer 15
Build Tech layer 13
Build Tech layer 7
Build Tech layer 5
Build Tech layer 3
Build Tech layer 1
Build Tech layer 17
Build Tech layer 19
Build Tech layer 21
Build Tech layer 23
Build Tech layer 39
Build Tech layer 41
Build Tech layer 43
Build Tech layer 45
Build Tech layer 47
Build Tech layer 49
Build Tech layer 51
Build Tech layer 53
Build Tech layer 55
Build Tech layer 57
Build Tech layer 59
Build Tech layer 61
Build Tech layer 63
Build Tech layer 65
Build Tech layer 67
Build Tech layer 69
Build Tech layer 71
Build Tech layer 73
Build Tech layer 75
Build Tech layer 77
Build Tech layer 79
Build Tech layer 81
Build Tech layer 83
Build Tech layer 85
Build Tech layer 87
Build Tech layer 89
Build Tech layer 91
Build Tech layer 93
Build Tech layer 95
Build Tech layer 97
Build Tech layer 99
Build Tech layer 101
Build Tech layer 103
Build Tech layer 105
Build Tech layer 107
Build Tech layer 109
Build Tech layer 111
Build Tech layer 113
Build Tech layer 115
Build Tech layer 117
Build Tech layer 119
Build Tech layer 121
Build Tech layer 123
Build Tech layer 125
Build Tech layer 127
Simplifying copper layer polygons
Calculating plated copper
Simplify holes contours
Build BVH for holes and vias
Load Raytracing: board
Load Raytracing: layers
Loading 3D models...
Reload time 0.373 s
Rendering: 100 %
Rendering time 0.135 s
Successfully created 3D render image
2026-09-26T04:40:32.592+00:00 [stm32_board_4_layer/render-nxjjm80k] Frame 69/72 finished in 1.147s
2026-09-26T04:40:32.592+00:00 [stm32_board_4_layer/render-nxjjm80k] Frame 70/72 started; angle=345
2026-09-26T04:40:33.778+00:00 [stm32_board_4_layer/render-nxjjm80k] Frame 70 stdout: Loading…
Build board outline

Create layers
Create tracks and vias
Create zones
Build Tech layers
Build Tech layer 11
Build Tech layer 9
Build Tech layer 15
Build Tech layer 13
Build Tech layer 7
Build Tech layer 5
Build Tech layer 3
Build Tech layer 1
Build Tech layer 17
Build Tech layer 19
Build Tech layer 21
Build Tech layer 23
Build Tech layer 39
Build Tech layer 41
Build Tech layer 43
Build Tech layer 45
Build Tech layer 47
Build Tech layer 49
Build Tech layer 51
Build Tech layer 53
Build Tech layer 55
Build Tech layer 57
Build Tech layer 59
Build Tech layer 61
Build Tech layer 63
Build Tech layer 65
Build Tech layer 67
Build Tech layer 69
Build Tech layer 71
Build Tech layer 73
Build Tech layer 75
Build Tech layer 77
Build Tech layer 79
Build Tech layer 81
Build Tech layer 83
Build Tech layer 85
Build Tech layer 87
Build Tech layer 89
Build Tech layer 91
Build Tech layer 93
Build Tech layer 95
Build Tech layer 97
Build Tech layer 99
Build Tech layer 101
Build Tech layer 103
Build Tech layer 105
Build Tech layer 107
Build Tech layer 109
Build Tech layer 111
Build Tech layer 113
Build Tech layer 115
Build Tech layer 117
Build Tech layer 119
Build Tech layer 121
Build Tech layer 123
Build Tech layer 125
Build Tech layer 127
Simplifying copper layer polygons
Calculating plated copper
Simplify holes contours
Build BVH for holes and vias
Load Raytracing: board
Load Raytracing: layers
Loading 3D models...
Reload time 0.377 s
Rendering: 100 %
Rendering time 0.139 s
Successfully created 3D render image
2026-09-26T04:40:33.789+00:00 [stm32_board_4_layer/render-nxjjm80k] Frame 70/72 finished in 1.197s
2026-09-26T04:40:33.789+00:00 [stm32_board_4_layer/render-nxjjm80k] Frame 71/72 started; angle=350
2026-09-26T04:40:34.933+00:00 [stm32_board_4_layer/render-nxjjm80k] Frame 71 stdout: Loading…
Build board outline

Create layers
Create tracks and vias
Create zones
Build Tech layers
Build Tech layer 11
Build Tech layer 9
Build Tech layer 15
Build Tech layer 13
Build Tech layer 7
Build Tech layer 5
Build Tech layer 3
Build Tech layer 1
Build Tech layer 17
Build Tech layer 19
Build Tech layer 21
Build Tech layer 23
Build Tech layer 39
Build Tech layer 41
Build Tech layer 43
Build Tech layer 45
Build Tech layer 47
Build Tech layer 49
Build Tech layer 51
Build Tech layer 53
Build Tech layer 55
Build Tech layer 57
Build Tech layer 59
Build Tech layer 61
Build Tech layer 63
Build Tech layer 65
Build Tech layer 67
Build Tech layer 69
Build Tech layer 71
Build Tech layer 73
Build Tech layer 75
Build Tech layer 77
Build Tech layer 79
Build Tech layer 81
Build Tech layer 83
Build Tech layer 85
Build Tech layer 87
Build Tech layer 89
Build Tech layer 91
Build Tech layer 93
Build Tech layer 95
Build Tech layer 97
Build Tech layer 99
Build Tech layer 101
Build Tech layer 103
Build Tech layer 105
Build Tech layer 107
Build Tech layer 109
Build Tech layer 111
Build Tech layer 113
Build Tech layer 115
Build Tech layer 117
Build Tech layer 119
Build Tech layer 121
Build Tech layer 123
Build Tech layer 125
Build Tech layer 127
Simplifying copper layer polygons
Calculating plated copper
Simplify holes contours
Build BVH for holes and vias
Load Raytracing: board
Load Raytracing: layers
Loading 3D models...
Reload time 0.372 s
Rendering: 100 %
Rendering time 0.143 s
Successfully created 3D render image
2026-09-26T04:40:34.944+00:00 [stm32_board_4_layer/render-nxjjm80k] Frame 71/72 finished in 1.154s
2026-09-26T04:40:34.944+00:00 [stm32_board_4_layer/render-nxjjm80k] Frame 72/72 started; angle=355
2026-09-26T04:40:36.108+00:00 [stm32_board_4_layer/render-nxjjm80k] Frame 72 stdout: Loading…
Build board outline

Create layers
Create tracks and vias
Create zones
Build Tech layers
Build Tech layer 11
Build Tech layer 9
Build Tech layer 15
Build Tech layer 13
Build Tech layer 7
Build Tech layer 5
Build Tech layer 3
Build Tech layer 1
Build Tech layer 17
Build Tech layer 19
Build Tech layer 21
Build Tech layer 23
Build Tech layer 39
Build Tech layer 41
Build Tech layer 43
Build Tech layer 45
Build Tech layer 47
Build Tech layer 49
Build Tech layer 51
Build Tech layer 53
Build Tech layer 55
Build Tech layer 57
Build Tech layer 59
Build Tech layer 61
Build Tech layer 63
Build Tech layer 65
Build Tech layer 67
Build Tech layer 69
Build Tech layer 71
Build Tech layer 73
Build Tech layer 75
Build Tech layer 77
Build Tech layer 79
Build Tech layer 81
Build Tech layer 83
Build Tech layer 85
Build Tech layer 87
Build Tech layer 89
Build Tech layer 91
Build Tech layer 93
Build Tech layer 95
Build Tech layer 97
Build Tech layer 99
Build Tech layer 101
Build Tech layer 103
Build Tech layer 105
Build Tech layer 107
Build Tech layer 109
Build Tech layer 111
Build Tech layer 113
Build Tech layer 115
Build Tech layer 117
Build Tech layer 119
Build Tech layer 121
Build Tech layer 123
Build Tech layer 125
Build Tech layer 127
Simplifying copper layer polygons
Calculating plated copper
Simplify holes contours
Build BVH for holes and vias
Load Raytracing: board
Load Raytracing: layers
Loading 3D models...
Reload time 0.385 s
Rendering: 100 %
Rendering time 0.146 s
Successfully created 3D render image
2026-09-26T04:40:36.118+00:00 [stm32_board_4_layer/render-nxjjm80k] Frame 72/72 finished in 1.176s
2026-09-26T04:40:36.470+00:00 [stm32_board_4_layer/render-nxjjm80k] GIF assembly finished in 0.352s; 3073644 bytes
2026-09-26T04:40:36.496+00:00 [stm32_board_4_layer/render-nxjjm80k] GIF uploaded to /boards/kicad/stm32_board_4_layer/updated_pcb_file_spin.gif in 0.026s
2026-09-26T04:40:36.496+00:00 [stm32_board_4_layer/render-nxjjm80k] Elapsed 89.789s; publishing log to /boards/kicad/stm32_board_4_layer/updated_pcb_file_spin.log
